VIDEO,MODEL_TYPE,LitterNET,frame_num,object_id,litter_present,litter_detected,conf
001,YOLOv9s,False,,,True,False,0
002,YOLOv9s,False,285.0,0,True,True,0.31300681829452515
002,YOLOv9s,False,286.0,0,True,True,0.3295537531375885
002,YOLOv9s,False,287.0,0,True,True,0.41206324100494385
002,YOLOv9s,False,288.0,0,True,True,0.45597824454307556
002,YOLOv9s,False,289.0,0,True,True,0.481845498085022
002,YOLOv9s,False,290.0,0,True,True,0.4053487479686737
002,YOLOv9s,False,291.0,0,True,True,0.3697730302810669
002,YOLOv9s,False,292.0,0,True,True,0.384298175573349
002,YOLOv9s,False,293.0,0,True,True,0.37154069542884827
002,YOLOv9s,False,294.0,0,True,True,0.3693391680717468
002,YOLOv9s,False,295.0,0,True,True,0.3934426009654999
002,YOLOv9s,False,296.0,0,True,True,0.4036318063735962
002,YOLOv9s,False,297.0,0,True,True,0.45023465156555176
002,YOLOv9s,False,298.0,0,True,True,0.46048423647880554
002,YOLOv9s,False,299.0,0,True,True,0.4594961702823639
002,YOLOv9s,False,300.0,0,True,True,0.45611000061035156
002,YOLOv9s,False,301.0,0,True,True,0.4609530568122864
002,YOLOv9s,False,302.0,0,True,True,0.45423024892807007
002,YOLOv9s,False,303.0,0,True,True,0.47124674916267395
002,YOLOv9s,False,304.0,0,True,True,0.4739140272140503
002,YOLOv9s,False,305.0,0,True,True,0.4454424977302551
002,YOLOv9s,False,306.0,0,True,True,0.41863077878952026
002,YOLOv9s,False,307.0,0,True,True,0.3987346291542053
002,YOLOv9s,False,308.0,0,True,True,0.36881211400032043
002,YOLOv9s,False,309.0,0,True,True,0.3799348473548889
002,YOLOv9s,False,310.0,0,True,True,0.3688691258430481
002,YOLOv9s,False,311.0,0,True,True,0.3678778409957886
002,YOLOv9s,False,312.0,0,True,True,0.3706749975681305
002,YOLOv9s,False,313.0,0,True,True,0.374864786863327
002,YOLOv9s,False,314.0,0,True,True,0.3771084249019623
002,YOLOv9s,False,315.0,0,True,True,0.372455358505249
002,YOLOv9s,False,316.0,0,True,True,0.3841966390609741
002,YOLOv9s,False,317.0,0,True,True,0.40211522579193115
002,YOLOv9s,False,318.0,0,True,True,0.40693172812461853
002,YOLOv9s,False,319.0,0,True,True,0.4152623414993286
002,YOLOv9s,False,320.0,0,True,True,0.4078177809715271
002,YOLOv9s,False,321.0,0,True,True,0.4033600389957428
002,YOLOv9s,False,322.0,0,True,True,0.406063050031662
002,YOLOv9s,False,323.0,0,True,True,0.4059790074825287
002,YOLOv9s,False,324.0,0,True,True,0.38894662261009216
002,YOLOv9s,False,325.0,0,True,True,0.38828226923942566
002,YOLOv9s,False,326.0,0,True,True,0.37658604979515076
002,YOLOv9s,False,327.0,0,True,True,0.38107413053512573
002,YOLOv9s,False,328.0,0,True,True,0.3789287209510803
002,YOLOv9s,False,329.0,0,True,True,0.37878870964050293
002,YOLOv9s,False,330.0,0,True,True,0.358862042427063
002,YOLOv9s,False,331.0,0,True,True,0.3576994240283966
002,YOLOv9s,False,332.0,0,True,True,0.3586294949054718
002,YOLOv9s,False,333.0,0,True,True,0.350003182888031
002,YOLOv9s,False,334.0,0,True,True,0.36061105132102966
002,YOLOv9s,False,335.0,0,True,True,0.3707200586795807
002,YOLOv9s,False,336.0,0,True,True,0.35699114203453064
002,YOLOv9s,False,337.0,0,True,True,0.3620758354663849
002,YOLOv9s,False,338.0,0,True,True,0.3689626157283783
002,YOLOv9s,False,339.0,0,True,True,0.3848986029624939
002,YOLOv9s,False,340.0,0,True,True,0.3844030201435089
002,YOLOv9s,False,341.0,0,True,True,0.38247498869895935
002,YOLOv9s,False,342.0,0,True,True,0.3745616674423218
002,YOLOv9s,False,343.0,0,True,True,0.3829130530357361
002,YOLOv9s,False,344.0,0,True,True,0.37782514095306396
002,YOLOv9s,False,345.0,0,True,True,0.37647560238838196
002,YOLOv9s,False,346.0,0,True,True,0.37933582067489624
002,YOLOv9s,False,347.0,0,True,True,0.37650254368782043
002,YOLOv9s,False,348.0,0,True,True,0.3785373866558075
002,YOLOv9s,False,349.0,0,True,True,0.38200902938842773
002,YOLOv9s,False,350.0,0,True,True,0.3864210247993469
002,YOLOv9s,False,351.0,0,True,True,0.38270238041877747
002,YOLOv9s,False,352.0,0,True,True,0.3827345073223114
002,YOLOv9s,False,353.0,0,True,True,0.38049858808517456
002,YOLOv9s,False,354.0,0,True,True,0.3787866532802582
002,YOLOv9s,False,355.0,0,True,True,0.38564780354499817
002,YOLOv9s,False,356.0,0,True,True,0.3835630416870117
002,YOLOv9s,False,357.0,0,True,True,0.37769556045532227
002,YOLOv9s,False,358.0,0,True,True,0.3717285692691803
002,YOLOv9s,False,359.0,0,True,True,0.3647702634334564
002,YOLOv9s,False,360.0,0,True,True,0.3661179840564728
002,YOLOv9s,False,361.0,0,True,True,0.3763054609298706
002,YOLOv9s,False,362.0,0,True,True,0.36867356300354004
002,YOLOv9s,False,363.0,0,True,True,0.34467336535453796
002,YOLOv9s,False,364.0,0,True,True,0.34473907947540283
002,YOLOv9s,False,365.0,0,True,True,0.34927400946617126
002,YOLOv9s,False,366.0,0,True,True,0.3575344681739807
002,YOLOv9s,False,367.0,0,True,True,0.35576704144477844
002,YOLOv9s,False,368.0,0,True,True,0.3589494824409485
002,YOLOv9s,False,369.0,0,True,True,0.37488242983818054
002,YOLOv9s,False,370.0,0,True,True,0.3831518590450287
002,YOLOv9s,False,371.0,0,True,True,0.3825211524963379
002,YOLOv9s,False,372.0,0,True,True,0.37406739592552185
002,YOLOv9s,False,373.0,0,True,True,0.3723525404930115
002,YOLOv9s,False,374.0,0,True,True,0.38348448276519775
002,YOLOv9s,False,375.0,0,True,True,0.3799983561038971
002,YOLOv9s,False,376.0,0,True,True,0.371221661567688
002,YOLOv9s,False,377.0,0,True,True,0.38003045320510864
002,YOLOv9s,False,378.0,0,True,True,0.3675800561904907
002,YOLOv9s,False,379.0,0,True,True,0.37029924988746643
002,YOLOv9s,False,380.0,0,True,True,0.3868290185928345
002,YOLOv9s,False,381.0,0,True,True,0.3714331388473511
002,YOLOv9s,False,382.0,0,True,True,0.3728441298007965
002,YOLOv9s,False,383.0,0,True,True,0.37662795186042786
002,YOLOv9s,False,384.0,0,True,True,0.36279216408729553
002,YOLOv9s,False,385.0,0,True,True,0.37709948420524597
002,YOLOv9s,False,386.0,0,True,True,0.38271376490592957
002,YOLOv9s,False,387.0,0,True,True,0.3882473111152649
002,YOLOv9s,False,388.0,0,True,True,0.38195741176605225
002,YOLOv9s,False,389.0,0,True,True,0.36489933729171753
002,YOLOv9s,False,390.0,0,True,True,0.3614955246448517
002,YOLOv9s,False,391.0,0,True,True,0.3636772334575653
002,YOLOv9s,False,392.0,0,True,True,0.3626175820827484
002,YOLOv9s,False,393.0,0,True,True,0.35979390144348145
002,YOLOv9s,False,394.0,0,True,True,0.3642175793647766
002,YOLOv9s,False,395.0,0,True,True,0.3697561025619507
002,YOLOv9s,False,396.0,0,True,True,0.37041330337524414
002,YOLOv9s,False,397.0,0,True,True,0.36853429675102234
002,YOLOv9s,False,398.0,0,True,True,0.3661460876464844
002,YOLOv9s,False,399.0,0,True,True,0.3729569911956787
002,YOLOv9s,False,400.0,0,True,True,0.3787079453468323
002,YOLOv9s,False,401.0,0,True,True,0.3876058757305145
002,YOLOv9s,False,402.0,0,True,True,0.38998112082481384
002,YOLOv9s,False,403.0,0,True,True,0.381539523601532
002,YOLOv9s,False,404.0,0,True,True,0.3909427225589752
002,YOLOv9s,False,405.0,0,True,True,0.39193740487098694
002,YOLOv9s,False,406.0,0,True,True,0.36857080459594727
002,YOLOv9s,False,407.0,0,True,True,0.356101930141449
002,YOLOv9s,False,408.0,0,True,True,0.36479854583740234
002,YOLOv9s,False,409.0,0,True,True,0.36962857842445374
002,YOLOv9s,False,410.0,0,True,True,0.36423203349113464
002,YOLOv9s,False,411.0,0,True,True,0.3746146261692047
002,YOLOv9s,False,412.0,0,True,True,0.36573272943496704
002,YOLOv9s,False,413.0,0,True,True,0.3784772753715515
002,YOLOv9s,False,414.0,0,True,True,0.38425302505493164
002,YOLOv9s,False,415.0,0,True,True,0.3671872913837433
002,YOLOv9s,False,416.0,0,True,True,0.36721956729888916
002,YOLOv9s,False,417.0,0,True,True,0.3669285178184509
002,YOLOv9s,False,418.0,0,True,True,0.3595629632472992
002,YOLOv9s,False,419.0,0,True,True,0.35926753282546997
002,YOLOv9s,False,420.0,0,True,True,0.3660754859447479
002,YOLOv9s,False,421.0,0,True,True,0.363276869058609
002,YOLOv9s,False,422.0,0,True,True,0.3801476061344147
002,YOLOv9s,False,423.0,0,True,True,0.3734675943851471
002,YOLOv9s,False,424.0,0,True,True,0.37307044863700867
002,YOLOv9s,False,425.0,0,True,True,0.36550599336624146
002,YOLOv9s,False,426.0,0,True,True,0.37273895740509033
002,YOLOv9s,False,427.0,0,True,True,0.3683311343193054
002,YOLOv9s,False,428.0,0,True,True,0.36293625831604004
002,YOLOv9s,False,429.0,0,True,True,0.3634166419506073
002,YOLOv9s,False,430.0,0,True,True,0.36383479833602905
002,YOLOv9s,False,431.0,0,True,True,0.3734416961669922
002,YOLOv9s,False,432.0,0,True,True,0.3667551875114441
002,YOLOv9s,False,433.0,0,True,True,0.3714674413204193
002,YOLOv9s,False,434.0,0,True,True,0.3614142835140228
002,YOLOv9s,False,435.0,0,True,True,0.3648732304573059
002,YOLOv9s,False,436.0,0,True,True,0.37406179308891296
002,YOLOv9s,False,437.0,0,True,True,0.3746432363986969
002,YOLOv9s,False,438.0,0,True,True,0.36910662055015564
002,YOLOv9s,False,439.0,0,True,True,0.3628177344799042
002,YOLOv9s,False,440.0,0,True,True,0.35545405745506287
002,YOLOv9s,False,441.0,0,True,True,0.35753148794174194
002,YOLOv9s,False,442.0,0,True,True,0.35136955976486206
002,YOLOv9s,False,443.0,0,True,True,0.36017996072769165
002,YOLOv9s,False,444.0,0,True,True,0.3672095239162445
002,YOLOv9s,False,445.0,0,True,True,0.35745933651924133
002,YOLOv9s,False,446.0,0,True,True,0.3692457675933838
002,YOLOv9s,False,447.0,0,True,True,0.35425546765327454
002,YOLOv9s,False,448.0,0,True,True,0.3546655774116516
002,YOLOv9s,False,449.0,0,True,True,0.348092645406723
002,YOLOv9s,False,450.0,0,True,True,0.3545651137828827
002,YOLOv9s,False,451.0,0,True,True,0.35644227266311646
002,YOLOv9s,False,452.0,0,True,True,0.3570309579372406
002,YOLOv9s,False,453.0,0,True,True,0.3546641767024994
002,YOLOv9s,False,454.0,0,True,True,0.3554217517375946
002,YOLOv9s,False,455.0,0,True,True,0.35516613721847534
002,YOLOv9s,False,456.0,0,True,True,0.36524683237075806
002,YOLOv9s,False,457.0,0,True,True,0.36370712518692017
002,YOLOv9s,False,458.0,0,True,True,0.36530032753944397
002,YOLOv9s,False,459.0,0,True,True,0.36482518911361694
002,YOLOv9s,False,460.0,0,True,True,0.3578583896160126
002,YOLOv9s,False,461.0,0,True,True,0.3673578202724457
002,YOLOv9s,False,462.0,0,True,True,0.3688505291938782
002,YOLOv9s,False,463.0,0,True,True,0.3687170445919037
002,YOLOv9s,False,464.0,0,True,True,0.379183292388916
002,YOLOv9s,False,465.0,0,True,True,0.37984734773635864
002,YOLOv9s,False,466.0,0,True,True,0.3741167187690735
002,YOLOv9s,False,467.0,0,True,True,0.3602464497089386
002,YOLOv9s,False,468.0,0,True,True,0.36687347292900085
002,YOLOv9s,False,469.0,0,True,True,0.3696906566619873
002,YOLOv9s,False,470.0,0,True,True,0.3797810673713684
002,YOLOv9s,False,471.0,0,True,True,0.3935231864452362
002,YOLOv9s,False,472.0,0,True,True,0.38268986344337463
002,YOLOv9s,False,473.0,0,True,True,0.3775332570075989
002,YOLOv9s,False,474.0,0,True,True,0.3867669403553009
002,YOLOv9s,False,475.0,0,True,True,0.38867881894111633
002,YOLOv9s,False,476.0,0,True,True,0.387760728597641
002,YOLOv9s,False,477.0,0,True,True,0.3887746036052704
002,YOLOv9s,False,478.0,0,True,True,0.39358189702033997
002,YOLOv9s,False,479.0,0,True,True,0.3887646496295929
002,YOLOv9s,False,480.0,0,True,True,0.38946372270584106
002,YOLOv9s,False,481.0,0,True,True,0.3990624248981476
002,YOLOv9s,False,482.0,0,True,True,0.38520556688308716
002,YOLOv9s,False,483.0,0,True,True,0.3927086293697357
002,YOLOv9s,False,484.0,0,True,True,0.3897590637207031
002,YOLOv9s,False,485.0,0,True,True,0.3893841803073883
002,YOLOv9s,False,486.0,0,True,True,0.38418421149253845
002,YOLOv9s,False,487.0,0,True,True,0.3771379292011261
002,YOLOv9s,False,488.0,0,True,True,0.38557207584381104
002,YOLOv9s,False,489.0,0,True,True,0.3987436592578888
002,YOLOv9s,False,490.0,0,True,True,0.39613932371139526
002,YOLOv9s,False,491.0,0,True,True,0.39026570320129395
002,YOLOv9s,False,492.0,0,True,True,0.3866281807422638
002,YOLOv9s,False,493.0,0,True,True,0.3965308964252472
002,YOLOv9s,False,494.0,0,True,True,0.39773303270339966
002,YOLOv9s,False,495.0,0,True,True,0.4021666646003723
002,YOLOv9s,False,496.0,0,True,True,0.3969004154205322
002,YOLOv9s,False,497.0,0,True,True,0.39334744215011597
002,YOLOv9s,False,498.0,0,True,True,0.412610799074173
002,YOLOv9s,False,499.0,0,True,True,0.4093307852745056
002,YOLOv9s,False,500.0,0,True,True,0.4101024866104126
002,YOLOv9s,False,501.0,0,True,True,0.4088371694087982
002,YOLOv9s,False,502.0,0,True,True,0.40939441323280334
002,YOLOv9s,False,503.0,0,True,True,0.4084031581878662
002,YOLOv9s,False,504.0,0,True,True,0.4078581929206848
002,YOLOv9s,False,505.0,0,True,True,0.39796701073646545
002,YOLOv9s,False,506.0,0,True,True,0.3990333676338196
002,YOLOv9s,False,507.0,0,True,True,0.39459651708602905
002,YOLOv9s,False,508.0,0,True,True,0.3936161398887634
002,YOLOv9s,False,509.0,0,True,True,0.38454484939575195
002,YOLOv9s,False,510.0,0,True,True,0.36926865577697754
002,YOLOv9s,False,511.0,0,True,True,0.36226797103881836
002,YOLOv9s,False,512.0,0,True,True,0.3630867302417755
002,YOLOv9s,False,513.0,0,True,True,0.3584807813167572
002,YOLOv9s,False,514.0,0,True,True,0.35413092374801636
002,YOLOv9s,False,515.0,0,True,True,0.3539623022079468
002,YOLOv9s,False,516.0,0,True,True,0.3725435435771942
002,YOLOv9s,False,517.0,0,True,True,0.3687470555305481
002,YOLOv9s,False,518.0,0,True,True,0.36701589822769165
002,YOLOv9s,False,519.0,0,True,True,0.3579413592815399
002,YOLOv9s,False,520.0,0,True,True,0.35568341612815857
002,YOLOv9s,False,521.0,0,True,True,0.35653701424598694
002,YOLOv9s,False,522.0,0,True,True,0.3693086504936218
002,YOLOv9s,False,523.0,0,True,True,0.3673367500305176
002,YOLOv9s,False,524.0,0,True,True,0.3607660233974457
002,YOLOv9s,False,525.0,0,True,True,0.36531272530555725
002,YOLOv9s,False,526.0,0,True,True,0.36737632751464844
002,YOLOv9s,False,527.0,0,True,True,0.3668694496154785
002,YOLOv9s,False,528.0,0,True,True,0.3838927447795868
002,YOLOv9s,False,529.0,0,True,True,0.39251476526260376
002,YOLOv9s,False,530.0,0,True,True,0.39865022897720337
002,YOLOv9s,False,531.0,0,True,True,0.40237557888031006
002,YOLOv9s,False,532.0,0,True,True,0.3891085684299469
002,YOLOv9s,False,533.0,0,True,True,0.3878619372844696
002,YOLOv9s,False,534.0,0,True,True,0.3825087547302246
002,YOLOv9s,False,535.0,0,True,True,0.3707703649997711
002,YOLOv9s,False,536.0,0,True,True,0.3695584535598755
002,YOLOv9s,False,537.0,0,True,True,0.3736456632614136
002,YOLOv9s,False,538.0,0,True,True,0.3702974021434784
002,YOLOv9s,False,539.0,0,True,True,0.3735135495662689
002,YOLOv9s,False,540.0,0,True,True,0.3773563802242279
002,YOLOv9s,False,541.0,0,True,True,0.3803684711456299
002,YOLOv9s,False,542.0,0,True,True,0.3771168291568756
002,YOLOv9s,False,543.0,0,True,True,0.37838733196258545
002,YOLOv9s,False,544.0,0,True,True,0.38038554787635803
002,YOLOv9s,False,545.0,0,True,True,0.37085944414138794
002,YOLOv9s,False,546.0,0,True,True,0.36644047498703003
002,YOLOv9s,False,547.0,0,True,True,0.37228432297706604
002,YOLOv9s,False,548.0,0,True,True,0.373790979385376
002,YOLOv9s,False,549.0,0,True,True,0.3699188232421875
002,YOLOv9s,False,550.0,0,True,True,0.3803223967552185
002,YOLOv9s,False,551.0,0,True,True,0.39928001165390015
002,YOLOv9s,False,552.0,0,True,True,0.3912923336029053
002,YOLOv9s,False,553.0,0,True,True,0.3946619927883148
002,YOLOv9s,False,554.0,0,True,True,0.3883359432220459
002,YOLOv9s,False,555.0,0,True,True,0.3896246552467346
002,YOLOv9s,False,556.0,0,True,True,0.3974940776824951
002,YOLOv9s,False,557.0,0,True,True,0.40487802028656006
002,YOLOv9s,False,558.0,0,True,True,0.3896346390247345
002,YOLOv9s,False,559.0,0,True,True,0.3977322280406952
002,YOLOv9s,False,560.0,0,True,True,0.38437220454216003
002,YOLOv9s,False,561.0,0,True,True,0.3819914758205414
002,YOLOv9s,False,562.0,0,True,True,0.38181254267692566
002,YOLOv9s,False,563.0,0,True,True,0.3897218406200409
002,YOLOv9s,False,564.0,0,True,True,0.3911505341529846
002,YOLOv9s,False,565.0,0,True,True,0.38790008425712585
002,YOLOv9s,False,566.0,0,True,True,0.38197019696235657
002,YOLOv9s,False,567.0,0,True,True,0.3733941912651062
002,YOLOv9s,False,568.0,0,True,True,0.37101465463638306
002,YOLOv9s,False,569.0,0,True,True,0.36359304189682007
002,YOLOv9s,False,570.0,0,True,True,0.35662320256233215
002,YOLOv9s,False,571.0,0,True,True,0.3434329032897949
002,YOLOv9s,False,572.0,0,True,True,0.35068410634994507
002,YOLOv9s,False,573.0,0,True,True,0.3581112325191498
002,YOLOv9s,False,574.0,0,True,True,0.3555990755558014
002,YOLOv9s,False,575.0,0,True,True,0.36610478162765503
002,YOLOv9s,False,576.0,0,True,True,0.36517807841300964
002,YOLOv9s,False,577.0,0,True,True,0.36003294587135315
002,YOLOv9s,False,578.0,0,True,True,0.3696954548358917
002,YOLOv9s,False,579.0,0,True,True,0.3681657612323761
002,YOLOv9s,False,580.0,0,True,True,0.3649545907974243
002,YOLOv9s,False,581.0,0,True,True,0.37549909949302673
002,YOLOv9s,False,582.0,0,True,True,0.3602920472621918
002,YOLOv9s,False,583.0,0,True,True,0.36751410365104675
002,YOLOv9s,False,584.0,0,True,True,0.37450647354125977
002,YOLOv9s,False,585.0,0,True,True,0.37070199847221375
002,YOLOv9s,False,586.0,0,True,True,0.36196187138557434
002,YOLOv9s,False,587.0,0,True,True,0.35798344016075134
002,YOLOv9s,False,588.0,0,True,True,0.3646852970123291
002,YOLOv9s,False,589.0,0,True,True,0.3570155203342438
002,YOLOv9s,False,590.0,0,True,True,0.36565619707107544
002,YOLOv9s,False,591.0,0,True,True,0.37122413516044617
002,YOLOv9s,False,592.0,0,True,True,0.36812207102775574
002,YOLOv9s,False,593.0,0,True,True,0.36129996180534363
002,YOLOv9s,False,594.0,0,True,True,0.37342900037765503
002,YOLOv9s,False,595.0,0,True,True,0.3773990273475647
002,YOLOv9s,False,596.0,0,True,True,0.37750113010406494
002,YOLOv9s,False,597.0,0,True,True,0.38034552335739136
002,YOLOv9s,False,598.0,0,True,True,0.3835141062736511
002,YOLOv9s,False,599.0,0,True,True,0.3789178729057312
002,YOLOv9s,False,600.0,0,True,True,0.3949430584907532
002,YOLOv9s,False,601.0,0,True,True,0.39391836524009705
002,YOLOv9s,False,602.0,0,True,True,0.3879801034927368
002,YOLOv9s,False,603.0,0,True,True,0.3874025046825409
002,YOLOv9s,False,604.0,0,True,True,0.3931128680706024
002,YOLOv9s,False,605.0,0,True,True,0.3889896869659424
002,YOLOv9s,False,606.0,0,True,True,0.3769000172615051
002,YOLOv9s,False,607.0,0,True,True,0.37451744079589844
002,YOLOv9s,False,608.0,0,True,True,0.36653661727905273
002,YOLOv9s,False,609.0,0,True,True,0.3924858570098877
002,YOLOv9s,False,610.0,0,True,True,0.3918846845626831
002,YOLOv9s,False,611.0,0,True,True,0.38542231917381287
002,YOLOv9s,False,612.0,0,True,True,0.3834177255630493
002,YOLOv9s,False,613.0,0,True,True,0.38445547223091125
002,YOLOv9s,False,614.0,0,True,True,0.3819672763347626
002,YOLOv9s,False,615.0,0,True,True,0.38778701424598694
002,YOLOv9s,False,616.0,0,True,True,0.3934899568557739
002,YOLOv9s,False,617.0,0,True,True,0.39605700969696045
002,YOLOv9s,False,618.0,0,True,True,0.3920585811138153
002,YOLOv9s,False,619.0,0,True,True,0.3774714171886444
002,YOLOv9s,False,620.0,0,True,True,0.3841134011745453
003,YOLOv9s,False,100.0,0,True,True,0.6062881350517273
003,YOLOv9s,False,109.0,0,True,True,0.3267441391944885
003,YOLOv9s,False,114.0,0,True,True,0.40066543221473694
003,YOLOv9s,False,115.0,0,True,True,0.5371516346931458
003,YOLOv9s,False,116.0,0,True,True,0.6719903945922852
003,YOLOv9s,False,117.0,0,True,True,0.6068637371063232
003,YOLOv9s,False,118.0,0,True,True,0.6802122592926025
003,YOLOv9s,False,119.0,0,True,True,0.666848361492157
003,YOLOv9s,False,120.0,0,True,True,0.6755344867706299
003,YOLOv9s,False,121.0,0,True,True,0.6973286271095276
003,YOLOv9s,False,122.0,0,True,True,0.6477253437042236
003,YOLOv9s,False,123.0,0,True,True,0.5485869646072388
003,YOLOv9s,False,124.0,0,True,True,0.5032119154930115
003,YOLOv9s,False,125.0,0,True,True,0.45721250772476196
003,YOLOv9s,False,126.0,0,True,True,0.4529179632663727
003,YOLOv9s,False,127.0,0,True,True,0.45431846380233765
003,YOLOv9s,False,128.0,0,True,True,0.5026340484619141
003,YOLOv9s,False,129.0,0,True,True,0.5122362971305847
003,YOLOv9s,False,130.0,0,True,True,0.5023281574249268
003,YOLOv9s,False,131.0,0,True,True,0.49837711453437805
003,YOLOv9s,False,132.0,0,True,True,0.49821993708610535
003,YOLOv9s,False,133.0,0,True,True,0.5131393671035767
003,YOLOv9s,False,134.0,0,True,True,0.5080046653747559
003,YOLOv9s,False,135.0,0,True,True,0.5117247104644775
003,YOLOv9s,False,136.0,0,True,True,0.5056769847869873
003,YOLOv9s,False,137.0,0,True,True,0.5073278546333313
003,YOLOv9s,False,138.0,0,True,True,0.5046237707138062
003,YOLOv9s,False,139.0,0,True,True,0.5044606924057007
003,YOLOv9s,False,140.0,0,True,True,0.5020318031311035
003,YOLOv9s,False,141.0,0,True,True,0.4837048649787903
003,YOLOv9s,False,142.0,0,True,True,0.4884676933288574
003,YOLOv9s,False,143.0,0,True,True,0.4770968556404114
003,YOLOv9s,False,144.0,0,True,True,0.4714506268501282
003,YOLOv9s,False,145.0,0,True,True,0.44013145565986633
003,YOLOv9s,False,146.0,0,True,True,0.43169742822647095
003,YOLOv9s,False,147.0,0,True,True,0.45068058371543884
003,YOLOv9s,False,148.0,0,True,True,0.45806488394737244
003,YOLOv9s,False,149.0,0,True,True,0.4548388719558716
003,YOLOv9s,False,150.0,0,True,True,0.4589991569519043
003,YOLOv9s,False,151.0,0,True,True,0.45197436213493347
003,YOLOv9s,False,152.0,0,True,True,0.4455937445163727
003,YOLOv9s,False,153.0,0,True,True,0.4529992640018463
003,YOLOv9s,False,154.0,0,True,True,0.456958532333374
003,YOLOv9s,False,155.0,0,True,True,0.46432557702064514
003,YOLOv9s,False,156.0,0,True,True,0.4599357843399048
003,YOLOv9s,False,157.0,0,True,True,0.4604516625404358
003,YOLOv9s,False,158.0,0,True,True,0.45959293842315674
003,YOLOv9s,False,159.0,0,True,True,0.4664478898048401
003,YOLOv9s,False,160.0,0,True,True,0.4637274146080017
003,YOLOv9s,False,161.0,0,True,True,0.46814411878585815
003,YOLOv9s,False,162.0,0,True,True,0.47851574420928955
003,YOLOv9s,False,163.0,0,True,True,0.48153403401374817
003,YOLOv9s,False,164.0,0,True,True,0.4859083890914917
003,YOLOv9s,False,165.0,0,True,True,0.48674893379211426
003,YOLOv9s,False,166.0,0,True,True,0.4923459589481354
003,YOLOv9s,False,167.0,0,True,True,0.4891527593135834
003,YOLOv9s,False,168.0,0,True,True,0.48122718930244446
003,YOLOv9s,False,169.0,0,True,True,0.479339599609375
003,YOLOv9s,False,170.0,0,True,True,0.4767140746116638
003,YOLOv9s,False,171.0,0,True,True,0.474229097366333
003,YOLOv9s,False,172.0,0,True,True,0.4700782299041748
003,YOLOv9s,False,173.0,0,True,True,0.4864014685153961
003,YOLOv9s,False,174.0,0,True,True,0.5217025279998779
003,YOLOv9s,False,175.0,0,True,True,0.5289324522018433
003,YOLOv9s,False,176.0,0,True,True,0.5219272375106812
003,YOLOv9s,False,177.0,0,True,True,0.5244398713111877
003,YOLOv9s,False,178.0,0,True,True,0.5259759426116943
003,YOLOv9s,False,179.0,0,True,True,0.5302135944366455
003,YOLOv9s,False,180.0,0,True,True,0.5367298126220703
003,YOLOv9s,False,181.0,0,True,True,0.547558605670929
003,YOLOv9s,False,182.0,0,True,True,0.5413438677787781
003,YOLOv9s,False,183.0,0,True,True,0.5353279113769531
003,YOLOv9s,False,184.0,0,True,True,0.539726734161377
003,YOLOv9s,False,185.0,0,True,True,0.5278862714767456
003,YOLOv9s,False,186.0,0,True,True,0.5141147971153259
003,YOLOv9s,False,187.0,0,True,True,0.5111120343208313
003,YOLOv9s,False,188.0,0,True,True,0.4992391765117645
003,YOLOv9s,False,189.0,0,True,True,0.5042825937271118
003,YOLOv9s,False,190.0,0,True,True,0.5001649856567383
003,YOLOv9s,False,191.0,0,True,True,0.494568407535553
003,YOLOv9s,False,192.0,0,True,True,0.4915653467178345
003,YOLOv9s,False,193.0,0,True,True,0.4980275630950928
003,YOLOv9s,False,194.0,0,True,True,0.5027374625205994
003,YOLOv9s,False,195.0,0,True,True,0.5106093287467957
003,YOLOv9s,False,196.0,0,True,True,0.5198019742965698
003,YOLOv9s,False,197.0,0,True,True,0.5259920954704285
003,YOLOv9s,False,198.0,0,True,True,0.5268158316612244
003,YOLOv9s,False,199.0,0,True,True,0.5333036780357361
003,YOLOv9s,False,200.0,0,True,True,0.5281840562820435
003,YOLOv9s,False,201.0,0,True,True,0.5342565774917603
003,YOLOv9s,False,202.0,0,True,True,0.5359058976173401
003,YOLOv9s,False,203.0,0,True,True,0.5409830808639526
003,YOLOv9s,False,204.0,0,True,True,0.5402922034263611
003,YOLOv9s,False,205.0,0,True,True,0.5429742336273193
003,YOLOv9s,False,206.0,0,True,True,0.5396943092346191
003,YOLOv9s,False,207.0,0,True,True,0.5346859693527222
003,YOLOv9s,False,208.0,0,True,True,0.5306529402732849
003,YOLOv9s,False,209.0,0,True,True,0.534254789352417
003,YOLOv9s,False,210.0,0,True,True,0.5283511281013489
003,YOLOv9s,False,211.0,0,True,True,0.5269901156425476
003,YOLOv9s,False,212.0,0,True,True,0.528197705745697
003,YOLOv9s,False,213.0,0,True,True,0.5260564684867859
003,YOLOv9s,False,214.0,0,True,True,0.5216829776763916
003,YOLOv9s,False,215.0,0,True,True,0.5232381224632263
003,YOLOv9s,False,216.0,0,True,True,0.5193739533424377
003,YOLOv9s,False,217.0,0,True,True,0.5178206562995911
003,YOLOv9s,False,218.0,0,True,True,0.5160711407661438
003,YOLOv9s,False,219.0,0,True,True,0.5314297676086426
003,YOLOv9s,False,220.0,0,True,True,0.5226271748542786
003,YOLOv9s,False,221.0,0,True,True,0.5222623944282532
003,YOLOv9s,False,222.0,0,True,True,0.5192161202430725
003,YOLOv9s,False,223.0,0,True,True,0.5258674621582031
003,YOLOv9s,False,224.0,0,True,True,0.514618992805481
003,YOLOv9s,False,225.0,0,True,True,0.5196108222007751
003,YOLOv9s,False,226.0,0,True,True,0.5215461254119873
003,YOLOv9s,False,227.0,0,True,True,0.526251494884491
003,YOLOv9s,False,228.0,0,True,True,0.5200120806694031
003,YOLOv9s,False,229.0,0,True,True,0.5113934874534607
003,YOLOv9s,False,230.0,0,True,True,0.5189468860626221
003,YOLOv9s,False,231.0,0,True,True,0.5160325765609741
003,YOLOv9s,False,232.0,0,True,True,0.49272873997688293
003,YOLOv9s,False,233.0,0,True,True,0.5071312189102173
003,YOLOv9s,False,234.0,0,True,True,0.5136774182319641
003,YOLOv9s,False,235.0,0,True,True,0.5070732831954956
003,YOLOv9s,False,236.0,0,True,True,0.49711400270462036
003,YOLOv9s,False,237.0,0,True,True,0.48852935433387756
003,YOLOv9s,False,238.0,0,True,True,0.4890027940273285
003,YOLOv9s,False,239.0,0,True,True,0.4970111548900604
003,YOLOv9s,False,240.0,0,True,True,0.5032896399497986
003,YOLOv9s,False,241.0,0,True,True,0.49395379424095154
003,YOLOv9s,False,242.0,0,True,True,0.4877905249595642
003,YOLOv9s,False,243.0,0,True,True,0.4877699911594391
003,YOLOv9s,False,244.0,0,True,True,0.4795781373977661
003,YOLOv9s,False,245.0,0,True,True,0.4773994982242584
003,YOLOv9s,False,246.0,0,True,True,0.4712817072868347
003,YOLOv9s,False,247.0,0,True,True,0.48953139781951904
003,YOLOv9s,False,248.0,0,True,True,0.49007055163383484
003,YOLOv9s,False,249.0,0,True,True,0.49230343103408813
003,YOLOv9s,False,250.0,0,True,True,0.4924386739730835
003,YOLOv9s,False,251.0,0,True,True,0.4799783229827881
003,YOLOv9s,False,252.0,0,True,True,0.4807305634021759
003,YOLOv9s,False,253.0,0,True,True,0.4905245900154114
003,YOLOv9s,False,254.0,0,True,True,0.49222058057785034
003,YOLOv9s,False,255.0,0,True,True,0.4917486310005188
003,YOLOv9s,False,256.0,0,True,True,0.494493693113327
003,YOLOv9s,False,257.0,0,True,True,0.48241719603538513
003,YOLOv9s,False,258.0,0,True,True,0.47888293862342834
003,YOLOv9s,False,259.0,0,True,True,0.47630372643470764
003,YOLOv9s,False,260.0,0,True,True,0.47363564372062683
003,YOLOv9s,False,261.0,0,True,True,0.4972565174102783
003,YOLOv9s,False,262.0,0,True,True,0.4958251714706421
003,YOLOv9s,False,263.0,0,True,True,0.5084998607635498
003,YOLOv9s,False,264.0,0,True,True,0.510511040687561
003,YOLOv9s,False,265.0,0,True,True,0.507394015789032
003,YOLOv9s,False,266.0,0,True,True,0.5067959427833557
003,YOLOv9s,False,267.0,0,True,True,0.5075899362564087
003,YOLOv9s,False,268.0,0,True,True,0.5063122510910034
003,YOLOv9s,False,269.0,0,True,True,0.5166590809822083
003,YOLOv9s,False,270.0,0,True,True,0.49802443385124207
003,YOLOv9s,False,271.0,0,True,True,0.496090829372406
003,YOLOv9s,False,272.0,0,True,True,0.4927985966205597
003,YOLOv9s,False,273.0,0,True,True,0.4988807439804077
003,YOLOv9s,False,274.0,0,True,True,0.4981991648674011
003,YOLOv9s,False,275.0,0,True,True,0.49217689037323
003,YOLOv9s,False,276.0,0,True,True,0.4951499104499817
003,YOLOv9s,False,277.0,0,True,True,0.4982926845550537
003,YOLOv9s,False,278.0,0,True,True,0.49319130182266235
003,YOLOv9s,False,279.0,0,True,True,0.5136777758598328
003,YOLOv9s,False,280.0,0,True,True,0.5121767520904541
003,YOLOv9s,False,281.0,0,True,True,0.5188797116279602
003,YOLOv9s,False,282.0,0,True,True,0.4752870798110962
003,YOLOv9s,False,283.0,0,True,True,0.47720807790756226
003,YOLOv9s,False,284.0,0,True,True,0.4515761137008667
003,YOLOv9s,False,285.0,0,True,True,0.671323299407959
003,YOLOv9s,False,285.0,1,True,True,0.47306564450263977
003,YOLOv9s,False,285.0,2,True,True,0.2946181297302246
003,YOLOv9s,False,286.0,0,True,True,0.4391976296901703
003,YOLOv9s,False,286.0,1,True,True,0.2748229503631592
003,YOLOv9s,False,286.0,2,True,True,0.26587989926338196
003,YOLOv9s,False,287.0,0,True,True,0.4720761477947235
003,YOLOv9s,False,287.0,1,True,True,0.4308052957057953
003,YOLOv9s,False,287.0,2,True,True,0.2854188084602356
003,YOLOv9s,False,287.0,3,True,True,0.27246811985969543
003,YOLOv9s,False,289.0,0,True,True,0.42973223328590393
003,YOLOv9s,False,290.0,0,True,True,0.5278487205505371
003,YOLOv9s,False,291.0,0,True,True,0.45309361815452576
003,YOLOv9s,False,292.0,0,True,True,0.47185149788856506
003,YOLOv9s,False,293.0,0,True,True,0.46024614572525024
003,YOLOv9s,False,294.0,0,True,True,0.4506371021270752
003,YOLOv9s,False,295.0,0,True,True,0.4685989022254944
003,YOLOv9s,False,296.0,0,True,True,0.5062030553817749
003,YOLOv9s,False,297.0,0,True,True,0.49569353461265564
003,YOLOv9s,False,298.0,0,True,True,0.5057430267333984
003,YOLOv9s,False,299.0,0,True,True,0.48823943734169006
003,YOLOv9s,False,300.0,0,True,True,0.4464075267314911
003,YOLOv9s,False,301.0,0,True,True,0.4617834687232971
003,YOLOv9s,False,301.0,1,True,True,0.2807742655277252
003,YOLOv9s,False,302.0,0,True,True,0.4779021739959717
003,YOLOv9s,False,302.0,1,True,True,0.4668365716934204
003,YOLOv9s,False,303.0,0,True,True,0.48794955015182495
003,YOLOv9s,False,303.0,1,True,True,0.47955289483070374
003,YOLOv9s,False,304.0,0,True,True,0.5035025477409363
003,YOLOv9s,False,304.0,1,True,True,0.4839896857738495
003,YOLOv9s,False,305.0,0,True,True,0.5054324269294739
003,YOLOv9s,False,305.0,1,True,True,0.48134735226631165
003,YOLOv9s,False,306.0,0,True,True,0.48815682530403137
003,YOLOv9s,False,306.0,1,True,True,0.47965580224990845
003,YOLOv9s,False,307.0,0,True,True,0.49238455295562744
003,YOLOv9s,False,307.0,1,True,True,0.48016801476478577
003,YOLOv9s,False,308.0,0,True,True,0.49424290657043457
003,YOLOv9s,False,308.0,1,True,True,0.4813852608203888
003,YOLOv9s,False,309.0,0,True,True,0.49149906635284424
003,YOLOv9s,False,309.0,1,True,True,0.4789591431617737
003,YOLOv9s,False,310.0,0,True,True,0.48832106590270996
003,YOLOv9s,False,310.0,1,True,True,0.45759695768356323
003,YOLOv9s,False,311.0,0,True,True,0.49120497703552246
003,YOLOv9s,False,311.0,1,True,True,0.46244269609451294
003,YOLOv9s,False,312.0,0,True,True,0.49307870864868164
003,YOLOv9s,False,312.0,1,True,True,0.4362395703792572
003,YOLOv9s,False,313.0,0,True,True,0.5011003017425537
003,YOLOv9s,False,313.0,1,True,True,0.426482617855072
003,YOLOv9s,False,314.0,0,True,True,0.5041548013687134
003,YOLOv9s,False,314.0,1,True,True,0.42401108145713806
003,YOLOv9s,False,315.0,0,True,True,0.5062824487686157
003,YOLOv9s,False,315.0,1,True,True,0.4278118312358856
003,YOLOv9s,False,316.0,0,True,True,0.5064393281936646
003,YOLOv9s,False,316.0,1,True,True,0.4286866784095764
003,YOLOv9s,False,317.0,0,True,True,0.4998502731323242
003,YOLOv9s,False,317.0,1,True,True,0.42690524458885193
003,YOLOv9s,False,318.0,0,True,True,0.49069133400917053
003,YOLOv9s,False,318.0,1,True,True,0.43058010935783386
003,YOLOv9s,False,319.0,0,True,True,0.5271608233451843
003,YOLOv9s,False,319.0,1,True,True,0.4378952980041504
003,YOLOv9s,False,320.0,0,True,True,0.5291363000869751
003,YOLOv9s,False,320.0,1,True,True,0.4387609660625458
003,YOLOv9s,False,321.0,0,True,True,0.5244600772857666
003,YOLOv9s,False,321.0,1,True,True,0.43723148107528687
003,YOLOv9s,False,322.0,0,True,True,0.5220303535461426
003,YOLOv9s,False,322.0,1,True,True,0.43225061893463135
003,YOLOv9s,False,323.0,0,True,True,0.5159002542495728
003,YOLOv9s,False,323.0,1,True,True,0.43455690145492554
003,YOLOv9s,False,324.0,0,True,True,0.5130846500396729
003,YOLOv9s,False,324.0,1,True,True,0.43561026453971863
003,YOLOv9s,False,325.0,0,True,True,0.5106292366981506
003,YOLOv9s,False,325.0,1,True,True,0.43885406851768494
003,YOLOv9s,False,326.0,0,True,True,0.5164639949798584
003,YOLOv9s,False,326.0,1,True,True,0.43605121970176697
003,YOLOv9s,False,327.0,0,True,True,0.5210908651351929
003,YOLOv9s,False,327.0,1,True,True,0.4328703284263611
003,YOLOv9s,False,328.0,0,True,True,0.5095046162605286
003,YOLOv9s,False,328.0,1,True,True,0.4278643727302551
003,YOLOv9s,False,329.0,0,True,True,0.5121530294418335
003,YOLOv9s,False,329.0,1,True,True,0.42922091484069824
003,YOLOv9s,False,330.0,0,True,True,0.5203122496604919
003,YOLOv9s,False,330.0,1,True,True,0.430357962846756
003,YOLOv9s,False,331.0,0,True,True,0.5252630114555359
003,YOLOv9s,False,331.0,1,True,True,0.43799838423728943
003,YOLOv9s,False,332.0,0,True,True,0.51263028383255
003,YOLOv9s,False,332.0,1,True,True,0.4344347417354584
003,YOLOv9s,False,333.0,0,True,True,0.5266518592834473
003,YOLOv9s,False,333.0,1,True,True,0.43714627623558044
003,YOLOv9s,False,334.0,0,True,True,0.5210537314414978
003,YOLOv9s,False,334.0,1,True,True,0.43086326122283936
003,YOLOv9s,False,335.0,0,True,True,0.5290001630783081
003,YOLOv9s,False,335.0,1,True,True,0.43095892667770386
003,YOLOv9s,False,336.0,0,True,True,0.5287820100784302
003,YOLOv9s,False,336.0,1,True,True,0.43474435806274414
003,YOLOv9s,False,337.0,0,True,True,0.5287933945655823
003,YOLOv9s,False,337.0,1,True,True,0.43134450912475586
003,YOLOv9s,False,338.0,0,True,True,0.5256448984146118
003,YOLOv9s,False,338.0,1,True,True,0.4378766417503357
003,YOLOv9s,False,339.0,0,True,True,0.5203973054885864
003,YOLOv9s,False,339.0,1,True,True,0.4369080364704132
003,YOLOv9s,False,340.0,0,True,True,0.5165866613388062
003,YOLOv9s,False,340.0,1,True,True,0.43522369861602783
003,YOLOv9s,False,341.0,0,True,True,0.5140508413314819
003,YOLOv9s,False,341.0,1,True,True,0.43137574195861816
003,YOLOv9s,False,342.0,0,True,True,0.5060319304466248
003,YOLOv9s,False,342.0,1,True,True,0.43358558416366577
003,YOLOv9s,False,343.0,0,True,True,0.5112964510917664
003,YOLOv9s,False,343.0,1,True,True,0.4308041036128998
003,YOLOv9s,False,344.0,0,True,True,0.5077357888221741
003,YOLOv9s,False,344.0,1,True,True,0.43114006519317627
003,YOLOv9s,False,345.0,0,True,True,0.5124896168708801
003,YOLOv9s,False,345.0,1,True,True,0.4338596761226654
003,YOLOv9s,False,346.0,0,True,True,0.512251079082489
003,YOLOv9s,False,346.0,1,True,True,0.4373127818107605
003,YOLOv9s,False,347.0,0,True,True,0.5176311135292053
003,YOLOv9s,False,347.0,1,True,True,0.43323782086372375
003,YOLOv9s,False,348.0,0,True,True,0.5095208287239075
003,YOLOv9s,False,348.0,1,True,True,0.4440041780471802
003,YOLOv9s,False,349.0,0,True,True,0.5072140097618103
003,YOLOv9s,False,349.0,1,True,True,0.4373238682746887
003,YOLOv9s,False,350.0,0,True,True,0.5100863575935364
003,YOLOv9s,False,350.0,1,True,True,0.4374568462371826
003,YOLOv9s,False,351.0,0,True,True,0.5061337351799011
003,YOLOv9s,False,351.0,1,True,True,0.43869805335998535
003,YOLOv9s,False,352.0,0,True,True,0.5040357708930969
003,YOLOv9s,False,352.0,1,True,True,0.43800637125968933
003,YOLOv9s,False,353.0,0,True,True,0.5135100483894348
003,YOLOv9s,False,353.0,1,True,True,0.4328465759754181
003,YOLOv9s,False,354.0,0,True,True,0.5126232504844666
003,YOLOv9s,False,354.0,1,True,True,0.42825230956077576
003,YOLOv9s,False,355.0,0,True,True,0.5066211223602295
003,YOLOv9s,False,355.0,1,True,True,0.4243394136428833
003,YOLOv9s,False,356.0,0,True,True,0.5014979839324951
003,YOLOv9s,False,356.0,1,True,True,0.4237949848175049
003,YOLOv9s,False,357.0,0,True,True,0.5051625370979309
003,YOLOv9s,False,357.0,1,True,True,0.4255774915218353
003,YOLOv9s,False,358.0,0,True,True,0.49569711089134216
003,YOLOv9s,False,358.0,1,True,True,0.4181167483329773
003,YOLOv9s,False,359.0,0,True,True,0.49776342511177063
003,YOLOv9s,False,359.0,1,True,True,0.4162790775299072
003,YOLOv9s,False,360.0,0,True,True,0.49951958656311035
003,YOLOv9s,False,360.0,1,True,True,0.42130348086357117
003,YOLOv9s,False,361.0,0,True,True,0.5148618221282959
003,YOLOv9s,False,361.0,1,True,True,0.42308875918388367
003,YOLOv9s,False,362.0,0,True,True,0.5218303799629211
003,YOLOv9s,False,362.0,1,True,True,0.42102354764938354
003,YOLOv9s,False,363.0,0,True,True,0.5183374881744385
003,YOLOv9s,False,363.0,1,True,True,0.41705384850502014
003,YOLOv9s,False,364.0,0,True,True,0.5108758807182312
003,YOLOv9s,False,364.0,1,True,True,0.42321306467056274
003,YOLOv9s,False,365.0,0,True,True,0.5101773738861084
003,YOLOv9s,False,365.0,1,True,True,0.42724132537841797
003,YOLOv9s,False,366.0,0,True,True,0.5091211199760437
003,YOLOv9s,False,366.0,1,True,True,0.42176148295402527
003,YOLOv9s,False,367.0,0,True,True,0.5143064856529236
003,YOLOv9s,False,367.0,1,True,True,0.43543538451194763
003,YOLOv9s,False,368.0,0,True,True,0.5178425908088684
003,YOLOv9s,False,368.0,1,True,True,0.43612241744995117
003,YOLOv9s,False,369.0,0,True,True,0.522717297077179
003,YOLOv9s,False,369.0,1,True,True,0.4335937798023224
003,YOLOv9s,False,370.0,0,True,True,0.5418030619621277
003,YOLOv9s,False,370.0,1,True,True,0.4385572075843811
003,YOLOv9s,False,371.0,0,True,True,0.5413001775741577
003,YOLOv9s,False,371.0,1,True,True,0.43572521209716797
003,YOLOv9s,False,372.0,0,True,True,0.5524296164512634
003,YOLOv9s,False,372.0,1,True,True,0.43204089999198914
003,YOLOv9s,False,373.0,0,True,True,0.5612629652023315
003,YOLOv9s,False,373.0,1,True,True,0.4348357617855072
003,YOLOv9s,False,374.0,0,True,True,0.5712968111038208
003,YOLOv9s,False,374.0,1,True,True,0.4324778616428375
003,YOLOv9s,False,375.0,0,True,True,0.5649393200874329
003,YOLOv9s,False,375.0,1,True,True,0.4262691140174866
003,YOLOv9s,False,376.0,0,True,True,0.5617452263832092
003,YOLOv9s,False,376.0,1,True,True,0.42294344305992126
003,YOLOv9s,False,377.0,0,True,True,0.5583267211914062
003,YOLOv9s,False,377.0,1,True,True,0.4125555753707886
003,YOLOv9s,False,378.0,0,True,True,0.5557977557182312
003,YOLOv9s,False,378.0,1,True,True,0.4219636917114258
003,YOLOv9s,False,379.0,0,True,True,0.5484718084335327
003,YOLOv9s,False,379.0,1,True,True,0.42142534255981445
003,YOLOv9s,False,380.0,0,True,True,0.551957905292511
003,YOLOv9s,False,380.0,1,True,True,0.4252781569957733
003,YOLOv9s,False,381.0,0,True,True,0.5419813394546509
003,YOLOv9s,False,381.0,1,True,True,0.42663484811782837
003,YOLOv9s,False,382.0,0,True,True,0.5391615033149719
003,YOLOv9s,False,382.0,1,True,True,0.4277942180633545
003,YOLOv9s,False,383.0,0,True,True,0.5429231524467468
003,YOLOv9s,False,383.0,1,True,True,0.42325177788734436
003,YOLOv9s,False,384.0,0,True,True,0.5423129796981812
003,YOLOv9s,False,384.0,1,True,True,0.42667943239212036
003,YOLOv9s,False,385.0,0,True,True,0.5317597985267639
003,YOLOv9s,False,385.0,1,True,True,0.4276838004589081
003,YOLOv9s,False,386.0,0,True,True,0.5300309062004089
003,YOLOv9s,False,386.0,1,True,True,0.4242134988307953
003,YOLOv9s,False,387.0,0,True,True,0.5377981662750244
003,YOLOv9s,False,387.0,1,True,True,0.4275919198989868
003,YOLOv9s,False,388.0,0,True,True,0.5381763577461243
003,YOLOv9s,False,388.0,1,True,True,0.4242185056209564
003,YOLOv9s,False,389.0,0,True,True,0.5473189949989319
003,YOLOv9s,False,389.0,1,True,True,0.4263899326324463
003,YOLOv9s,False,390.0,0,True,True,0.5371930003166199
003,YOLOv9s,False,390.0,1,True,True,0.4217357635498047
003,YOLOv9s,False,391.0,0,True,True,0.5534875988960266
003,YOLOv9s,False,391.0,1,True,True,0.41946229338645935
003,YOLOv9s,False,392.0,0,True,True,0.5522869229316711
003,YOLOv9s,False,392.0,1,True,True,0.41549232602119446
003,YOLOv9s,False,393.0,0,True,True,0.5579424500465393
003,YOLOv9s,False,393.0,1,True,True,0.4232843220233917
003,YOLOv9s,False,394.0,0,True,True,0.5594209432601929
003,YOLOv9s,False,394.0,1,True,True,0.4272697865962982
003,YOLOv9s,False,395.0,0,True,True,0.5641188621520996
003,YOLOv9s,False,395.0,1,True,True,0.4240230917930603
004,YOLOv9s,False,187.0,0,False,True,0.31677675247192383
005,YOLOv9s,False,120.0,0,False,True,0.2711378335952759
005,YOLOv9s,False,145.0,0,False,True,0.35100042819976807
005,YOLOv9s,False,151.0,0,False,True,0.4339306354522705
005,YOLOv9s,False,151.0,1,False,True,0.27601051330566406
005,YOLOv9s,False,152.0,0,False,True,0.26817652583122253
006,YOLOv9s,False,125.0,0,False,True,0.3325594961643219
006,YOLOv9s,False,280.0,0,False,True,0.42267942428588867
006,YOLOv9s,False,299.0,0,False,True,0.2859867513179779
006,YOLOv9s,False,300.0,0,False,True,0.40390801429748535
006,YOLOv9s,False,301.0,0,False,True,0.266401082277298
006,YOLOv9s,False,302.0,0,False,True,0.2859093248844147
006,YOLOv9s,False,317.0,0,False,True,0.26757296919822693
006,YOLOv9s,False,318.0,0,False,True,0.276641309261322
006,YOLOv9s,False,319.0,0,False,True,0.2751407325267792
006,YOLOv9s,False,320.0,0,False,True,0.2807174623012543
006,YOLOv9s,False,321.0,0,False,True,0.2841496169567108
006,YOLOv9s,False,322.0,0,False,True,0.2820329964160919
006,YOLOv9s,False,323.0,0,False,True,0.26790934801101685
006,YOLOv9s,False,324.0,0,False,True,0.30393391847610474
006,YOLOv9s,False,325.0,0,False,True,0.3015783131122589
006,YOLOv9s,False,326.0,0,False,True,0.3162807822227478
006,YOLOv9s,False,327.0,0,False,True,0.3305824100971222
006,YOLOv9s,False,328.0,0,False,True,0.3316306471824646
006,YOLOv9s,False,329.0,0,False,True,0.34300917387008667
006,YOLOv9s,False,330.0,0,False,True,0.3600578010082245
006,YOLOv9s,False,331.0,0,False,True,0.3582383394241333
006,YOLOv9s,False,332.0,0,False,True,0.3603147268295288
006,YOLOv9s,False,333.0,0,False,True,0.3531334102153778
006,YOLOv9s,False,334.0,0,False,True,0.3510802984237671
006,YOLOv9s,False,335.0,0,False,True,0.3285706639289856
006,YOLOv9s,False,336.0,0,False,True,0.25019827485084534
006,YOLOv9s,False,337.0,0,False,True,0.2724296450614929
006,YOLOv9s,False,338.0,0,False,True,0.285664826631546
006,YOLOv9s,False,339.0,0,False,True,0.3180541396141052
006,YOLOv9s,False,349.0,0,False,True,0.375492662191391
006,YOLOv9s,False,361.0,0,True,True,0.348476767539978
006,YOLOv9s,False,362.0,0,True,True,0.3657749891281128
006,YOLOv9s,False,363.0,0,True,True,0.33172619342803955
006,YOLOv9s,False,364.0,0,True,True,0.5858774185180664
006,YOLOv9s,False,365.0,0,True,True,0.4490739405155182
006,YOLOv9s,False,366.0,0,True,True,0.5675551295280457
006,YOLOv9s,False,367.0,0,True,True,0.5461605191230774
006,YOLOv9s,False,368.0,0,True,True,0.46317675709724426
006,YOLOv9s,False,369.0,0,True,True,0.49107038974761963
006,YOLOv9s,False,370.0,0,True,True,0.5322391986846924
006,YOLOv9s,False,371.0,0,True,True,0.5577457547187805
006,YOLOv9s,False,372.0,0,True,True,0.584316611289978
006,YOLOv9s,False,373.0,0,True,True,0.5652844309806824
006,YOLOv9s,False,374.0,0,True,True,0.5357306003570557
006,YOLOv9s,False,375.0,0,True,True,0.5500931739807129
006,YOLOv9s,False,376.0,0,True,True,0.5323901176452637
006,YOLOv9s,False,377.0,0,True,True,0.5334380269050598
006,YOLOv9s,False,378.0,0,True,True,0.5404317378997803
006,YOLOv9s,False,379.0,0,True,True,0.5726408362388611
006,YOLOv9s,False,380.0,0,True,True,0.5569334626197815
006,YOLOv9s,False,381.0,0,True,True,0.5581117868423462
006,YOLOv9s,False,382.0,0,True,True,0.5269012451171875
006,YOLOv9s,False,383.0,0,True,True,0.514370322227478
006,YOLOv9s,False,384.0,0,True,True,0.4955657422542572
006,YOLOv9s,False,385.0,0,True,True,0.49720215797424316
006,YOLOv9s,False,386.0,0,True,True,0.507011890411377
006,YOLOv9s,False,387.0,0,True,True,0.47696930170059204
006,YOLOv9s,False,388.0,0,True,True,0.48191314935684204
006,YOLOv9s,False,389.0,0,True,True,0.45988449454307556
006,YOLOv9s,False,390.0,0,True,True,0.4412498474121094
006,YOLOv9s,False,391.0,0,True,True,0.46126410365104675
006,YOLOv9s,False,392.0,0,True,True,0.5085850954055786
006,YOLOv9s,False,393.0,0,True,True,0.5013973712921143
006,YOLOv9s,False,394.0,0,True,True,0.5089564323425293
006,YOLOv9s,False,395.0,0,True,True,0.5226386785507202
006,YOLOv9s,False,396.0,0,True,True,0.5303680896759033
006,YOLOv9s,False,397.0,0,True,True,0.5177956819534302
006,YOLOv9s,False,398.0,0,True,True,0.5135782957077026
006,YOLOv9s,False,399.0,0,True,True,0.5095959901809692
006,YOLOv9s,False,399.0,1,False,True,0.4375333786010742
006,YOLOv9s,False,400.0,0,True,True,0.5194917917251587
006,YOLOv9s,False,401.0,0,True,True,0.5278582572937012
006,YOLOv9s,False,402.0,0,True,True,0.5426706075668335
006,YOLOv9s,False,403.0,0,True,True,0.5826508402824402
006,YOLOv9s,False,404.0,0,True,True,0.5545238256454468
006,YOLOv9s,False,405.0,0,True,True,0.5443108677864075
006,YOLOv9s,False,406.0,0,True,True,0.5499145984649658
006,YOLOv9s,False,407.0,0,True,True,0.5545427799224854
006,YOLOv9s,False,408.0,0,False,True,0.5600507855415344
006,YOLOv9s,False,408.0,1,True,True,0.32822951674461365
006,YOLOv9s,False,409.0,0,True,True,0.5545642375946045
006,YOLOv9s,False,410.0,0,True,True,0.5439336895942688
006,YOLOv9s,False,411.0,0,True,True,0.5469255447387695
006,YOLOv9s,False,412.0,0,True,True,0.5410237908363342
006,YOLOv9s,False,413.0,0,True,True,0.5468593835830688
006,YOLOv9s,False,414.0,0,True,True,0.5465356111526489
006,YOLOv9s,False,415.0,0,True,True,0.5400381684303284
006,YOLOv9s,False,416.0,0,True,True,0.5403765439987183
006,YOLOv9s,False,416.0,1,False,True,0.3054579198360443
006,YOLOv9s,False,417.0,0,True,True,0.5236717462539673
006,YOLOv9s,False,418.0,0,True,True,0.5195391774177551
006,YOLOv9s,False,419.0,0,True,True,0.5199521780014038
006,YOLOv9s,False,420.0,0,True,True,0.5179851055145264
006,YOLOv9s,False,421.0,0,True,True,0.5202288031578064
006,YOLOv9s,False,422.0,0,True,True,0.527106523513794
006,YOLOv9s,False,423.0,0,True,True,0.5256855487823486
006,YOLOv9s,False,424.0,0,True,True,0.5335383415222168
006,YOLOv9s,False,425.0,0,True,True,0.5362823009490967
006,YOLOv9s,False,426.0,0,True,True,0.5304165482521057
006,YOLOv9s,False,427.0,0,True,True,0.528856098651886
006,YOLOv9s,False,428.0,0,True,True,0.530663251876831
006,YOLOv9s,False,429.0,0,True,True,0.5336511731147766
006,YOLOv9s,False,430.0,0,True,True,0.5352393388748169
006,YOLOv9s,False,431.0,0,True,True,0.5444838404655457
006,YOLOv9s,False,432.0,0,True,True,0.5495094060897827
006,YOLOv9s,False,433.0,0,True,True,0.5571385622024536
006,YOLOv9s,False,434.0,0,True,True,0.574303150177002
006,YOLOv9s,False,435.0,0,True,True,0.5625023245811462
006,YOLOv9s,False,436.0,0,True,True,0.5749697089195251
006,YOLOv9s,False,437.0,0,True,True,0.5814778208732605
006,YOLOv9s,False,438.0,0,True,True,0.581872820854187
006,YOLOv9s,False,439.0,0,True,True,0.578014612197876
006,YOLOv9s,False,440.0,0,True,True,0.5757417678833008
006,YOLOv9s,False,441.0,0,True,True,0.5836251974105835
006,YOLOv9s,False,442.0,0,True,True,0.5798818469047546
006,YOLOv9s,False,443.0,0,True,True,0.5777071118354797
006,YOLOv9s,False,444.0,0,True,True,0.5729964971542358
006,YOLOv9s,False,445.0,0,True,True,0.5766849517822266
006,YOLOv9s,False,446.0,0,True,True,0.5759807825088501
006,YOLOv9s,False,447.0,0,True,True,0.5745285749435425
006,YOLOv9s,False,448.0,0,True,True,0.5754063129425049
006,YOLOv9s,False,449.0,0,True,True,0.5732617974281311
006,YOLOv9s,False,450.0,0,True,True,0.576784074306488
006,YOLOv9s,False,451.0,0,True,True,0.5762984156608582
006,YOLOv9s,False,452.0,0,True,True,0.577775239944458
006,YOLOv9s,False,453.0,0,True,True,0.5766921639442444
006,YOLOv9s,False,454.0,0,True,True,0.5779359936714172
006,YOLOv9s,False,455.0,0,True,True,0.5779518485069275
006,YOLOv9s,False,456.0,0,True,True,0.5788485407829285
006,YOLOv9s,False,457.0,0,True,True,0.5774276852607727
006,YOLOv9s,False,458.0,0,True,True,0.5755779147148132
006,YOLOv9s,False,459.0,0,True,True,0.5736806988716125
006,YOLOv9s,False,460.0,0,True,True,0.571810781955719
006,YOLOv9s,False,461.0,0,True,True,0.5642496943473816
006,YOLOv9s,False,462.0,0,True,True,0.5646973252296448
006,YOLOv9s,False,463.0,0,True,True,0.5706216096878052
006,YOLOv9s,False,464.0,0,True,True,0.5694306492805481
006,YOLOv9s,False,465.0,0,True,True,0.5602676868438721
006,YOLOv9s,False,466.0,0,True,True,0.5561997294425964
006,YOLOv9s,False,467.0,0,True,True,0.5517100691795349
006,YOLOv9s,False,468.0,0,True,True,0.5570048093795776
006,YOLOv9s,False,469.0,0,True,True,0.5582886934280396
006,YOLOv9s,False,470.0,0,True,True,0.5547561645507812
006,YOLOv9s,False,471.0,0,True,True,0.5525175333023071
006,YOLOv9s,False,472.0,0,True,True,0.5528724193572998
006,YOLOv9s,False,473.0,0,True,True,0.560023307800293
006,YOLOv9s,False,474.0,0,True,True,0.5596185922622681
006,YOLOv9s,False,475.0,0,True,True,0.5608338117599487
006,YOLOv9s,False,476.0,0,True,True,0.5632725358009338
006,YOLOv9s,False,477.0,0,True,True,0.5621220469474792
006,YOLOv9s,False,478.0,0,True,True,0.5603856444358826
006,YOLOv9s,False,479.0,0,True,True,0.5575405359268188
006,YOLOv9s,False,480.0,0,True,True,0.5580906271934509
006,YOLOv9s,False,481.0,0,True,True,0.5518867373466492
006,YOLOv9s,False,482.0,0,True,True,0.5491501092910767
006,YOLOv9s,False,483.0,0,True,True,0.5492430925369263
006,YOLOv9s,False,484.0,0,True,True,0.5503985285758972
006,YOLOv9s,False,485.0,0,True,True,0.5498634576797485
006,YOLOv9s,False,486.0,0,True,True,0.5472878217697144
006,YOLOv9s,False,487.0,0,True,True,0.5464491248130798
006,YOLOv9s,False,488.0,0,True,True,0.5495217442512512
006,YOLOv9s,False,489.0,0,True,True,0.5511676073074341
006,YOLOv9s,False,490.0,0,True,True,0.5504266023635864
006,YOLOv9s,False,491.0,0,True,True,0.5535213351249695
006,YOLOv9s,False,492.0,0,True,True,0.5544252395629883
006,YOLOv9s,False,493.0,0,True,True,0.5567477345466614
006,YOLOv9s,False,494.0,0,True,True,0.5575105547904968
006,YOLOv9s,False,495.0,0,True,True,0.5576308965682983
006,YOLOv9s,False,496.0,0,True,True,0.5564480423927307
006,YOLOv9s,False,497.0,0,True,True,0.5549148321151733
006,YOLOv9s,False,498.0,0,True,True,0.5601546764373779
006,YOLOv9s,False,499.0,0,True,True,0.5580422878265381
006,YOLOv9s,False,500.0,0,True,True,0.5615568161010742
006,YOLOv9s,False,501.0,0,True,True,0.5609893202781677
006,YOLOv9s,False,502.0,0,True,True,0.5574804544448853
006,YOLOv9s,False,503.0,0,True,True,0.5518963932991028
006,YOLOv9s,False,504.0,0,True,True,0.5524435043334961
006,YOLOv9s,False,505.0,0,True,True,0.5456792712211609
006,YOLOv9s,False,506.0,0,True,True,0.5446675419807434
006,YOLOv9s,False,507.0,0,True,True,0.543546199798584
006,YOLOv9s,False,508.0,0,True,True,0.5509808659553528
006,YOLOv9s,False,509.0,0,True,True,0.5540119409561157
006,YOLOv9s,False,510.0,0,True,True,0.5555420517921448
006,YOLOv9s,False,511.0,0,True,True,0.5542683005332947
006,YOLOv9s,False,512.0,0,True,True,0.5590655207633972
006,YOLOv9s,False,513.0,0,True,True,0.5586860775947571
006,YOLOv9s,False,514.0,0,True,True,0.5591358542442322
006,YOLOv9s,False,515.0,0,True,True,0.5575755834579468
006,YOLOv9s,False,516.0,0,True,True,0.5644769072532654
006,YOLOv9s,False,517.0,0,True,True,0.5601727366447449
006,YOLOv9s,False,518.0,0,True,True,0.5592498779296875
006,YOLOv9s,False,519.0,0,True,True,0.559786856174469
006,YOLOv9s,False,520.0,0,True,True,0.5647807121276855
006,YOLOv9s,False,521.0,0,True,True,0.5621176958084106
006,YOLOv9s,False,522.0,0,True,True,0.5648216009140015
006,YOLOv9s,False,523.0,0,True,True,0.5640614628791809
006,YOLOv9s,False,524.0,0,True,True,0.5673019886016846
006,YOLOv9s,False,525.0,0,True,True,0.5678179264068604
006,YOLOv9s,False,526.0,0,True,True,0.5707152485847473
006,YOLOv9s,False,527.0,0,True,True,0.5735487341880798
006,YOLOv9s,False,528.0,0,True,True,0.5725110769271851
006,YOLOv9s,False,529.0,0,True,True,0.5787567496299744
006,YOLOv9s,False,530.0,0,True,True,0.5803223252296448
006,YOLOv9s,False,531.0,0,True,True,0.5841145515441895
006,YOLOv9s,False,532.0,0,True,True,0.5895509123802185
006,YOLOv9s,False,533.0,0,True,True,0.5878612995147705
006,YOLOv9s,False,534.0,0,True,True,0.5869083404541016
006,YOLOv9s,False,535.0,0,True,True,0.5817848443984985
006,YOLOv9s,False,536.0,0,True,True,0.5824098587036133
006,YOLOv9s,False,537.0,0,True,True,0.5902499556541443
006,YOLOv9s,False,538.0,0,True,True,0.5944133400917053
006,YOLOv9s,False,539.0,0,True,True,0.5939333438873291
006,YOLOv9s,False,540.0,0,True,True,0.5946618318557739
006,YOLOv9s,False,541.0,0,True,True,0.5977532863616943
006,YOLOv9s,False,542.0,0,True,True,0.5997097492218018
006,YOLOv9s,False,543.0,0,True,True,0.598418116569519
006,YOLOv9s,False,544.0,0,True,True,0.5988566875457764
006,YOLOv9s,False,545.0,0,True,True,0.6007131934165955
006,YOLOv9s,False,546.0,0,True,True,0.5977445244789124
006,YOLOv9s,False,547.0,0,True,True,0.6001654863357544
006,YOLOv9s,False,548.0,0,True,True,0.6038809418678284
006,YOLOv9s,False,549.0,0,True,True,0.6060502529144287
006,YOLOv9s,False,550.0,0,True,True,0.6087526082992554
006,YOLOv9s,False,551.0,0,True,True,0.6063065528869629
006,YOLOv9s,False,552.0,0,True,True,0.5998013615608215
007,YOLOv9s,False,209.0,0,True,True,0.28016358613967896
007,YOLOv9s,False,210.0,0,True,True,0.4165354073047638
007,YOLOv9s,False,211.0,0,True,True,0.3038649260997772
007,YOLOv9s,False,213.0,0,True,True,0.5248739123344421
007,YOLOv9s,False,214.0,0,True,True,0.7092793583869934
007,YOLOv9s,False,215.0,0,True,True,0.5371577739715576
007,YOLOv9s,False,216.0,0,True,True,0.5049231648445129
007,YOLOv9s,False,217.0,0,True,True,0.6426971554756165
007,YOLOv9s,False,218.0,0,True,True,0.6569639444351196
007,YOLOv9s,False,219.0,0,True,True,0.5030125975608826
007,YOLOv9s,False,220.0,0,True,True,0.7783947587013245
007,YOLOv9s,False,221.0,0,True,True,0.8386180996894836
007,YOLOv9s,False,222.0,0,True,True,0.6909868717193604
007,YOLOv9s,False,223.0,0,True,True,0.45655304193496704
007,YOLOv9s,False,235.0,0,True,True,0.46536824107170105
007,YOLOv9s,False,245.0,0,True,True,0.46078598499298096
007,YOLOv9s,False,246.0,0,True,True,0.5075176954269409
007,YOLOv9s,False,247.0,0,True,True,0.6012104153633118
007,YOLOv9s,False,248.0,0,True,True,0.638735830783844
007,YOLOv9s,False,249.0,0,True,True,0.6193472146987915
007,YOLOv9s,False,250.0,0,True,True,0.6111930012702942
007,YOLOv9s,False,251.0,0,True,True,0.5748113393783569
007,YOLOv9s,False,252.0,0,True,True,0.5867131948471069
007,YOLOv9s,False,253.0,0,True,True,0.5874903798103333
007,YOLOv9s,False,254.0,0,True,True,0.5845863819122314
007,YOLOv9s,False,255.0,0,True,True,0.5635334849357605
007,YOLOv9s,False,256.0,0,True,True,0.546747624874115
007,YOLOv9s,False,257.0,0,True,True,0.5430604219436646
007,YOLOv9s,False,258.0,0,True,True,0.5422947406768799
007,YOLOv9s,False,259.0,0,True,True,0.5278903245925903
007,YOLOv9s,False,260.0,0,True,True,0.44151628017425537
007,YOLOv9s,False,260.0,1,False,True,0.34486833214759827
007,YOLOv9s,False,261.0,0,True,True,0.39136025309562683
007,YOLOv9s,False,261.0,1,False,True,0.37711673974990845
007,YOLOv9s,False,262.0,0,True,True,0.4098793864250183
007,YOLOv9s,False,263.0,0,True,True,0.43443554639816284
007,YOLOv9s,False,264.0,0,True,True,0.49100399017333984
007,YOLOv9s,False,265.0,0,True,True,0.49631771445274353
007,YOLOv9s,False,266.0,0,True,True,0.4816499948501587
007,YOLOv9s,False,267.0,0,True,True,0.4745498299598694
007,YOLOv9s,False,268.0,0,True,True,0.49015599489212036
007,YOLOv9s,False,269.0,0,True,True,0.4731769561767578
007,YOLOv9s,False,270.0,0,True,True,0.43701523542404175
007,YOLOv9s,False,271.0,0,True,True,0.4144960641860962
007,YOLOv9s,False,272.0,0,True,True,0.38051795959472656
007,YOLOv9s,False,273.0,0,True,True,0.38040924072265625
007,YOLOv9s,False,274.0,0,True,True,0.3537066876888275
007,YOLOv9s,False,275.0,0,True,True,0.3681924641132355
007,YOLOv9s,False,276.0,0,True,True,0.3719846308231354
007,YOLOv9s,False,277.0,0,True,True,0.3826020061969757
007,YOLOv9s,False,278.0,0,True,True,0.4044542610645294
007,YOLOv9s,False,279.0,0,True,True,0.42202165722846985
007,YOLOv9s,False,280.0,0,True,True,0.4068782925605774
007,YOLOv9s,False,281.0,0,True,True,0.39850929379463196
007,YOLOv9s,False,282.0,0,True,True,0.391390860080719
007,YOLOv9s,False,283.0,0,True,True,0.38457801938056946
007,YOLOv9s,False,284.0,0,True,True,0.3961009979248047
007,YOLOv9s,False,285.0,0,True,True,0.4261714220046997
007,YOLOv9s,False,286.0,0,True,True,0.44024407863616943
007,YOLOv9s,False,287.0,0,True,True,0.4534859359264374
007,YOLOv9s,False,288.0,0,True,True,0.4873989224433899
007,YOLOv9s,False,289.0,0,True,True,0.4990157186985016
007,YOLOv9s,False,290.0,0,True,True,0.5182434916496277
007,YOLOv9s,False,291.0,0,True,True,0.529839038848877
007,YOLOv9s,False,292.0,0,True,True,0.5289362072944641
007,YOLOv9s,False,292.0,1,False,True,0.25501522421836853
007,YOLOv9s,False,293.0,0,True,True,0.5479390621185303
007,YOLOv9s,False,294.0,0,True,True,0.5573586821556091
007,YOLOv9s,False,295.0,0,True,True,0.5436499714851379
007,YOLOv9s,False,296.0,0,True,True,0.5361390709877014
007,YOLOv9s,False,297.0,0,True,True,0.5177266001701355
007,YOLOv9s,False,298.0,0,True,True,0.5094258189201355
007,YOLOv9s,False,299.0,0,True,True,0.4588475227355957
007,YOLOv9s,False,300.0,0,True,True,0.4473382830619812
007,YOLOv9s,False,301.0,0,True,True,0.4471052289009094
007,YOLOv9s,False,302.0,0,True,True,0.4450684189796448
007,YOLOv9s,False,303.0,0,True,True,0.4261644780635834
007,YOLOv9s,False,304.0,0,True,True,0.43252187967300415
007,YOLOv9s,False,305.0,0,True,True,0.42211633920669556
007,YOLOv9s,False,306.0,0,True,True,0.41702836751937866
007,YOLOv9s,False,307.0,0,True,True,0.41598761081695557
007,YOLOv9s,False,308.0,0,True,True,0.4308670461177826
007,YOLOv9s,False,309.0,0,True,True,0.43125736713409424
007,YOLOv9s,False,310.0,0,True,True,0.4344974756240845
007,YOLOv9s,False,311.0,0,True,True,0.4536992013454437
007,YOLOv9s,False,312.0,0,True,True,0.4339895248413086
007,YOLOv9s,False,313.0,0,True,True,0.4339233636856079
007,YOLOv9s,False,314.0,0,True,True,0.3418038785457611
007,YOLOv9s,False,315.0,0,True,True,0.3276919424533844
007,YOLOv9s,False,316.0,0,True,True,0.3192361891269684
007,YOLOv9s,False,317.0,0,True,True,0.3291129767894745
007,YOLOv9s,False,345.0,0,True,True,0.26667699217796326
007,YOLOv9s,False,346.0,0,True,True,0.5263561010360718
007,YOLOv9s,False,347.0,0,True,True,0.5330535173416138
007,YOLOv9s,False,348.0,0,True,True,0.5606457591056824
007,YOLOv9s,False,349.0,0,True,True,0.4726618528366089
007,YOLOv9s,False,350.0,0,True,True,0.33978891372680664
007,YOLOv9s,False,351.0,0,True,True,0.3101516664028168
007,YOLOv9s,False,352.0,0,True,True,0.33443576097488403
007,YOLOv9s,False,353.0,0,True,True,0.2773498594760895
007,YOLOv9s,False,365.0,0,True,True,0.3846901059150696
007,YOLOv9s,False,366.0,0,True,True,0.43808063864707947
007,YOLOv9s,False,367.0,0,True,True,0.3256356120109558
007,YOLOv9s,False,369.0,0,True,True,0.2611067593097687
007,YOLOv9s,False,370.0,0,True,True,0.2640226185321808
007,YOLOv9s,False,371.0,0,True,True,0.3412194848060608
007,YOLOv9s,False,372.0,0,True,True,0.3993503451347351
007,YOLOv9s,False,373.0,0,True,True,0.26619479060173035
007,YOLOv9s,False,374.0,0,True,True,0.41835817694664
007,YOLOv9s,False,375.0,0,True,True,0.48484933376312256
007,YOLOv9s,False,376.0,0,True,True,0.4783434569835663
007,YOLOv9s,False,377.0,0,True,True,0.5015685558319092
007,YOLOv9s,False,378.0,0,True,True,0.4308408200740814
007,YOLOv9s,False,379.0,0,True,True,0.36561042070388794
007,YOLOv9s,False,389.0,0,True,True,0.286038339138031
007,YOLOv9s,False,390.0,0,True,True,0.32513269782066345
007,YOLOv9s,False,391.0,0,True,True,0.31045618653297424
007,YOLOv9s,False,392.0,0,True,True,0.29714998602867126
007,YOLOv9s,False,393.0,0,True,True,0.32701376080513
007,YOLOv9s,False,394.0,0,True,True,0.3957764208316803
007,YOLOv9s,False,395.0,0,True,True,0.26308879256248474
007,YOLOv9s,False,396.0,0,True,True,0.2630377411842346
007,YOLOv9s,False,397.0,0,True,True,0.27196818590164185
007,YOLOv9s,False,398.0,0,True,True,0.3045981228351593
007,YOLOv9s,False,399.0,0,True,True,0.25395169854164124
007,YOLOv9s,False,409.0,0,True,True,0.3127921521663666
007,YOLOv9s,False,410.0,0,True,True,0.2741905748844147
008,YOLOv9s,False,0.0,0,False,True,0.574595034122467
008,YOLOv9s,False,0.0,1,False,True,0.5657085180282593
008,YOLOv9s,False,1.0,0,False,True,0.75284343957901
008,YOLOv9s,False,1.0,1,False,True,0.5466206669807434
008,YOLOv9s,False,2.0,0,False,True,0.7611485123634338
008,YOLOv9s,False,2.0,1,False,True,0.5444200038909912
008,YOLOv9s,False,3.0,0,False,True,0.781082034111023
008,YOLOv9s,False,3.0,1,False,True,0.5523595213890076
008,YOLOv9s,False,4.0,0,False,True,0.7763829231262207
008,YOLOv9s,False,4.0,1,False,True,0.544779896736145
008,YOLOv9s,False,5.0,0,False,True,0.7910095453262329
008,YOLOv9s,False,5.0,1,False,True,0.5530281662940979
008,YOLOv9s,False,6.0,0,False,True,0.7645030617713928
008,YOLOv9s,False,6.0,1,False,True,0.5468487739562988
008,YOLOv9s,False,7.0,0,False,True,0.7717058658599854
008,YOLOv9s,False,7.0,1,False,True,0.5592371225357056
008,YOLOv9s,False,8.0,0,False,True,0.7872767448425293
008,YOLOv9s,False,8.0,1,False,True,0.5783593058586121
008,YOLOv9s,False,9.0,0,False,True,0.7767593264579773
008,YOLOv9s,False,9.0,1,False,True,0.5816720724105835
008,YOLOv9s,False,10.0,0,False,True,0.7881149649620056
008,YOLOv9s,False,10.0,1,False,True,0.5806430578231812
008,YOLOv9s,False,11.0,0,False,True,0.7983790636062622
008,YOLOv9s,False,11.0,1,False,True,0.5709645748138428
008,YOLOv9s,False,12.0,0,False,True,0.7966322898864746
008,YOLOv9s,False,12.0,1,False,True,0.5863577127456665
008,YOLOv9s,False,13.0,0,False,True,0.7937039136886597
008,YOLOv9s,False,13.0,1,False,True,0.5729712843894958
008,YOLOv9s,False,14.0,0,False,True,0.7967227697372437
008,YOLOv9s,False,14.0,1,False,True,0.5738250017166138
008,YOLOv9s,False,15.0,0,False,True,0.7924376726150513
008,YOLOv9s,False,15.0,1,False,True,0.5767631530761719
008,YOLOv9s,False,16.0,0,False,True,0.789971649646759
008,YOLOv9s,False,16.0,1,False,True,0.5958982110023499
008,YOLOv9s,False,17.0,0,False,True,0.7848895788192749
008,YOLOv9s,False,17.0,1,False,True,0.5827519297599792
008,YOLOv9s,False,18.0,0,False,True,0.7858045101165771
008,YOLOv9s,False,18.0,1,False,True,0.5855506658554077
008,YOLOv9s,False,19.0,0,False,True,0.7844203114509583
008,YOLOv9s,False,19.0,1,False,True,0.5774255394935608
008,YOLOv9s,False,20.0,0,False,True,0.7889577746391296
008,YOLOv9s,False,20.0,1,False,True,0.568768322467804
008,YOLOv9s,False,21.0,0,False,True,0.7927073836326599
008,YOLOv9s,False,21.0,1,False,True,0.5722001791000366
008,YOLOv9s,False,22.0,0,False,True,0.8024893999099731
008,YOLOv9s,False,22.0,1,False,True,0.5624644756317139
008,YOLOv9s,False,23.0,0,False,True,0.7907133102416992
008,YOLOv9s,False,23.0,1,False,True,0.5657835602760315
008,YOLOv9s,False,24.0,0,False,True,0.7762579321861267
008,YOLOv9s,False,24.0,1,False,True,0.5751067399978638
008,YOLOv9s,False,25.0,0,False,True,0.7868039608001709
008,YOLOv9s,False,25.0,1,False,True,0.5720294117927551
008,YOLOv9s,False,26.0,0,False,True,0.7723351120948792
008,YOLOv9s,False,26.0,1,False,True,0.5629264116287231
008,YOLOv9s,False,27.0,0,False,True,0.7774178981781006
008,YOLOv9s,False,27.0,1,False,True,0.5679960250854492
008,YOLOv9s,False,28.0,0,False,True,0.7834055423736572
008,YOLOv9s,False,28.0,1,False,True,0.5818415284156799
008,YOLOv9s,False,29.0,0,False,True,0.7937238812446594
008,YOLOv9s,False,29.0,1,False,True,0.5965185165405273
008,YOLOv9s,False,30.0,0,False,True,0.7615946531295776
008,YOLOv9s,False,30.0,1,False,True,0.5719980001449585
008,YOLOv9s,False,31.0,0,False,True,0.7730628252029419
008,YOLOv9s,False,31.0,1,False,True,0.5662675499916077
008,YOLOv9s,False,32.0,0,False,True,0.7691279649734497
008,YOLOv9s,False,32.0,1,False,True,0.5760093927383423
008,YOLOv9s,False,33.0,0,False,True,0.7857233285903931
008,YOLOv9s,False,33.0,1,False,True,0.5620861053466797
008,YOLOv9s,False,34.0,0,False,True,0.7732616662979126
008,YOLOv9s,False,34.0,1,False,True,0.5612791776657104
008,YOLOv9s,False,35.0,0,False,True,0.7684012651443481
008,YOLOv9s,False,35.0,1,False,True,0.5624606013298035
008,YOLOv9s,False,36.0,0,False,True,0.7817037105560303
008,YOLOv9s,False,36.0,1,False,True,0.5776495933532715
008,YOLOv9s,False,37.0,0,False,True,0.7750306725502014
008,YOLOv9s,False,37.0,1,False,True,0.5757913589477539
008,YOLOv9s,False,38.0,0,False,True,0.7789284586906433
008,YOLOv9s,False,38.0,1,False,True,0.5752823352813721
008,YOLOv9s,False,39.0,0,False,True,0.7683037519454956
008,YOLOv9s,False,39.0,1,False,True,0.5713022351264954
008,YOLOv9s,False,40.0,0,False,True,0.7653506994247437
008,YOLOv9s,False,40.0,1,False,True,0.572501003742218
008,YOLOv9s,False,41.0,0,False,True,0.7737834453582764
008,YOLOv9s,False,41.0,1,False,True,0.5648697018623352
008,YOLOv9s,False,42.0,0,False,True,0.7881724834442139
008,YOLOv9s,False,42.0,1,False,True,0.5712985992431641
008,YOLOv9s,False,43.0,0,False,True,0.7804961800575256
008,YOLOv9s,False,43.0,1,False,True,0.5698195695877075
008,YOLOv9s,False,44.0,0,False,True,0.7763955593109131
008,YOLOv9s,False,44.0,1,False,True,0.5817013382911682
008,YOLOv9s,False,45.0,0,False,True,0.7735329270362854
008,YOLOv9s,False,45.0,1,False,True,0.5679221153259277
008,YOLOv9s,False,46.0,0,False,True,0.7998546361923218
008,YOLOv9s,False,46.0,1,False,True,0.5625646710395813
008,YOLOv9s,False,47.0,0,False,True,0.7900012731552124
008,YOLOv9s,False,47.0,1,False,True,0.5666762590408325
008,YOLOv9s,False,48.0,0,False,True,0.7914102077484131
008,YOLOv9s,False,48.0,1,False,True,0.5732975006103516
008,YOLOv9s,False,49.0,0,False,True,0.7935556769371033
008,YOLOv9s,False,49.0,1,False,True,0.5629906058311462
008,YOLOv9s,False,50.0,0,False,True,0.786385178565979
008,YOLOv9s,False,50.0,1,False,True,0.5714524984359741
008,YOLOv9s,False,51.0,0,False,True,0.7891815900802612
008,YOLOv9s,False,51.0,1,False,True,0.5565792918205261
008,YOLOv9s,False,52.0,0,False,True,0.7924777865409851
008,YOLOv9s,False,52.0,1,False,True,0.5652086138725281
008,YOLOv9s,False,53.0,0,False,True,0.7867903113365173
008,YOLOv9s,False,53.0,1,False,True,0.5735279321670532
008,YOLOv9s,False,54.0,0,False,True,0.7782542705535889
008,YOLOv9s,False,54.0,1,False,True,0.5906758904457092
008,YOLOv9s,False,55.0,0,False,True,0.7119402289390564
008,YOLOv9s,False,55.0,1,False,True,0.5900158286094666
008,YOLOv9s,False,56.0,0,False,True,0.6906289458274841
008,YOLOv9s,False,56.0,1,False,True,0.5880911946296692
008,YOLOv9s,False,57.0,0,False,True,0.6073873043060303
008,YOLOv9s,False,57.0,1,False,True,0.5860294103622437
008,YOLOv9s,False,58.0,0,False,True,0.5739169120788574
008,YOLOv9s,False,58.0,1,False,True,0.38473817706108093
008,YOLOv9s,False,59.0,0,False,True,0.5136671662330627
008,YOLOv9s,False,59.0,1,False,True,0.4687773883342743
008,YOLOv9s,False,60.0,0,False,True,0.4415399730205536
008,YOLOv9s,False,60.0,1,False,True,0.362638384103775
008,YOLOv9s,False,61.0,0,False,True,0.4546566903591156
008,YOLOv9s,False,61.0,1,False,True,0.25114211440086365
008,YOLOv9s,False,62.0,0,False,True,0.473422110080719
008,YOLOv9s,False,63.0,0,False,True,0.4249628186225891
008,YOLOv9s,False,64.0,0,False,True,0.45573773980140686
008,YOLOv9s,False,65.0,0,False,True,0.49132201075553894
008,YOLOv9s,False,66.0,0,False,True,0.5725873708724976
008,YOLOv9s,False,67.0,0,False,True,0.5171610713005066
008,YOLOv9s,False,68.0,0,False,True,0.5016195774078369
008,YOLOv9s,False,68.0,1,False,True,0.45137161016464233
008,YOLOv9s,False,68.0,2,False,True,0.35272133350372314
008,YOLOv9s,False,68.0,3,False,True,0.30984190106391907
008,YOLOv9s,False,68.0,4,False,True,0.27232587337493896
008,YOLOv9s,False,69.0,0,False,True,0.4886525273323059
008,YOLOv9s,False,69.0,1,False,True,0.38080090284347534
008,YOLOv9s,False,69.0,2,False,True,0.2839539349079132
008,YOLOv9s,False,70.0,0,False,True,0.5272668600082397
008,YOLOv9s,False,70.0,1,False,True,0.3341430723667145
008,YOLOv9s,False,70.0,2,False,True,0.3223724067211151
008,YOLOv9s,False,70.0,3,False,True,0.25075212121009827
008,YOLOv9s,False,71.0,0,False,True,0.5947225093841553
008,YOLOv9s,False,71.0,1,False,True,0.5685298442840576
008,YOLOv9s,False,71.0,2,False,True,0.44114792346954346
008,YOLOv9s,False,72.0,0,False,True,0.6966663599014282
008,YOLOv9s,False,72.0,1,False,True,0.6062566041946411
008,YOLOv9s,False,73.0,0,False,True,0.6106457710266113
008,YOLOv9s,False,73.0,1,False,True,0.5796794891357422
008,YOLOv9s,False,74.0,0,False,True,0.5458002090454102
008,YOLOv9s,False,74.0,1,False,True,0.4043766260147095
008,YOLOv9s,False,75.0,0,False,True,0.3829013407230377
008,YOLOv9s,False,76.0,0,False,True,0.41370928287506104
008,YOLOv9s,False,76.0,1,False,True,0.254448264837265
008,YOLOv9s,False,77.0,0,False,True,0.338547021150589
008,YOLOv9s,False,77.0,1,False,True,0.3093162477016449
008,YOLOv9s,False,78.0,0,False,True,0.3493998348712921
008,YOLOv9s,False,78.0,1,False,True,0.27367541193962097
008,YOLOv9s,False,79.0,0,False,True,0.6364003419876099
008,YOLOv9s,False,79.0,1,False,True,0.3931938707828522
008,YOLOv9s,False,80.0,0,False,True,0.5590389966964722
008,YOLOv9s,False,81.0,0,False,True,0.559329628944397
008,YOLOv9s,False,82.0,0,False,True,0.6391878724098206
008,YOLOv9s,False,82.0,1,False,True,0.33734700083732605
008,YOLOv9s,False,83.0,0,False,True,0.7744691371917725
008,YOLOv9s,False,83.0,1,False,True,0.4109111428260803
008,YOLOv9s,False,84.0,0,False,True,0.812385082244873
008,YOLOv9s,False,84.0,1,False,True,0.3881949484348297
008,YOLOv9s,False,84.0,2,False,True,0.31472766399383545
008,YOLOv9s,False,85.0,0,False,True,0.8077507615089417
008,YOLOv9s,False,85.0,1,False,True,0.3942287266254425
008,YOLOv9s,False,85.0,2,False,True,0.36737045645713806
008,YOLOv9s,False,86.0,0,False,True,0.7226762771606445
008,YOLOv9s,False,86.0,1,False,True,0.6197431683540344
008,YOLOv9s,False,86.0,2,False,True,0.35656458139419556
008,YOLOv9s,False,87.0,0,False,True,0.8455246090888977
008,YOLOv9s,False,87.0,1,False,True,0.4648057222366333
008,YOLOv9s,False,87.0,2,False,True,0.369067907333374
008,YOLOv9s,False,88.0,0,False,True,0.8624697923660278
008,YOLOv9s,False,88.0,1,False,True,0.5511634945869446
008,YOLOv9s,False,88.0,2,False,True,0.3331482410430908
008,YOLOv9s,False,89.0,0,False,True,0.836108922958374
008,YOLOv9s,False,89.0,1,False,True,0.5534924268722534
008,YOLOv9s,False,89.0,2,False,True,0.3106745779514313
008,YOLOv9s,False,90.0,0,False,True,0.8799213767051697
008,YOLOv9s,False,90.0,1,False,True,0.5516344308853149
008,YOLOv9s,False,90.0,2,False,True,0.4732585549354553
008,YOLOv9s,False,90.0,3,False,True,0.3218851089477539
008,YOLOv9s,False,91.0,0,False,True,0.8157343864440918
008,YOLOv9s,False,91.0,1,False,True,0.5472176671028137
008,YOLOv9s,False,92.0,0,False,True,0.6139965057373047
008,YOLOv9s,False,92.0,1,False,True,0.5010716915130615
008,YOLOv9s,False,92.0,2,False,True,0.4368637204170227
008,YOLOv9s,False,92.0,3,False,True,0.301246702671051
008,YOLOv9s,False,93.0,0,False,True,0.7416290640830994
008,YOLOv9s,False,93.0,1,False,True,0.4647996723651886
008,YOLOv9s,False,93.0,2,False,True,0.4557061493396759
008,YOLOv9s,False,93.0,3,False,True,0.2893536388874054
008,YOLOv9s,False,94.0,0,False,True,0.7202611565589905
008,YOLOv9s,False,94.0,1,False,True,0.4967842698097229
008,YOLOv9s,False,94.0,2,False,True,0.442671537399292
008,YOLOv9s,False,94.0,3,False,True,0.41425609588623047
008,YOLOv9s,False,95.0,0,False,True,0.6922703385353088
008,YOLOv9s,False,95.0,1,False,True,0.6310614943504333
008,YOLOv9s,False,95.0,2,False,True,0.4694758653640747
008,YOLOv9s,False,95.0,3,False,True,0.2703821659088135
008,YOLOv9s,False,96.0,0,False,True,0.5644658803939819
008,YOLOv9s,False,96.0,1,False,True,0.44662904739379883
008,YOLOv9s,False,96.0,2,False,True,0.4147043824195862
008,YOLOv9s,False,96.0,3,False,True,0.29222118854522705
008,YOLOv9s,False,97.0,0,False,True,0.5674678087234497
008,YOLOv9s,False,97.0,1,False,True,0.48350173234939575
008,YOLOv9s,False,97.0,2,False,True,0.3977106213569641
008,YOLOv9s,False,97.0,3,False,True,0.2522374987602234
008,YOLOv9s,False,98.0,0,False,True,0.5363393425941467
008,YOLOv9s,False,98.0,1,False,True,0.5172232389450073
008,YOLOv9s,False,98.0,2,False,True,0.3841165602207184
008,YOLOv9s,False,99.0,0,False,True,0.692633867263794
008,YOLOv9s,False,99.0,1,False,True,0.5346843004226685
008,YOLOv9s,False,99.0,2,False,True,0.4327729642391205
008,YOLOv9s,False,100.0,0,False,True,0.7971964478492737
008,YOLOv9s,False,100.0,1,False,True,0.44097912311553955
008,YOLOv9s,False,100.0,2,False,True,0.4023744761943817
008,YOLOv9s,False,101.0,0,False,True,0.6996241211891174
008,YOLOv9s,False,101.0,1,False,True,0.36778080463409424
008,YOLOv9s,False,101.0,2,False,True,0.3025863468647003
008,YOLOv9s,False,102.0,0,False,True,0.6677374243736267
008,YOLOv9s,False,102.0,1,False,True,0.36666038632392883
008,YOLOv9s,False,102.0,2,False,True,0.3141254484653473
008,YOLOv9s,False,103.0,0,False,True,0.4582462012767792
008,YOLOv9s,False,103.0,1,False,True,0.45159080624580383
008,YOLOv9s,False,103.0,2,False,True,0.2780012786388397
008,YOLOv9s,False,104.0,0,False,True,0.4274349808692932
008,YOLOv9s,False,104.0,1,False,True,0.4225972592830658
008,YOLOv9s,False,105.0,0,False,True,0.38521745800971985
008,YOLOv9s,False,105.0,1,False,True,0.28897973895072937
008,YOLOv9s,False,106.0,0,False,True,0.37918731570243835
008,YOLOv9s,False,106.0,1,False,True,0.26548370718955994
008,YOLOv9s,False,107.0,0,False,True,0.43252915143966675
008,YOLOv9s,False,107.0,1,False,True,0.26960289478302
008,YOLOv9s,False,107.0,2,False,True,0.2611750364303589
008,YOLOv9s,False,108.0,0,False,True,0.47416144609451294
008,YOLOv9s,False,108.0,1,False,True,0.28812703490257263
008,YOLOv9s,False,109.0,0,False,True,0.5074616074562073
008,YOLOv9s,False,110.0,0,False,True,0.48438742756843567
008,YOLOv9s,False,110.0,1,False,True,0.364012211561203
008,YOLOv9s,False,110.0,2,False,True,0.3119596242904663
008,YOLOv9s,False,111.0,0,False,True,0.48377519845962524
008,YOLOv9s,False,111.0,1,False,True,0.47517767548561096
008,YOLOv9s,False,111.0,2,False,True,0.2818887531757355
008,YOLOv9s,False,112.0,0,False,True,0.4531037509441376
008,YOLOv9s,False,112.0,1,False,True,0.31795042753219604
008,YOLOv9s,False,112.0,2,False,True,0.29335683584213257
008,YOLOv9s,False,113.0,0,False,True,0.4575672447681427
008,YOLOv9s,False,113.0,1,False,True,0.29358166456222534
008,YOLOv9s,False,114.0,0,False,True,0.4690416753292084
008,YOLOv9s,False,115.0,0,False,True,0.47718819975852966
008,YOLOv9s,False,115.0,1,False,True,0.3384645879268646
008,YOLOv9s,False,116.0,0,False,True,0.4553488790988922
008,YOLOv9s,False,116.0,1,False,True,0.30143633484840393
008,YOLOv9s,False,117.0,0,False,True,0.45311036705970764
008,YOLOv9s,False,117.0,1,False,True,0.31805288791656494
008,YOLOv9s,False,118.0,0,False,True,0.46849876642227173
008,YOLOv9s,False,118.0,1,False,True,0.33764082193374634
008,YOLOv9s,False,118.0,2,False,True,0.26120078563690186
008,YOLOv9s,False,119.0,0,False,True,0.4911181926727295
008,YOLOv9s,False,119.0,1,False,True,0.2552129328250885
008,YOLOv9s,False,120.0,0,False,True,0.48759353160858154
008,YOLOv9s,False,120.0,1,False,True,0.26242703199386597
008,YOLOv9s,False,121.0,0,False,True,0.5223811268806458
008,YOLOv9s,False,121.0,1,False,True,0.3682354986667633
008,YOLOv9s,False,121.0,2,False,True,0.2717241942882538
008,YOLOv9s,False,122.0,0,False,True,0.5192345380783081
008,YOLOv9s,False,122.0,1,False,True,0.2896810472011566
008,YOLOv9s,False,123.0,0,False,True,0.5141237378120422
008,YOLOv9s,False,123.0,1,False,True,0.2587539553642273
008,YOLOv9s,False,124.0,0,False,True,0.5175444483757019
008,YOLOv9s,False,124.0,1,False,True,0.3436576724052429
008,YOLOv9s,False,124.0,2,False,True,0.2518576979637146
008,YOLOv9s,False,125.0,0,False,True,0.5131118893623352
008,YOLOv9s,False,125.0,1,False,True,0.43605226278305054
008,YOLOv9s,False,125.0,2,False,True,0.4040078818798065
008,YOLOv9s,False,126.0,0,False,True,0.5127896070480347
008,YOLOv9s,False,126.0,1,False,True,0.4108257293701172
008,YOLOv9s,False,126.0,2,False,True,0.3417123556137085
008,YOLOv9s,False,127.0,0,False,True,0.5116013884544373
008,YOLOv9s,False,127.0,1,False,True,0.3567923903465271
008,YOLOv9s,False,127.0,2,False,True,0.25403138995170593
008,YOLOv9s,False,128.0,0,False,True,0.4969080090522766
008,YOLOv9s,False,128.0,1,False,True,0.32685962319374084
008,YOLOv9s,False,129.0,0,False,True,0.49406737089157104
008,YOLOv9s,False,129.0,1,False,True,0.3357574939727783
008,YOLOv9s,False,129.0,2,False,True,0.32481008768081665
008,YOLOv9s,False,130.0,0,False,True,0.5874816179275513
008,YOLOv9s,False,130.0,1,False,True,0.4982568323612213
008,YOLOv9s,False,131.0,0,False,True,0.495017945766449
008,YOLOv9s,False,131.0,1,False,True,0.347017765045166
008,YOLOv9s,False,132.0,0,False,True,0.5072023868560791
008,YOLOv9s,False,132.0,1,False,True,0.32920026779174805
008,YOLOv9s,False,133.0,0,False,True,0.5015339851379395
008,YOLOv9s,False,133.0,1,False,True,0.3270311951637268
008,YOLOv9s,False,134.0,0,False,True,0.5088841915130615
008,YOLOv9s,False,135.0,0,False,True,0.5025866031646729
008,YOLOv9s,False,135.0,1,False,True,0.38875842094421387
008,YOLOv9s,False,136.0,0,False,True,0.5133056044578552
008,YOLOv9s,False,136.0,1,False,True,0.42028239369392395
008,YOLOv9s,False,137.0,0,False,True,0.5520398020744324
008,YOLOv9s,False,137.0,1,False,True,0.499162882566452
008,YOLOv9s,False,138.0,0,False,True,0.5353102684020996
008,YOLOv9s,False,138.0,1,False,True,0.49160751700401306
008,YOLOv9s,False,139.0,0,False,True,0.4943986237049103
008,YOLOv9s,False,139.0,1,False,True,0.3854544162750244
008,YOLOv9s,False,140.0,0,False,True,0.48840853571891785
008,YOLOv9s,False,140.0,1,False,True,0.4264986217021942
008,YOLOv9s,False,141.0,0,False,True,0.495048463344574
008,YOLOv9s,False,141.0,1,False,True,0.4413602650165558
008,YOLOv9s,False,142.0,0,False,True,0.49867773056030273
008,YOLOv9s,False,142.0,1,False,True,0.376688152551651
008,YOLOv9s,False,143.0,0,False,True,0.4850398004055023
008,YOLOv9s,False,143.0,1,False,True,0.44100165367126465
008,YOLOv9s,False,144.0,0,False,True,0.48530441522598267
008,YOLOv9s,False,144.0,1,False,True,0.42894843220710754
008,YOLOv9s,False,145.0,0,False,True,0.5355247259140015
008,YOLOv9s,False,145.0,1,False,True,0.3731842637062073
008,YOLOv9s,False,146.0,0,False,True,0.5300989151000977
008,YOLOv9s,False,146.0,1,False,True,0.36934375762939453
008,YOLOv9s,False,147.0,0,False,True,0.5298836827278137
008,YOLOv9s,False,147.0,1,False,True,0.2761991322040558
008,YOLOv9s,False,148.0,0,False,True,0.5148746967315674
008,YOLOv9s,False,148.0,1,False,True,0.28591078519821167
008,YOLOv9s,False,149.0,0,False,True,0.5242823958396912
008,YOLOv9s,False,149.0,1,False,True,0.39902833104133606
008,YOLOv9s,False,150.0,0,False,True,0.5488374829292297
008,YOLOv9s,False,150.0,1,False,True,0.3445541262626648
008,YOLOv9s,False,151.0,0,False,True,0.561510443687439
008,YOLOv9s,False,151.0,1,False,True,0.343797504901886
008,YOLOv9s,False,151.0,2,False,True,0.2815122604370117
008,YOLOv9s,False,152.0,0,False,True,0.5585620403289795
008,YOLOv9s,False,152.0,1,False,True,0.3427765667438507
008,YOLOv9s,False,152.0,2,False,True,0.29529860615730286
008,YOLOv9s,False,152.0,3,False,True,0.28447502851486206
008,YOLOv9s,False,153.0,0,False,True,0.5631828904151917
008,YOLOv9s,False,153.0,1,False,True,0.5222433805465698
008,YOLOv9s,False,153.0,2,False,True,0.27929967641830444
008,YOLOv9s,False,153.0,3,False,True,0.25131264328956604
008,YOLOv9s,False,154.0,0,False,True,0.6831128001213074
008,YOLOv9s,False,154.0,1,False,True,0.569255530834198
008,YOLOv9s,False,155.0,0,False,True,0.7330151796340942
008,YOLOv9s,False,155.0,1,False,True,0.5629673600196838
008,YOLOv9s,False,155.0,2,False,True,0.26372259855270386
008,YOLOv9s,False,156.0,0,False,True,0.7321445345878601
008,YOLOv9s,False,156.0,1,False,True,0.5612301826477051
008,YOLOv9s,False,156.0,2,False,True,0.26278844475746155
008,YOLOv9s,False,157.0,0,False,True,0.6991990804672241
008,YOLOv9s,False,157.0,1,False,True,0.5510245561599731
008,YOLOv9s,False,157.0,2,False,True,0.30530864000320435
008,YOLOv9s,False,158.0,0,False,True,0.6388751268386841
008,YOLOv9s,False,158.0,1,False,True,0.5534435510635376
008,YOLOv9s,False,158.0,2,False,True,0.33126652240753174
008,YOLOv9s,False,159.0,0,False,True,0.669273853302002
008,YOLOv9s,False,159.0,1,False,True,0.5487885475158691
008,YOLOv9s,False,160.0,0,False,True,0.611282229423523
008,YOLOv9s,False,160.0,1,False,True,0.5471345782279968
008,YOLOv9s,False,160.0,2,False,True,0.41495421528816223
008,YOLOv9s,False,161.0,0,False,True,0.5444638729095459
008,YOLOv9s,False,161.0,1,False,True,0.5222621560096741
008,YOLOv9s,False,161.0,2,False,True,0.4807875454425812
008,YOLOv9s,False,162.0,0,False,True,0.5458697080612183
008,YOLOv9s,False,162.0,1,False,True,0.545837938785553
008,YOLOv9s,False,162.0,2,False,True,0.4896826148033142
008,YOLOv9s,False,163.0,0,False,True,0.6285295486450195
008,YOLOv9s,False,163.0,1,False,True,0.5498674511909485
008,YOLOv9s,False,163.0,2,False,True,0.5357140302658081
008,YOLOv9s,False,164.0,0,False,True,0.5880441665649414
008,YOLOv9s,False,164.0,1,False,True,0.5802383422851562
008,YOLOv9s,False,164.0,2,False,True,0.5421553254127502
008,YOLOv9s,False,165.0,0,False,True,0.6550720930099487
008,YOLOv9s,False,165.0,1,False,True,0.5458618998527527
008,YOLOv9s,False,165.0,2,False,True,0.4708698093891144
008,YOLOv9s,False,166.0,0,False,True,0.6360414624214172
008,YOLOv9s,False,166.0,1,False,True,0.5506007671356201
008,YOLOv9s,False,166.0,2,False,True,0.43628719449043274
008,YOLOv9s,False,167.0,0,False,True,0.5414681434631348
008,YOLOv9s,False,167.0,1,False,True,0.4463074803352356
008,YOLOv9s,False,167.0,2,False,True,0.4183931052684784
008,YOLOv9s,False,168.0,0,False,True,0.528032660484314
008,YOLOv9s,False,168.0,1,False,True,0.3698479235172272
008,YOLOv9s,False,168.0,2,False,True,0.36643585562705994
008,YOLOv9s,False,169.0,0,False,True,0.5254228115081787
008,YOLOv9s,False,169.0,1,False,True,0.410552442073822
008,YOLOv9s,False,169.0,2,False,True,0.3488277494907379
008,YOLOv9s,False,170.0,0,False,True,0.5342240929603577
008,YOLOv9s,False,170.0,1,False,True,0.3524247407913208
008,YOLOv9s,False,170.0,2,False,True,0.33111149072647095
008,YOLOv9s,False,171.0,0,False,True,0.536037802696228
008,YOLOv9s,False,171.0,1,False,True,0.42362767457962036
008,YOLOv9s,False,171.0,2,False,True,0.3312940299510956
008,YOLOv9s,False,172.0,0,False,True,0.5379875302314758
008,YOLOv9s,False,172.0,1,False,True,0.4314061403274536
008,YOLOv9s,False,172.0,2,False,True,0.3666280508041382
008,YOLOv9s,False,173.0,0,False,True,0.5376754999160767
008,YOLOv9s,False,173.0,1,False,True,0.45382899045944214
008,YOLOv9s,False,173.0,2,False,True,0.3726558983325958
008,YOLOv9s,False,174.0,0,False,True,0.5547409057617188
008,YOLOv9s,False,174.0,1,False,True,0.44386476278305054
008,YOLOv9s,False,174.0,2,False,True,0.32403209805488586
008,YOLOv9s,False,175.0,0,False,True,0.5374636650085449
008,YOLOv9s,False,175.0,1,False,True,0.33330291509628296
008,YOLOv9s,False,175.0,2,False,True,0.3068794012069702
008,YOLOv9s,False,176.0,0,False,True,0.543952226638794
008,YOLOv9s,False,176.0,1,False,True,0.4597087502479553
008,YOLOv9s,False,176.0,2,False,True,0.3372451066970825
008,YOLOv9s,False,177.0,0,False,True,0.5456132888793945
008,YOLOv9s,False,177.0,1,False,True,0.41362273693084717
008,YOLOv9s,False,177.0,2,False,True,0.3565232455730438
008,YOLOv9s,False,178.0,0,False,True,0.539612889289856
008,YOLOv9s,False,178.0,1,False,True,0.4407663643360138
008,YOLOv9s,False,178.0,2,False,True,0.3695942461490631
008,YOLOv9s,False,179.0,0,False,True,0.5358699560165405
008,YOLOv9s,False,179.0,1,False,True,0.3806670010089874
008,YOLOv9s,False,179.0,2,False,True,0.37295928597450256
008,YOLOv9s,False,180.0,0,False,True,0.5321065187454224
008,YOLOv9s,False,180.0,1,False,True,0.28974759578704834
008,YOLOv9s,False,180.0,2,False,True,0.26198387145996094
008,YOLOv9s,False,181.0,0,False,True,0.5324134826660156
008,YOLOv9s,False,181.0,1,False,True,0.39750897884368896
008,YOLOv9s,False,182.0,0,False,True,0.5318673253059387
008,YOLOv9s,False,182.0,1,False,True,0.3464878499507904
008,YOLOv9s,False,183.0,0,False,True,0.5105172395706177
008,YOLOv9s,False,183.0,1,False,True,0.34149619936943054
008,YOLOv9s,False,184.0,0,False,True,0.4982430934906006
008,YOLOv9s,False,184.0,1,False,True,0.4733971059322357
008,YOLOv9s,False,185.0,0,False,True,0.6451801657676697
008,YOLOv9s,False,185.0,1,False,True,0.49742841720581055
008,YOLOv9s,False,186.0,0,False,True,0.7505010366439819
008,YOLOv9s,False,186.0,1,False,True,0.5026490688323975
008,YOLOv9s,False,187.0,0,False,True,0.7085738778114319
008,YOLOv9s,False,187.0,1,False,True,0.49284985661506653
008,YOLOv9s,False,188.0,0,False,True,0.5451948046684265
008,YOLOv9s,False,188.0,1,False,True,0.463609516620636
008,YOLOv9s,False,189.0,0,False,True,0.45894482731819153
008,YOLOv9s,False,189.0,1,False,True,0.37024372816085815
008,YOLOv9s,False,189.0,2,False,True,0.2947356700897217
008,YOLOv9s,False,190.0,0,False,True,0.4532018303871155
008,YOLOv9s,False,190.0,1,False,True,0.3218909502029419
008,YOLOv9s,False,191.0,0,False,True,0.4574924409389496
008,YOLOv9s,False,191.0,1,False,True,0.26407861709594727
008,YOLOv9s,False,192.0,0,False,True,0.45958277583122253
008,YOLOv9s,False,193.0,0,False,True,0.4580261707305908
008,YOLOv9s,False,193.0,1,False,True,0.26017481088638306
008,YOLOv9s,False,194.0,0,False,True,0.44085896015167236
008,YOLOv9s,False,195.0,0,False,True,0.45639118552207947
008,YOLOv9s,False,196.0,0,False,True,0.44012895226478577
008,YOLOv9s,False,197.0,0,False,True,0.4322254955768585
008,YOLOv9s,False,197.0,1,False,True,0.26056453585624695
008,YOLOv9s,False,198.0,0,False,True,0.44024765491485596
008,YOLOv9s,False,199.0,0,False,True,0.4417560398578644
008,YOLOv9s,False,200.0,0,False,True,0.4357561469078064
008,YOLOv9s,False,201.0,0,False,True,0.4196607172489166
008,YOLOv9s,False,202.0,0,False,True,0.42564088106155396
008,YOLOv9s,False,203.0,0,False,True,0.4406316578388214
008,YOLOv9s,False,204.0,0,False,True,0.42413952946662903
008,YOLOv9s,False,205.0,0,False,True,0.4065888226032257
008,YOLOv9s,False,206.0,0,False,True,0.41155537962913513
008,YOLOv9s,False,207.0,0,False,True,0.4081543982028961
008,YOLOv9s,False,208.0,0,False,True,0.40936580300331116
008,YOLOv9s,False,209.0,0,False,True,0.41254162788391113
008,YOLOv9s,False,210.0,0,False,True,0.4347957372665405
008,YOLOv9s,False,211.0,0,False,True,0.4411374628543854
008,YOLOv9s,False,212.0,0,False,True,0.45215532183647156
008,YOLOv9s,False,213.0,0,False,True,0.4604102373123169
008,YOLOv9s,False,214.0,0,False,True,0.47037556767463684
008,YOLOv9s,False,215.0,0,False,True,0.45711615681648254
008,YOLOv9s,False,216.0,0,False,True,0.4551813304424286
008,YOLOv9s,False,217.0,0,False,True,0.4518029987812042
008,YOLOv9s,False,218.0,0,False,True,0.44872966408729553
008,YOLOv9s,False,219.0,0,False,True,0.44827553629875183
008,YOLOv9s,False,220.0,0,False,True,0.4483826458454132
008,YOLOv9s,False,221.0,0,False,True,0.4374094605445862
008,YOLOv9s,False,222.0,0,False,True,0.4408051371574402
008,YOLOv9s,False,223.0,0,False,True,0.45455726981163025
008,YOLOv9s,False,224.0,0,False,True,0.45260846614837646
008,YOLOv9s,False,224.0,1,False,True,0.2515081763267517
008,YOLOv9s,False,225.0,0,False,True,0.44572940468788147
008,YOLOv9s,False,225.0,1,False,True,0.25579726696014404
008,YOLOv9s,False,226.0,0,False,True,0.4508237838745117
008,YOLOv9s,False,226.0,1,False,True,0.2601129710674286
008,YOLOv9s,False,227.0,0,False,True,0.45386171340942383
008,YOLOv9s,False,227.0,1,False,True,0.2821540832519531
008,YOLOv9s,False,228.0,0,False,True,0.4490736126899719
008,YOLOv9s,False,228.0,1,False,True,0.29841887950897217
008,YOLOv9s,False,229.0,0,False,True,0.4656284749507904
008,YOLOv9s,False,229.0,1,False,True,0.2792800962924957
008,YOLOv9s,False,230.0,0,False,True,0.44911906123161316
008,YOLOv9s,False,230.0,1,False,True,0.2618351876735687
008,YOLOv9s,False,231.0,0,False,True,0.45282819867134094
008,YOLOv9s,False,232.0,0,False,True,0.4912416934967041
008,YOLOv9s,False,232.0,1,False,True,0.26428574323654175
008,YOLOv9s,False,233.0,0,False,True,0.4540293514728546
008,YOLOv9s,False,233.0,1,False,True,0.25426170229911804
008,YOLOv9s,False,234.0,0,False,True,0.44594714045524597
008,YOLOv9s,False,235.0,0,False,True,0.4570237994194031
008,YOLOv9s,False,236.0,0,False,True,0.4560990333557129
008,YOLOv9s,False,237.0,0,False,True,0.4603092670440674
008,YOLOv9s,False,237.0,1,False,True,0.2581053376197815
008,YOLOv9s,False,238.0,0,False,True,0.4513016939163208
008,YOLOv9s,False,238.0,1,False,True,0.26820215582847595
008,YOLOv9s,False,239.0,0,False,True,0.46815964579582214
008,YOLOv9s,False,239.0,1,False,True,0.2687135636806488
008,YOLOv9s,False,240.0,0,False,True,0.4684448540210724
008,YOLOv9s,False,240.0,1,False,True,0.2796403765678406
008,YOLOv9s,False,241.0,0,False,True,0.46747907996177673
008,YOLOv9s,False,241.0,1,False,True,0.2643856406211853
008,YOLOv9s,False,242.0,0,False,True,0.4595775306224823
008,YOLOv9s,False,242.0,1,False,True,0.26396194100379944
008,YOLOv9s,False,243.0,0,False,True,0.459099680185318
008,YOLOv9s,False,244.0,0,False,True,0.45375171303749084
008,YOLOv9s,False,245.0,0,False,True,0.45520368218421936
008,YOLOv9s,False,246.0,0,False,True,0.4415542185306549
008,YOLOv9s,False,247.0,0,False,True,0.44455769658088684
008,YOLOv9s,False,248.0,0,False,True,0.43257349729537964
008,YOLOv9s,False,249.0,0,False,True,0.448391854763031
008,YOLOv9s,False,250.0,0,False,True,0.4520244300365448
008,YOLOv9s,False,251.0,0,False,True,0.45425868034362793
008,YOLOv9s,False,252.0,0,False,True,0.46453437209129333
008,YOLOv9s,False,253.0,0,False,True,0.46233367919921875
008,YOLOv9s,False,254.0,0,False,True,0.44915705919265747
008,YOLOv9s,False,255.0,0,False,True,0.44895684719085693
008,YOLOv9s,False,256.0,0,False,True,0.44797271490097046
008,YOLOv9s,False,257.0,0,False,True,0.4421007037162781
008,YOLOv9s,False,258.0,0,False,True,0.42527252435684204
008,YOLOv9s,False,259.0,0,False,True,0.4358331561088562
008,YOLOv9s,False,260.0,0,False,True,0.43392738699913025
008,YOLOv9s,False,261.0,0,False,True,0.4959040582180023
008,YOLOv9s,False,262.0,0,False,True,0.46495920419692993
008,YOLOv9s,False,263.0,0,False,True,0.45610031485557556
008,YOLOv9s,False,264.0,0,False,True,0.4508707821369171
008,YOLOv9s,False,265.0,0,False,True,0.44522717595100403
008,YOLOv9s,False,266.0,0,False,True,0.4426262676715851
008,YOLOv9s,False,267.0,0,False,True,0.42115259170532227
008,YOLOv9s,False,268.0,0,False,True,0.4176618158817291
008,YOLOv9s,False,269.0,0,False,True,0.419240266084671
008,YOLOv9s,False,270.0,0,False,True,0.42225417494773865
008,YOLOv9s,False,271.0,0,False,True,0.42252880334854126
008,YOLOv9s,False,272.0,0,False,True,0.41416966915130615
008,YOLOv9s,False,273.0,0,False,True,0.431622713804245
008,YOLOv9s,False,274.0,0,False,True,0.41577619314193726
008,YOLOv9s,False,275.0,0,False,True,0.4244149923324585
008,YOLOv9s,False,276.0,0,False,True,0.42972269654273987
008,YOLOv9s,False,277.0,0,False,True,0.4391687512397766
008,YOLOv9s,False,278.0,0,False,True,0.43516862392425537
008,YOLOv9s,False,279.0,0,False,True,0.4379734992980957
008,YOLOv9s,False,280.0,0,False,True,0.4131143093109131
008,YOLOv9s,False,281.0,0,False,True,0.42056912183761597
008,YOLOv9s,False,282.0,0,False,True,0.4136059880256653
008,YOLOv9s,False,283.0,0,False,True,0.40801551938056946
008,YOLOv9s,False,284.0,0,False,True,0.41322439908981323
008,YOLOv9s,False,285.0,0,False,True,0.39428725838661194
008,YOLOv9s,False,286.0,0,False,True,0.4124727249145508
008,YOLOv9s,False,287.0,0,False,True,0.40705806016921997
008,YOLOv9s,False,288.0,0,False,True,0.424867182970047
008,YOLOv9s,False,289.0,0,False,True,0.4234650135040283
008,YOLOv9s,False,290.0,0,False,True,0.4462212920188904
008,YOLOv9s,False,291.0,0,False,True,0.4326334297657013
008,YOLOv9s,False,292.0,0,False,True,0.4452601671218872
008,YOLOv9s,False,293.0,0,False,True,0.42952999472618103
008,YOLOv9s,False,294.0,0,False,True,0.42809656262397766
008,YOLOv9s,False,295.0,0,False,True,0.4439716339111328
008,YOLOv9s,False,296.0,0,False,True,0.4310506284236908
008,YOLOv9s,False,297.0,0,False,True,0.4280654191970825
008,YOLOv9s,False,298.0,0,False,True,0.4264446496963501
008,YOLOv9s,False,299.0,0,False,True,0.44141703844070435
008,YOLOv9s,False,300.0,0,False,True,0.43871861696243286
008,YOLOv9s,False,301.0,0,False,True,0.4527408182621002
008,YOLOv9s,False,302.0,0,False,True,0.45155784487724304
008,YOLOv9s,False,303.0,0,False,True,0.4377230107784271
008,YOLOv9s,False,304.0,0,False,True,0.4371756315231323
008,YOLOv9s,False,305.0,0,False,True,0.4441573917865753
008,YOLOv9s,False,306.0,0,False,True,0.4329902231693268
008,YOLOv9s,False,307.0,0,False,True,0.42923542857170105
008,YOLOv9s,False,308.0,0,False,True,0.4158920347690582
008,YOLOv9s,False,309.0,0,False,True,0.417153000831604
008,YOLOv9s,False,310.0,0,False,True,0.4210219383239746
008,YOLOv9s,False,311.0,0,False,True,0.41645756363868713
008,YOLOv9s,False,312.0,0,False,True,0.40557125210762024
008,YOLOv9s,False,313.0,0,False,True,0.394521564245224
008,YOLOv9s,False,314.0,0,False,True,0.39409470558166504
008,YOLOv9s,False,315.0,0,False,True,0.4142051935195923
008,YOLOv9s,False,316.0,0,False,True,0.4191865026950836
008,YOLOv9s,False,317.0,0,False,True,0.41323167085647583
008,YOLOv9s,False,318.0,0,False,True,0.41719964146614075
008,YOLOv9s,False,319.0,0,False,True,0.4512328803539276
008,YOLOv9s,False,320.0,0,False,True,0.4263656735420227
008,YOLOv9s,False,321.0,0,False,True,0.42516976594924927
008,YOLOv9s,False,322.0,0,False,True,0.41194644570350647
008,YOLOv9s,False,323.0,0,False,True,0.4137103259563446
008,YOLOv9s,False,324.0,0,False,True,0.41288378834724426
008,YOLOv9s,False,325.0,0,False,True,0.412612646818161
008,YOLOv9s,False,326.0,0,False,True,0.41946426033973694
008,YOLOv9s,False,327.0,0,False,True,0.41592392325401306
008,YOLOv9s,False,328.0,0,False,True,0.4204409718513489
008,YOLOv9s,False,329.0,0,False,True,0.4271758198738098
008,YOLOv9s,False,330.0,0,False,True,0.4196903705596924
008,YOLOv9s,False,331.0,0,False,True,0.4160413146018982
008,YOLOv9s,False,332.0,0,False,True,0.4171024560928345
008,YOLOv9s,False,333.0,0,False,True,0.43505939841270447
008,YOLOv9s,False,334.0,0,False,True,0.4400343894958496
008,YOLOv9s,False,335.0,0,False,True,0.4348945915699005
008,YOLOv9s,False,336.0,0,False,True,0.4300194978713989
008,YOLOv9s,False,337.0,0,False,True,0.43782538175582886
008,YOLOv9s,False,338.0,0,False,True,0.4275239408016205
008,YOLOv9s,False,339.0,0,False,True,0.4351242780685425
008,YOLOv9s,False,340.0,0,False,True,0.4175413250923157
008,YOLOv9s,False,341.0,0,False,True,0.43127208948135376
008,YOLOv9s,False,342.0,0,False,True,0.42431390285491943
008,YOLOv9s,False,343.0,0,False,True,0.433931440114975
008,YOLOv9s,False,344.0,0,False,True,0.42512959241867065
008,YOLOv9s,False,345.0,0,False,True,0.4008063077926636
008,YOLOv9s,False,346.0,0,False,True,0.4214945137500763
008,YOLOv9s,False,347.0,0,False,True,0.4111155867576599
008,YOLOv9s,False,348.0,0,False,True,0.4624532461166382
008,YOLOv9s,False,348.0,1,False,True,0.2734372019767761
008,YOLOv9s,False,349.0,0,False,True,0.43405798077583313
008,YOLOv9s,False,349.0,1,False,True,0.25460904836654663
008,YOLOv9s,False,350.0,0,False,True,0.43409815430641174
008,YOLOv9s,False,350.0,1,False,True,0.2551271915435791
008,YOLOv9s,False,351.0,0,False,True,0.4297390282154083
008,YOLOv9s,False,351.0,1,False,True,0.2527603209018707
008,YOLOv9s,False,352.0,0,False,True,0.43400299549102783
008,YOLOv9s,False,353.0,0,False,True,0.4233679473400116
008,YOLOv9s,False,354.0,0,False,True,0.41585463285446167
008,YOLOv9s,False,355.0,0,False,True,0.404304176568985
008,YOLOv9s,False,356.0,0,False,True,0.39378413558006287
008,YOLOv9s,False,357.0,0,False,True,0.3963505029678345
008,YOLOv9s,False,358.0,0,False,True,0.3981457054615021
008,YOLOv9s,False,359.0,0,False,True,0.4066104590892792
008,YOLOv9s,False,360.0,0,False,True,0.41371920704841614
008,YOLOv9s,False,361.0,0,False,True,0.40541332960128784
008,YOLOv9s,False,362.0,0,False,True,0.40651312470436096
008,YOLOv9s,False,363.0,0,False,True,0.40718352794647217
008,YOLOv9s,False,364.0,0,False,True,0.3970722258090973
008,YOLOv9s,False,365.0,0,False,True,0.41205838322639465
008,YOLOv9s,False,366.0,0,False,True,0.41335898637771606
008,YOLOv9s,False,366.0,1,False,True,0.2567853033542633
008,YOLOv9s,False,367.0,0,False,True,0.4201362431049347
008,YOLOv9s,False,368.0,0,False,True,0.41446030139923096
008,YOLOv9s,False,368.0,1,False,True,0.25315091013908386
008,YOLOv9s,False,369.0,0,False,True,0.41299930214881897
008,YOLOv9s,False,369.0,1,False,True,0.2622910141944885
008,YOLOv9s,False,370.0,0,False,True,0.41575339436531067
008,YOLOv9s,False,370.0,1,False,True,0.26697757840156555
008,YOLOv9s,False,371.0,0,False,True,0.4160633683204651
008,YOLOv9s,False,371.0,1,False,True,0.25920766592025757
008,YOLOv9s,False,372.0,0,False,True,0.4336942434310913
008,YOLOv9s,False,372.0,1,False,True,0.2690786123275757
008,YOLOv9s,False,373.0,0,False,True,0.43239811062812805
008,YOLOv9s,False,373.0,1,False,True,0.26709431409835815
008,YOLOv9s,False,374.0,0,False,True,0.4231310188770294
008,YOLOv9s,False,374.0,1,False,True,0.25184476375579834
008,YOLOv9s,False,375.0,0,False,True,0.4203583896160126
008,YOLOv9s,False,376.0,0,False,True,0.4086281657218933
008,YOLOv9s,False,376.0,1,False,True,0.26599180698394775
008,YOLOv9s,False,377.0,0,False,True,0.4591490924358368
008,YOLOv9s,False,378.0,0,False,True,0.450487345457077
008,YOLOv9s,False,379.0,0,False,True,0.4257408082485199
008,YOLOv9s,False,380.0,0,False,True,0.42714524269104004
008,YOLOv9s,False,381.0,0,False,True,0.4196033477783203
008,YOLOv9s,False,382.0,0,False,True,0.43966299295425415
008,YOLOv9s,False,383.0,0,False,True,0.4242381155490875
008,YOLOv9s,False,384.0,0,False,True,0.4246906042098999
008,YOLOv9s,False,385.0,0,False,True,0.41376903653144836
008,YOLOv9s,False,386.0,0,False,True,0.4267057776451111
008,YOLOv9s,False,387.0,0,False,True,0.41755732893943787
008,YOLOv9s,False,388.0,0,False,True,0.4223330020904541
008,YOLOv9s,False,389.0,0,False,True,0.4193970859050751
008,YOLOv9s,False,389.0,1,False,True,0.25945770740509033
008,YOLOv9s,False,390.0,0,False,True,0.42505955696105957
008,YOLOv9s,False,390.0,1,False,True,0.3170064389705658
008,YOLOv9s,False,391.0,0,False,True,0.4444185495376587
008,YOLOv9s,False,391.0,1,False,True,0.2982918322086334
008,YOLOv9s,False,392.0,0,False,True,0.4522358477115631
008,YOLOv9s,False,392.0,1,False,True,0.348438560962677
008,YOLOv9s,False,393.0,0,False,True,0.4626288414001465
008,YOLOv9s,False,393.0,1,False,True,0.34291568398475647
008,YOLOv9s,False,394.0,0,False,True,0.46674269437789917
008,YOLOv9s,False,394.0,1,False,True,0.2786695063114166
008,YOLOv9s,False,395.0,0,False,True,0.4684111177921295
008,YOLOv9s,False,396.0,0,False,True,0.46213164925575256
008,YOLOv9s,False,396.0,1,False,True,0.2996551990509033
008,YOLOv9s,False,397.0,0,False,True,0.4566790759563446
008,YOLOv9s,False,397.0,1,False,True,0.30428218841552734
008,YOLOv9s,False,397.0,2,False,True,0.2615817189216614
008,YOLOv9s,False,398.0,0,False,True,0.4381774663925171
008,YOLOv9s,False,398.0,1,False,True,0.3406582176685333
008,YOLOv9s,False,398.0,2,False,True,0.2843203544616699
008,YOLOv9s,False,399.0,0,False,True,0.4339936673641205
008,YOLOv9s,False,399.0,1,False,True,0.390051007270813
008,YOLOv9s,False,400.0,0,False,True,0.48596155643463135
008,YOLOv9s,False,400.0,1,False,True,0.4499599039554596
008,YOLOv9s,False,401.0,0,False,True,0.4657442271709442
008,YOLOv9s,False,401.0,1,False,True,0.3927159011363983
008,YOLOv9s,False,402.0,0,False,True,0.48592719435691833
008,YOLOv9s,False,403.0,0,False,True,0.49261194467544556
008,YOLOv9s,False,404.0,0,False,True,0.5077265501022339
008,YOLOv9s,False,405.0,0,False,True,0.49794816970825195
008,YOLOv9s,False,406.0,0,False,True,0.556717574596405
008,YOLOv9s,False,407.0,0,False,True,0.5416754484176636
008,YOLOv9s,False,408.0,0,False,True,0.5583263039588928
008,YOLOv9s,False,409.0,0,False,True,0.5476574301719666
008,YOLOv9s,False,410.0,0,False,True,0.5590145587921143
008,YOLOv9s,False,411.0,0,False,True,0.5728868246078491
008,YOLOv9s,False,412.0,0,False,True,0.5882960557937622
008,YOLOv9s,False,413.0,0,False,True,0.571071445941925
008,YOLOv9s,False,414.0,0,False,True,0.5772619843482971
008,YOLOv9s,False,415.0,0,False,True,0.5731469988822937
008,YOLOv9s,False,416.0,0,False,True,0.5764630436897278
008,YOLOv9s,False,417.0,0,False,True,0.5791038274765015
008,YOLOv9s,False,418.0,0,False,True,0.5772719979286194
008,YOLOv9s,False,419.0,0,False,True,0.5858522057533264
008,YOLOv9s,False,420.0,0,False,True,0.5993463397026062
008,YOLOv9s,False,421.0,0,False,True,0.607643187046051
008,YOLOv9s,False,422.0,0,False,True,0.6001375317573547
008,YOLOv9s,False,423.0,0,False,True,0.607450544834137
008,YOLOv9s,False,424.0,0,False,True,0.6085120439529419
008,YOLOv9s,False,425.0,0,False,True,0.6118100881576538
008,YOLOv9s,False,426.0,0,False,True,0.609420895576477
008,YOLOv9s,False,427.0,0,False,True,0.6033987998962402
008,YOLOv9s,False,428.0,0,False,True,0.6134296655654907
008,YOLOv9s,False,428.0,1,False,True,0.2778567969799042
008,YOLOv9s,False,429.0,0,False,True,0.6047375202178955
008,YOLOv9s,False,429.0,1,False,True,0.2920721769332886
008,YOLOv9s,False,430.0,0,False,True,0.5978860259056091
008,YOLOv9s,False,430.0,1,True,True,0.3787749111652374
008,YOLOv9s,False,430.0,2,False,True,0.31145763397216797
008,YOLOv9s,False,431.0,0,False,True,0.602748453617096
008,YOLOv9s,False,431.0,1,False,True,0.3338872194290161
008,YOLOv9s,False,431.0,2,True,True,0.28432193398475647
008,YOLOv9s,False,432.0,0,False,True,0.6038278341293335
008,YOLOv9s,False,433.0,0,False,True,0.6132137179374695
008,YOLOv9s,False,433.0,1,False,True,0.25045767426490784
008,YOLOv9s,False,434.0,0,False,True,0.6110026240348816
008,YOLOv9s,False,435.0,0,False,True,0.6432797908782959
008,YOLOv9s,False,436.0,0,False,True,0.6291251182556152
008,YOLOv9s,False,437.0,0,False,True,0.6106355786323547
008,YOLOv9s,False,438.0,0,False,True,0.6051263213157654
008,YOLOv9s,False,439.0,0,False,True,0.6053364276885986
008,YOLOv9s,False,440.0,0,False,True,0.6117809414863586
008,YOLOv9s,False,441.0,0,False,True,0.6114714741706848
008,YOLOv9s,False,442.0,0,False,True,0.6116636395454407
008,YOLOv9s,False,443.0,0,False,True,0.6128809452056885
008,YOLOv9s,False,444.0,0,False,True,0.6144848465919495
008,YOLOv9s,False,445.0,0,False,True,0.6088868379592896
008,YOLOv9s,False,446.0,0,False,True,0.6083657145500183
008,YOLOv9s,False,446.0,1,False,True,0.3644939661026001
008,YOLOv9s,False,446.0,2,False,True,0.35838043689727783
008,YOLOv9s,False,447.0,0,False,True,0.597018837928772
008,YOLOv9s,False,448.0,0,False,True,0.5929533839225769
008,YOLOv9s,False,449.0,0,False,True,0.6024362444877625
008,YOLOv9s,False,450.0,0,False,True,0.6074346303939819
008,YOLOv9s,False,450.0,1,False,True,0.34819090366363525
008,YOLOv9s,False,451.0,0,False,True,0.6120573878288269
008,YOLOv9s,False,451.0,1,False,True,0.4614354074001312
008,YOLOv9s,False,452.0,0,False,True,0.608863890171051
008,YOLOv9s,False,452.0,1,False,True,0.34985196590423584
008,YOLOv9s,False,453.0,0,False,True,0.6075032949447632
008,YOLOv9s,False,454.0,0,False,True,0.5938432216644287
008,YOLOv9s,False,454.0,1,False,True,0.3383127450942993
008,YOLOv9s,False,454.0,2,False,True,0.300434410572052
008,YOLOv9s,False,455.0,0,False,True,0.5981980562210083
008,YOLOv9s,False,455.0,1,False,True,0.32070910930633545
008,YOLOv9s,False,456.0,0,False,True,0.6022041440010071
008,YOLOv9s,False,456.0,1,False,True,0.2738822102546692
008,YOLOv9s,False,457.0,0,False,True,0.6128252148628235
008,YOLOv9s,False,458.0,0,False,True,0.6068830490112305
008,YOLOv9s,False,459.0,0,False,True,0.620543897151947
008,YOLOv9s,False,459.0,1,False,True,0.34992116689682007
008,YOLOv9s,False,460.0,0,False,True,0.6107146739959717
008,YOLOv9s,False,460.0,1,False,True,0.33044639229774475
008,YOLOv9s,False,460.0,2,False,True,0.30761274695396423
008,YOLOv9s,False,461.0,0,False,True,0.6118470430374146
008,YOLOv9s,False,461.0,1,False,True,0.38515400886535645
008,YOLOv9s,False,462.0,0,False,True,0.6122392416000366
008,YOLOv9s,False,462.0,1,False,True,0.41918742656707764
008,YOLOv9s,False,463.0,0,False,True,0.6178970336914062
008,YOLOv9s,False,463.0,1,False,True,0.34429553151130676
008,YOLOv9s,False,464.0,0,False,True,0.6222560405731201
008,YOLOv9s,False,464.0,1,False,True,0.3458660840988159
008,YOLOv9s,False,464.0,2,False,True,0.3038407266139984
008,YOLOv9s,False,465.0,0,False,True,0.6148906946182251
008,YOLOv9s,False,465.0,1,False,True,0.4215157926082611
008,YOLOv9s,False,466.0,0,False,True,0.7021819353103638
008,YOLOv9s,False,466.0,1,False,True,0.6121668219566345
008,YOLOv9s,False,467.0,0,False,True,0.723253607749939
008,YOLOv9s,False,467.0,1,False,True,0.6125926375389099
008,YOLOv9s,False,468.0,0,False,True,0.6700838208198547
008,YOLOv9s,False,468.0,1,False,True,0.6151054501533508
008,YOLOv9s,False,469.0,0,False,True,0.6596306562423706
008,YOLOv9s,False,469.0,1,False,True,0.6033710241317749
008,YOLOv9s,False,470.0,0,False,True,0.6790285706520081
008,YOLOv9s,False,470.0,1,False,True,0.6084595322608948
008,YOLOv9s,False,471.0,0,False,True,0.6874143481254578
008,YOLOv9s,False,471.0,1,False,True,0.61188805103302
008,YOLOv9s,False,472.0,0,False,True,0.7073553800582886
008,YOLOv9s,False,472.0,1,False,True,0.6132650375366211
008,YOLOv9s,False,473.0,0,False,True,0.710048258304596
008,YOLOv9s,False,473.0,1,False,True,0.609593391418457
009,YOLOv9s,False,0.0,0,False,True,0.5913400650024414
009,YOLOv9s,False,0.0,1,False,True,0.4761018455028534
009,YOLOv9s,False,0.0,2,False,True,0.2975775897502899
009,YOLOv9s,False,1.0,0,False,True,0.7071501612663269
009,YOLOv9s,False,1.0,1,False,True,0.4672771394252777
009,YOLOv9s,False,1.0,2,False,True,0.2629390358924866
009,YOLOv9s,False,2.0,0,False,True,0.7353171110153198
009,YOLOv9s,False,2.0,1,False,True,0.43120473623275757
009,YOLOv9s,False,3.0,0,False,True,0.7330993413925171
009,YOLOv9s,False,3.0,1,False,True,0.4172446131706238
009,YOLOv9s,False,3.0,2,False,True,0.2808821201324463
009,YOLOv9s,False,4.0,0,False,True,0.7449880838394165
009,YOLOv9s,False,4.0,1,False,True,0.41975733637809753
009,YOLOv9s,False,4.0,2,False,True,0.26992884278297424
009,YOLOv9s,False,5.0,0,False,True,0.7478346824645996
009,YOLOv9s,False,5.0,1,False,True,0.41461506485939026
009,YOLOv9s,False,5.0,2,False,True,0.28934305906295776
009,YOLOv9s,False,6.0,0,False,True,0.7272925972938538
009,YOLOv9s,False,6.0,1,False,True,0.4335583448410034
009,YOLOv9s,False,6.0,2,False,True,0.29365602135658264
009,YOLOv9s,False,7.0,0,False,True,0.7596551179885864
009,YOLOv9s,False,7.0,1,False,True,0.4034920632839203
009,YOLOv9s,False,7.0,2,False,True,0.2647660970687866
009,YOLOv9s,False,8.0,0,False,True,0.7633354663848877
009,YOLOv9s,False,8.0,1,False,True,0.39746761322021484
009,YOLOv9s,False,8.0,2,False,True,0.26464614272117615
009,YOLOv9s,False,9.0,0,False,True,0.7570523023605347
009,YOLOv9s,False,9.0,1,False,True,0.38132643699645996
009,YOLOv9s,False,9.0,2,False,True,0.2650353014469147
009,YOLOv9s,False,10.0,0,False,True,0.754229724407196
009,YOLOv9s,False,10.0,1,False,True,0.3987959921360016
009,YOLOv9s,False,10.0,2,False,True,0.2693729102611542
009,YOLOv9s,False,11.0,0,False,True,0.7744413018226624
009,YOLOv9s,False,11.0,1,False,True,0.37388163805007935
009,YOLOv9s,False,12.0,0,False,True,0.7621355056762695
009,YOLOv9s,False,12.0,1,False,True,0.3665734529495239
009,YOLOv9s,False,13.0,0,False,True,0.7677744626998901
009,YOLOv9s,False,13.0,1,False,True,0.4047762453556061
009,YOLOv9s,False,13.0,2,False,True,0.2729085087776184
009,YOLOv9s,False,14.0,0,False,True,0.7683044672012329
009,YOLOv9s,False,14.0,1,False,True,0.38883522152900696
009,YOLOv9s,False,14.0,2,False,True,0.25087109208106995
009,YOLOv9s,False,15.0,0,False,True,0.7881545424461365
009,YOLOv9s,False,15.0,1,False,True,0.3924609422683716
009,YOLOv9s,False,16.0,0,False,True,0.785154402256012
009,YOLOv9s,False,16.0,1,False,True,0.3882564306259155
009,YOLOv9s,False,16.0,2,False,True,0.2716441750526428
009,YOLOv9s,False,17.0,0,False,True,0.7711679339408875
009,YOLOv9s,False,17.0,1,False,True,0.3766990303993225
009,YOLOv9s,False,17.0,2,False,True,0.2762993276119232
009,YOLOv9s,False,18.0,0,False,True,0.7733542919158936
009,YOLOv9s,False,18.0,1,False,True,0.35985267162323
009,YOLOv9s,False,18.0,2,False,True,0.265984445810318
009,YOLOv9s,False,19.0,0,False,True,0.7584004402160645
009,YOLOv9s,False,19.0,1,False,True,0.36679548025131226
009,YOLOv9s,False,19.0,2,False,True,0.27785754203796387
009,YOLOv9s,False,20.0,0,False,True,0.7475790977478027
009,YOLOv9s,False,20.0,1,False,True,0.3783760070800781
009,YOLOv9s,False,20.0,2,False,True,0.26614823937416077
009,YOLOv9s,False,21.0,0,False,True,0.7703500986099243
009,YOLOv9s,False,21.0,1,False,True,0.3844744563102722
009,YOLOv9s,False,21.0,2,False,True,0.2648569941520691
009,YOLOv9s,False,22.0,0,False,True,0.7721705436706543
009,YOLOv9s,False,22.0,1,False,True,0.39104777574539185
009,YOLOv9s,False,22.0,2,False,True,0.2643141448497772
009,YOLOv9s,False,23.0,0,False,True,0.7684351205825806
009,YOLOv9s,False,23.0,1,False,True,0.3844534456729889
009,YOLOv9s,False,24.0,0,False,True,0.7681862115859985
009,YOLOv9s,False,24.0,1,False,True,0.37892648577690125
009,YOLOv9s,False,24.0,2,False,True,0.25545862317085266
009,YOLOv9s,False,25.0,0,False,True,0.7630705833435059
009,YOLOv9s,False,25.0,1,False,True,0.37537524104118347
009,YOLOv9s,False,25.0,2,False,True,0.27710825204849243
009,YOLOv9s,False,26.0,0,False,True,0.7689456939697266
009,YOLOv9s,False,26.0,1,False,True,0.37576690316200256
009,YOLOv9s,False,26.0,2,False,True,0.26959407329559326
009,YOLOv9s,False,27.0,0,False,True,0.7689319849014282
009,YOLOv9s,False,27.0,1,False,True,0.3840737044811249
009,YOLOv9s,False,27.0,2,False,True,0.2660195529460907
009,YOLOv9s,False,28.0,0,False,True,0.7505151033401489
009,YOLOv9s,False,28.0,1,False,True,0.3843896985054016
009,YOLOv9s,False,28.0,2,False,True,0.3137747049331665
009,YOLOv9s,False,29.0,0,False,True,0.7264525294303894
009,YOLOv9s,False,29.0,1,False,True,0.37297123670578003
009,YOLOv9s,False,29.0,2,False,True,0.2661582827568054
009,YOLOv9s,False,30.0,0,False,True,0.7254482507705688
009,YOLOv9s,False,30.0,1,False,True,0.35007086396217346
009,YOLOv9s,False,30.0,2,False,True,0.28345024585723877
009,YOLOv9s,False,31.0,0,False,True,0.7460183501243591
009,YOLOv9s,False,31.0,1,False,True,0.35609856247901917
009,YOLOv9s,False,31.0,2,False,True,0.3079575002193451
009,YOLOv9s,False,32.0,0,False,True,0.7537482380867004
009,YOLOv9s,False,32.0,1,False,True,0.3517262637615204
009,YOLOv9s,False,32.0,2,False,True,0.2986287772655487
009,YOLOv9s,False,33.0,0,False,True,0.7589145302772522
009,YOLOv9s,False,33.0,1,False,True,0.34534066915512085
009,YOLOv9s,False,33.0,2,False,True,0.2692049443721771
009,YOLOv9s,False,34.0,0,False,True,0.7425023317337036
009,YOLOv9s,False,34.0,1,False,True,0.3501889407634735
009,YOLOv9s,False,34.0,2,False,True,0.3152441680431366
009,YOLOv9s,False,35.0,0,False,True,0.7326968908309937
009,YOLOv9s,False,35.0,1,False,True,0.3415805697441101
009,YOLOv9s,False,35.0,2,False,True,0.30710694193840027
009,YOLOv9s,False,36.0,0,False,True,0.7394922375679016
009,YOLOv9s,False,36.0,1,False,True,0.36201316118240356
009,YOLOv9s,False,36.0,2,False,True,0.33823999762535095
009,YOLOv9s,False,37.0,0,False,True,0.7316215634346008
009,YOLOv9s,False,37.0,1,False,True,0.3616161644458771
009,YOLOv9s,False,37.0,2,False,True,0.3501257598400116
009,YOLOv9s,False,38.0,0,False,True,0.7446256279945374
009,YOLOv9s,False,38.0,1,False,True,0.3577786386013031
009,YOLOv9s,False,38.0,2,False,True,0.33760756254196167
009,YOLOv9s,False,39.0,0,False,True,0.7418674826622009
009,YOLOv9s,False,39.0,1,False,True,0.4106549620628357
009,YOLOv9s,False,39.0,2,False,True,0.3687945306301117
009,YOLOv9s,False,40.0,0,False,True,0.727297842502594
009,YOLOv9s,False,40.0,1,False,True,0.36432355642318726
009,YOLOv9s,False,40.0,2,False,True,0.3551919460296631
009,YOLOv9s,False,41.0,0,False,True,0.7033159136772156
009,YOLOv9s,False,41.0,1,False,True,0.3680303394794464
009,YOLOv9s,False,41.0,2,False,True,0.3616194427013397
009,YOLOv9s,False,42.0,0,False,True,0.70238196849823
009,YOLOv9s,False,42.0,1,False,True,0.37385082244873047
009,YOLOv9s,False,42.0,2,False,True,0.3602742552757263
009,YOLOv9s,False,43.0,0,False,True,0.689583420753479
009,YOLOv9s,False,43.0,1,False,True,0.4182772934436798
009,YOLOv9s,False,43.0,2,False,True,0.36084607243537903
009,YOLOv9s,False,44.0,0,False,True,0.6886501908302307
009,YOLOv9s,False,44.0,1,False,True,0.4497867822647095
009,YOLOv9s,False,44.0,2,False,True,0.36015456914901733
009,YOLOv9s,False,45.0,0,False,True,0.690304160118103
009,YOLOv9s,False,45.0,1,False,True,0.4782032072544098
009,YOLOv9s,False,45.0,2,False,True,0.3680686950683594
009,YOLOv9s,False,46.0,0,False,True,0.6982865333557129
009,YOLOv9s,False,46.0,1,False,True,0.46262505650520325
009,YOLOv9s,False,46.0,2,False,True,0.358419805765152
009,YOLOv9s,False,47.0,0,False,True,0.7026911973953247
009,YOLOv9s,False,47.0,1,False,True,0.4226817190647125
009,YOLOv9s,False,47.0,2,False,True,0.3417593538761139
009,YOLOv9s,False,48.0,0,False,True,0.6980189085006714
009,YOLOv9s,False,48.0,1,False,True,0.3962246775627136
009,YOLOv9s,False,48.0,2,False,True,0.3442397713661194
009,YOLOv9s,False,49.0,0,False,True,0.7000498175621033
009,YOLOv9s,False,49.0,1,False,True,0.39872902631759644
009,YOLOv9s,False,49.0,2,False,True,0.36498740315437317
009,YOLOv9s,False,50.0,0,False,True,0.7002394199371338
009,YOLOv9s,False,50.0,1,False,True,0.43306994438171387
009,YOLOv9s,False,50.0,2,False,True,0.35843703150749207
009,YOLOv9s,False,51.0,0,False,True,0.7070884704589844
009,YOLOv9s,False,51.0,1,False,True,0.39953020215034485
009,YOLOv9s,False,51.0,2,False,True,0.36651507019996643
009,YOLOv9s,False,52.0,0,False,True,0.7055960893630981
009,YOLOv9s,False,52.0,1,False,True,0.4067789316177368
009,YOLOv9s,False,52.0,2,False,True,0.3793811798095703
009,YOLOv9s,False,53.0,0,False,True,0.6784806847572327
009,YOLOv9s,False,53.0,1,False,True,0.45344310998916626
009,YOLOv9s,False,53.0,2,False,True,0.36721929907798767
009,YOLOv9s,False,54.0,0,False,True,0.6767764687538147
009,YOLOv9s,False,54.0,1,False,True,0.4524770975112915
009,YOLOv9s,False,54.0,2,False,True,0.3525358736515045
009,YOLOv9s,False,55.0,0,False,True,0.6657066941261292
009,YOLOv9s,False,55.0,1,False,True,0.39972424507141113
009,YOLOv9s,False,55.0,2,False,True,0.3585894703865051
009,YOLOv9s,False,55.0,3,False,True,0.25526416301727295
009,YOLOv9s,False,56.0,0,False,True,0.6624208092689514
009,YOLOv9s,False,56.0,1,False,True,0.44838523864746094
009,YOLOv9s,False,56.0,2,False,True,0.3607073724269867
009,YOLOv9s,False,57.0,0,False,True,0.6729591488838196
009,YOLOv9s,False,57.0,1,False,True,0.48727619647979736
009,YOLOv9s,False,57.0,2,False,True,0.36946237087249756
009,YOLOv9s,False,58.0,0,False,True,0.6835855841636658
009,YOLOv9s,False,58.0,1,False,True,0.3527980148792267
009,YOLOv9s,False,58.0,2,False,True,0.30880486965179443
009,YOLOv9s,False,59.0,0,False,True,0.6750295758247375
009,YOLOv9s,False,59.0,1,False,True,0.39239081740379333
009,YOLOv9s,False,59.0,2,False,True,0.3047902584075928
009,YOLOv9s,False,60.0,0,False,True,0.6826404333114624
009,YOLOv9s,False,60.0,1,False,True,0.40979844331741333
009,YOLOv9s,False,60.0,2,False,True,0.28413206338882446
009,YOLOv9s,False,61.0,0,False,True,0.7038099765777588
009,YOLOv9s,False,61.0,1,False,True,0.3498055636882782
009,YOLOv9s,False,61.0,2,False,True,0.2829895615577698
009,YOLOv9s,False,62.0,0,False,True,0.7067922353744507
009,YOLOv9s,False,62.0,1,False,True,0.3566199243068695
009,YOLOv9s,False,62.0,2,False,True,0.28903067111968994
009,YOLOv9s,False,63.0,0,False,True,0.6955996155738831
009,YOLOv9s,False,63.0,1,False,True,0.3918648362159729
009,YOLOv9s,False,63.0,2,False,True,0.3178427517414093
009,YOLOv9s,False,64.0,0,False,True,0.6914971470832825
009,YOLOv9s,False,64.0,1,False,True,0.354858934879303
009,YOLOv9s,False,64.0,2,False,True,0.34914645552635193
009,YOLOv9s,False,65.0,0,False,True,0.7076709270477295
009,YOLOv9s,False,65.0,1,False,True,0.3188920319080353
009,YOLOv9s,False,65.0,2,False,True,0.301995187997818
009,YOLOv9s,False,66.0,0,False,True,0.7132343053817749
009,YOLOv9s,False,66.0,1,False,True,0.3114340305328369
009,YOLOv9s,False,66.0,2,False,True,0.3071895241737366
009,YOLOv9s,False,67.0,0,False,True,0.7077520489692688
009,YOLOv9s,False,67.0,1,False,True,0.32357773184776306
009,YOLOv9s,False,67.0,2,False,True,0.3048318922519684
009,YOLOv9s,False,68.0,0,False,True,0.7067862749099731
009,YOLOv9s,False,68.0,1,False,True,0.30956605076789856
009,YOLOv9s,False,68.0,2,False,True,0.30291739106178284
009,YOLOv9s,False,69.0,0,False,True,0.7021147608757019
009,YOLOv9s,False,69.0,1,False,True,0.31680259108543396
009,YOLOv9s,False,69.0,2,False,True,0.3114226758480072
009,YOLOv9s,False,70.0,0,False,True,0.682776927947998
009,YOLOv9s,False,70.0,1,False,True,0.3357241153717041
009,YOLOv9s,False,70.0,2,False,True,0.33438563346862793
009,YOLOv9s,False,71.0,0,False,True,0.6770933866500854
009,YOLOv9s,False,71.0,1,False,True,0.38057637214660645
009,YOLOv9s,False,71.0,2,False,True,0.3400879502296448
009,YOLOv9s,False,72.0,0,False,True,0.7124858498573303
009,YOLOv9s,False,72.0,1,False,True,0.36233603954315186
009,YOLOv9s,False,72.0,2,False,True,0.33927223086357117
009,YOLOv9s,False,73.0,0,False,True,0.6831119656562805
009,YOLOv9s,False,73.0,1,False,True,0.3851083815097809
009,YOLOv9s,False,73.0,2,False,True,0.32685187458992004
009,YOLOv9s,False,74.0,0,False,True,0.6802967190742493
009,YOLOv9s,False,74.0,1,False,True,0.38701364398002625
009,YOLOv9s,False,74.0,2,False,True,0.31896868348121643
009,YOLOv9s,False,75.0,0,False,True,0.6941871047019958
009,YOLOv9s,False,75.0,1,False,True,0.3352794349193573
009,YOLOv9s,False,75.0,2,False,True,0.322765976190567
009,YOLOv9s,False,76.0,0,False,True,0.6805909872055054
009,YOLOv9s,False,76.0,1,False,True,0.3746519386768341
009,YOLOv9s,False,76.0,2,False,True,0.29881957173347473
009,YOLOv9s,False,77.0,0,False,True,0.6743291020393372
009,YOLOv9s,False,77.0,1,False,True,0.3120933175086975
009,YOLOv9s,False,77.0,2,False,True,0.3068445026874542
009,YOLOv9s,False,78.0,0,False,True,0.6928814649581909
009,YOLOv9s,False,78.0,1,False,True,0.307828426361084
009,YOLOv9s,False,78.0,2,False,True,0.2950704097747803
009,YOLOv9s,False,79.0,0,False,True,0.6675053834915161
009,YOLOv9s,False,79.0,1,False,True,0.3084760010242462
009,YOLOv9s,False,79.0,2,False,True,0.2913735508918762
009,YOLOv9s,False,80.0,0,False,True,0.6723952293395996
009,YOLOv9s,False,80.0,1,False,True,0.3194866180419922
009,YOLOv9s,False,80.0,2,False,True,0.31617480516433716
009,YOLOv9s,False,81.0,0,False,True,0.6928325891494751
009,YOLOv9s,False,81.0,1,False,True,0.3042317032814026
009,YOLOv9s,False,81.0,2,False,True,0.29566118121147156
009,YOLOv9s,False,82.0,0,False,True,0.7088659405708313
009,YOLOv9s,False,82.0,1,False,True,0.2913879156112671
009,YOLOv9s,False,83.0,0,False,True,0.6945711970329285
009,YOLOv9s,False,83.0,1,False,True,0.31126224994659424
009,YOLOv9s,False,83.0,2,False,True,0.27099284529685974
009,YOLOv9s,False,84.0,0,False,True,0.6918413043022156
009,YOLOv9s,False,84.0,1,False,True,0.30296432971954346
009,YOLOv9s,False,84.0,2,False,True,0.3008658289909363
009,YOLOv9s,False,85.0,0,False,True,0.6783065795898438
009,YOLOv9s,False,85.0,1,False,True,0.2985932528972626
009,YOLOv9s,False,85.0,2,False,True,0.29207485914230347
009,YOLOv9s,False,86.0,0,False,True,0.6891874074935913
009,YOLOv9s,False,86.0,1,False,True,0.3114793300628662
009,YOLOv9s,False,86.0,2,False,True,0.2623959183692932
009,YOLOv9s,False,87.0,0,False,True,0.6878214478492737
009,YOLOv9s,False,87.0,1,False,True,0.3312729001045227
009,YOLOv9s,False,88.0,0,False,True,0.6888937950134277
009,YOLOv9s,False,88.0,1,False,True,0.3144822418689728
009,YOLOv9s,False,89.0,0,False,True,0.7143076062202454
009,YOLOv9s,False,89.0,1,False,True,0.308241069316864
009,YOLOv9s,False,90.0,0,False,True,0.7013314366340637
009,YOLOv9s,False,90.0,1,False,True,0.326386958360672
009,YOLOv9s,False,91.0,0,False,True,0.699745774269104
009,YOLOv9s,False,91.0,1,False,True,0.31396621465682983
009,YOLOv9s,False,92.0,0,False,True,0.7236512899398804
009,YOLOv9s,False,92.0,1,False,True,0.3410520553588867
009,YOLOv9s,False,93.0,0,False,True,0.7071461081504822
009,YOLOv9s,False,93.0,1,False,True,0.34788766503334045
009,YOLOv9s,False,93.0,2,False,True,0.2683095335960388
009,YOLOv9s,False,94.0,0,False,True,0.7128067016601562
009,YOLOv9s,False,94.0,1,False,True,0.3292173147201538
009,YOLOv9s,False,95.0,0,False,True,0.7278180122375488
009,YOLOv9s,False,95.0,1,False,True,0.3348950445652008
009,YOLOv9s,False,96.0,0,False,True,0.7265047430992126
009,YOLOv9s,False,96.0,1,False,True,0.32684651017189026
009,YOLOv9s,False,97.0,0,False,True,0.7528285384178162
009,YOLOv9s,False,97.0,1,False,True,0.3007044792175293
009,YOLOv9s,False,98.0,0,False,True,0.7381350994110107
009,YOLOv9s,False,98.0,1,False,True,0.3025737702846527
009,YOLOv9s,False,99.0,0,False,True,0.7307258248329163
009,YOLOv9s,False,99.0,1,False,True,0.33436036109924316
009,YOLOv9s,False,100.0,0,False,True,0.7339011430740356
009,YOLOv9s,False,100.0,1,False,True,0.32482513785362244
009,YOLOv9s,False,101.0,0,False,True,0.7238829135894775
009,YOLOv9s,False,101.0,1,False,True,0.3026198744773865
009,YOLOv9s,False,102.0,0,False,True,0.7344902753829956
009,YOLOv9s,False,102.0,1,False,True,0.3127140402793884
009,YOLOv9s,False,103.0,0,False,True,0.7455543875694275
009,YOLOv9s,False,103.0,1,False,True,0.31700053811073303
009,YOLOv9s,False,104.0,0,False,True,0.7272608280181885
009,YOLOv9s,False,104.0,1,False,True,0.3077337443828583
009,YOLOv9s,False,105.0,0,False,True,0.718673825263977
009,YOLOv9s,False,105.0,1,False,True,0.31710174679756165
009,YOLOv9s,False,106.0,0,False,True,0.7305905222892761
009,YOLOv9s,False,106.0,1,False,True,0.3135613799095154
009,YOLOv9s,False,107.0,0,False,True,0.7385161519050598
009,YOLOv9s,False,107.0,1,False,True,0.3359767198562622
009,YOLOv9s,False,108.0,0,False,True,0.7439755201339722
009,YOLOv9s,False,108.0,1,False,True,0.33107346296310425
009,YOLOv9s,False,109.0,0,False,True,0.7467809915542603
009,YOLOv9s,False,109.0,1,False,True,0.3379116356372833
009,YOLOv9s,False,110.0,0,False,True,0.7517514228820801
009,YOLOv9s,False,110.0,1,False,True,0.33722612261772156
009,YOLOv9s,False,111.0,0,False,True,0.7558894157409668
009,YOLOv9s,False,111.0,1,False,True,0.32745423913002014
009,YOLOv9s,False,112.0,0,False,True,0.7637968063354492
009,YOLOv9s,False,112.0,1,False,True,0.3290233612060547
009,YOLOv9s,False,113.0,0,False,True,0.7660428881645203
009,YOLOv9s,False,113.0,1,False,True,0.3063759207725525
009,YOLOv9s,False,114.0,0,False,True,0.7489233613014221
009,YOLOv9s,False,114.0,1,False,True,0.3083232343196869
009,YOLOv9s,False,115.0,0,False,True,0.7303081750869751
009,YOLOv9s,False,115.0,1,False,True,0.3074021637439728
009,YOLOv9s,False,116.0,0,False,True,0.6853412985801697
009,YOLOv9s,False,116.0,1,False,True,0.2950035631656647
009,YOLOv9s,False,117.0,0,False,True,0.7190683484077454
009,YOLOv9s,False,117.0,1,False,True,0.2816351354122162
009,YOLOv9s,False,118.0,0,False,True,0.7006804347038269
009,YOLOv9s,False,118.0,1,False,True,0.28772127628326416
009,YOLOv9s,False,119.0,0,False,True,0.7154931426048279
009,YOLOv9s,False,119.0,1,False,True,0.314447283744812
009,YOLOv9s,False,120.0,0,False,True,0.7186704874038696
009,YOLOv9s,False,120.0,1,False,True,0.30479875206947327
009,YOLOv9s,False,121.0,0,False,True,0.7413774132728577
009,YOLOv9s,False,121.0,1,False,True,0.32394835352897644
009,YOLOv9s,False,122.0,0,False,True,0.7393420338630676
009,YOLOv9s,False,122.0,1,False,True,0.3184383809566498
009,YOLOv9s,False,123.0,0,False,True,0.7470107674598694
009,YOLOv9s,False,123.0,1,False,True,0.3265237808227539
009,YOLOv9s,False,124.0,0,False,True,0.7373916506767273
009,YOLOv9s,False,124.0,1,False,True,0.3024844527244568
009,YOLOv9s,False,125.0,0,False,True,0.7025441527366638
009,YOLOv9s,False,125.0,1,False,True,0.2648489475250244
009,YOLOv9s,False,126.0,0,False,True,0.7238564491271973
009,YOLOv9s,False,126.0,1,False,True,0.27680543065071106
009,YOLOv9s,False,127.0,0,False,True,0.7379329800605774
009,YOLOv9s,False,127.0,1,False,True,0.26184219121932983
009,YOLOv9s,False,128.0,0,False,True,0.7442662119865417
009,YOLOv9s,False,128.0,1,False,True,0.2628708481788635
009,YOLOv9s,False,129.0,0,False,True,0.7489873766899109
009,YOLOv9s,False,129.0,1,False,True,0.3097752332687378
009,YOLOv9s,False,130.0,0,False,True,0.7605763673782349
009,YOLOv9s,False,130.0,1,False,True,0.30952906608581543
009,YOLOv9s,False,131.0,0,False,True,0.761928141117096
009,YOLOv9s,False,131.0,1,False,True,0.3221167325973511
009,YOLOv9s,False,132.0,0,False,True,0.7207755446434021
009,YOLOv9s,False,132.0,1,False,True,0.3161694407463074
009,YOLOv9s,False,133.0,0,False,True,0.7126184701919556
009,YOLOv9s,False,133.0,1,False,True,0.3339526653289795
009,YOLOv9s,False,133.0,2,False,True,0.2696167826652527
009,YOLOv9s,False,134.0,0,False,True,0.5112564563751221
009,YOLOv9s,False,134.0,1,False,True,0.3189164698123932
009,YOLOv9s,False,135.0,0,False,True,0.6053214073181152
009,YOLOv9s,False,135.0,1,False,True,0.2946271598339081
009,YOLOv9s,False,136.0,0,False,True,0.6038217544555664
009,YOLOv9s,False,136.0,1,False,True,0.32641610503196716
009,YOLOv9s,False,137.0,0,False,True,0.5378525257110596
009,YOLOv9s,False,137.0,1,False,True,0.30156025290489197
009,YOLOv9s,False,138.0,0,False,True,0.4672657549381256
009,YOLOv9s,False,138.0,1,False,True,0.31952911615371704
009,YOLOv9s,False,139.0,0,False,True,0.6090346574783325
009,YOLOv9s,False,139.0,1,False,True,0.2929961681365967
009,YOLOv9s,False,140.0,0,False,True,0.6604166626930237
009,YOLOv9s,False,140.0,1,False,True,0.3064003884792328
009,YOLOv9s,False,141.0,0,False,True,0.6952788233757019
009,YOLOv9s,False,141.0,1,False,True,0.2953478991985321
009,YOLOv9s,False,142.0,0,False,True,0.7305387854576111
009,YOLOv9s,False,142.0,1,False,True,0.2762688398361206
009,YOLOv9s,False,143.0,0,False,True,0.29771772027015686
009,YOLOv9s,False,143.0,1,False,True,0.2717573046684265
009,YOLOv9s,False,144.0,0,False,True,0.40764766931533813
009,YOLOv9s,False,144.0,1,False,True,0.3620329201221466
009,YOLOv9s,False,144.0,2,False,True,0.29393789172172546
009,YOLOv9s,False,145.0,0,False,True,0.5796741843223572
009,YOLOv9s,False,145.0,1,False,True,0.3107641339302063
009,YOLOv9s,False,145.0,2,False,True,0.2803557813167572
009,YOLOv9s,False,146.0,0,False,True,0.4783332049846649
009,YOLOv9s,False,146.0,1,False,True,0.30712175369262695
009,YOLOv9s,False,146.0,2,False,True,0.29525214433670044
009,YOLOv9s,False,147.0,0,False,True,0.6061874628067017
009,YOLOv9s,False,147.0,1,False,True,0.3095879554748535
009,YOLOv9s,False,147.0,2,False,True,0.29848459362983704
009,YOLOv9s,False,148.0,0,False,True,0.7594221830368042
009,YOLOv9s,False,148.0,1,False,True,0.2900064289569855
009,YOLOv9s,False,149.0,0,False,True,0.7618213891983032
009,YOLOv9s,False,149.0,1,False,True,0.3029012978076935
009,YOLOv9s,False,149.0,2,False,True,0.25756150484085083
009,YOLOv9s,False,150.0,0,False,True,0.7335912585258484
009,YOLOv9s,False,150.0,1,False,True,0.3013335168361664
009,YOLOv9s,False,151.0,0,False,True,0.7294094562530518
009,YOLOv9s,False,151.0,1,False,True,0.2911989986896515
009,YOLOv9s,False,151.0,2,False,True,0.28990715742111206
009,YOLOv9s,False,151.0,3,False,True,0.2509099245071411
009,YOLOv9s,False,152.0,0,False,True,0.7355726361274719
009,YOLOv9s,False,152.0,1,False,True,0.2836590111255646
009,YOLOv9s,False,153.0,0,False,True,0.7059511542320251
009,YOLOv9s,False,153.0,1,False,True,0.27971377968788147
009,YOLOv9s,False,154.0,0,False,True,0.7794343829154968
009,YOLOv9s,False,154.0,1,False,True,0.28578075766563416
009,YOLOv9s,False,155.0,0,False,True,0.6510407328605652
009,YOLOv9s,False,155.0,1,False,True,0.34353944659233093
009,YOLOv9s,False,155.0,2,False,True,0.2741217017173767
009,YOLOv9s,False,156.0,0,False,True,0.6441007256507874
009,YOLOv9s,False,156.0,1,False,True,0.42401668429374695
009,YOLOv9s,False,156.0,2,False,True,0.4180123209953308
009,YOLOv9s,False,156.0,3,False,True,0.28465765714645386
009,YOLOv9s,False,157.0,0,False,True,0.6670013070106506
009,YOLOv9s,False,157.0,1,False,True,0.27953222393989563
009,YOLOv9s,False,158.0,0,False,True,0.7967856526374817
009,YOLOv9s,False,158.0,1,False,True,0.2638460397720337
009,YOLOv9s,False,159.0,0,False,True,0.618775486946106
009,YOLOv9s,False,159.0,1,False,True,0.4932157099246979
009,YOLOv9s,False,159.0,2,False,True,0.2590278685092926
009,YOLOv9s,False,160.0,0,False,True,0.7455076575279236
009,YOLOv9s,False,160.0,1,False,True,0.507341206073761
009,YOLOv9s,False,160.0,2,False,True,0.2577568590641022
009,YOLOv9s,False,161.0,0,False,True,0.695904016494751
009,YOLOv9s,False,161.0,1,False,True,0.47749873995780945
009,YOLOv9s,False,161.0,2,False,True,0.2698361873626709
009,YOLOv9s,False,162.0,0,False,True,0.8119924664497375
009,YOLOv9s,False,162.0,1,False,True,0.2831961512565613
009,YOLOv9s,False,163.0,0,False,True,0.8036862015724182
009,YOLOv9s,False,163.0,1,False,True,0.2760889530181885
009,YOLOv9s,False,164.0,0,False,True,0.7549711465835571
009,YOLOv9s,False,164.0,1,False,True,0.27255186438560486
009,YOLOv9s,False,165.0,0,False,True,0.46368637681007385
009,YOLOv9s,False,165.0,1,False,True,0.41451388597488403
009,YOLOv9s,False,165.0,2,False,True,0.3061487078666687
009,YOLOv9s,False,165.0,3,False,True,0.25937068462371826
009,YOLOv9s,False,166.0,0,False,True,0.5311245918273926
009,YOLOv9s,False,166.0,1,False,True,0.3037075996398926
009,YOLOv9s,False,166.0,2,False,True,0.2711338698863983
009,YOLOv9s,False,166.0,3,False,True,0.25174111127853394
009,YOLOv9s,False,167.0,0,False,True,0.2802782356739044
009,YOLOv9s,False,167.0,1,False,True,0.2755741477012634
009,YOLOv9s,False,167.0,2,False,True,0.27232682704925537
009,YOLOv9s,False,167.0,3,False,True,0.25756850838661194
009,YOLOv9s,False,168.0,0,False,True,0.47926852107048035
009,YOLOv9s,False,168.0,1,False,True,0.27897077798843384
009,YOLOv9s,False,168.0,2,False,True,0.2609586715698242
009,YOLOv9s,False,169.0,0,False,True,0.8191211223602295
009,YOLOv9s,False,169.0,1,False,True,0.42553332448005676
009,YOLOv9s,False,169.0,2,False,True,0.2696830630302429
009,YOLOv9s,False,169.0,3,False,True,0.267541766166687
009,YOLOv9s,False,169.0,4,False,True,0.26239287853240967
009,YOLOv9s,False,170.0,0,False,True,0.6087760925292969
009,YOLOv9s,False,170.0,1,False,True,0.46881574392318726
009,YOLOv9s,False,170.0,2,False,True,0.29943397641181946
009,YOLOv9s,False,170.0,3,False,True,0.2733856737613678
009,YOLOv9s,False,170.0,4,False,True,0.25733688473701477
009,YOLOv9s,False,171.0,0,False,True,0.7627122402191162
009,YOLOv9s,False,171.0,1,False,True,0.3542901575565338
009,YOLOv9s,False,171.0,2,False,True,0.2523801922798157
009,YOLOv9s,False,171.0,3,False,True,0.2513360381126404
009,YOLOv9s,False,172.0,0,False,True,0.6166346669197083
009,YOLOv9s,False,172.0,1,False,True,0.49458742141723633
009,YOLOv9s,False,172.0,2,False,True,0.2688162624835968
009,YOLOv9s,False,172.0,3,False,True,0.2579731345176697
009,YOLOv9s,False,173.0,0,False,True,0.7076044082641602
009,YOLOv9s,False,173.0,1,False,True,0.5274024605751038
009,YOLOv9s,False,173.0,2,False,True,0.2621151804924011
009,YOLOv9s,False,173.0,3,False,True,0.25058186054229736
009,YOLOv9s,False,174.0,0,False,True,0.8137077689170837
009,YOLOv9s,False,174.0,1,False,True,0.2651725113391876
009,YOLOv9s,False,174.0,2,False,True,0.26119565963745117
009,YOLOv9s,False,175.0,0,False,True,0.6360568404197693
009,YOLOv9s,False,175.0,1,False,True,0.3595599830150604
009,YOLOv9s,False,175.0,2,False,True,0.27484700083732605
009,YOLOv9s,False,175.0,3,False,True,0.25044113397598267
009,YOLOv9s,False,176.0,0,False,True,0.7116841673851013
009,YOLOv9s,False,176.0,1,False,True,0.3729819059371948
009,YOLOv9s,False,177.0,0,False,True,0.7259619832038879
009,YOLOv9s,False,177.0,1,False,True,0.3040893077850342
009,YOLOv9s,False,178.0,0,False,True,0.7062857747077942
009,YOLOv9s,False,178.0,1,False,True,0.3185267746448517
009,YOLOv9s,False,179.0,0,False,True,0.5869235992431641
009,YOLOv9s,False,179.0,1,False,True,0.27537837624549866
009,YOLOv9s,False,180.0,0,False,True,0.3052341938018799
009,YOLOv9s,False,180.0,1,False,True,0.3051678538322449
009,YOLOv9s,False,180.0,2,False,True,0.26234525442123413
009,YOLOv9s,False,181.0,0,False,True,0.5564876198768616
009,YOLOv9s,False,181.0,1,False,True,0.28544896841049194
009,YOLOv9s,False,182.0,0,False,True,0.3804175853729248
009,YOLOv9s,False,182.0,1,False,True,0.2528868615627289
009,YOLOv9s,False,183.0,0,False,True,0.40313491225242615
009,YOLOv9s,False,184.0,0,False,True,0.6233150959014893
009,YOLOv9s,False,184.0,1,False,True,0.26196810603141785
009,YOLOv9s,False,185.0,0,False,True,0.6009737253189087
009,YOLOv9s,False,185.0,1,False,True,0.2546355724334717
009,YOLOv9s,False,186.0,0,False,True,0.5434775948524475
009,YOLOv9s,False,186.0,1,False,True,0.2637595534324646
009,YOLOv9s,False,186.0,2,False,True,0.2519163191318512
009,YOLOv9s,False,187.0,0,False,True,0.5410265326499939
009,YOLOv9s,False,187.0,1,False,True,0.2836269438266754
009,YOLOv9s,False,187.0,2,False,True,0.2674091160297394
009,YOLOv9s,False,188.0,0,False,True,0.6410546898841858
009,YOLOv9s,False,188.0,1,False,True,0.30668699741363525
009,YOLOv9s,False,188.0,2,False,True,0.2715906798839569
009,YOLOv9s,False,189.0,0,False,True,0.6223093867301941
009,YOLOv9s,False,189.0,1,False,True,0.3706081509590149
009,YOLOv9s,False,189.0,2,False,True,0.294861763715744
009,YOLOv9s,False,189.0,3,False,True,0.27177315950393677
009,YOLOv9s,False,190.0,0,False,True,0.5799311399459839
009,YOLOv9s,False,190.0,1,False,True,0.2878659665584564
009,YOLOv9s,False,190.0,2,False,True,0.2783811092376709
009,YOLOv9s,False,191.0,0,False,True,0.5794673562049866
009,YOLOv9s,False,191.0,1,False,True,0.36210161447525024
009,YOLOv9s,False,191.0,2,False,True,0.33287930488586426
009,YOLOv9s,False,191.0,3,False,True,0.2878842353820801
009,YOLOv9s,False,192.0,0,False,True,0.6767617464065552
009,YOLOv9s,False,192.0,1,False,True,0.3116852045059204
009,YOLOv9s,False,192.0,2,False,True,0.3071984648704529
009,YOLOv9s,False,192.0,3,False,True,0.30576595664024353
009,YOLOv9s,False,193.0,0,False,True,0.732745349407196
009,YOLOv9s,False,193.0,1,False,True,0.2993715703487396
009,YOLOv9s,False,193.0,2,False,True,0.28842267394065857
009,YOLOv9s,False,193.0,3,False,True,0.2676914930343628
009,YOLOv9s,False,194.0,0,False,True,0.8074084520339966
009,YOLOv9s,False,194.0,1,False,True,0.3036765158176422
009,YOLOv9s,False,194.0,2,False,True,0.2656311094760895
009,YOLOv9s,False,195.0,0,False,True,0.5895980000495911
009,YOLOv9s,False,195.0,1,False,True,0.5138940811157227
009,YOLOv9s,False,195.0,2,False,True,0.31699705123901367
009,YOLOv9s,False,195.0,3,False,True,0.28399503231048584
009,YOLOv9s,False,195.0,4,False,True,0.25788185000419617
009,YOLOv9s,False,196.0,0,False,True,0.6002727746963501
009,YOLOv9s,False,196.0,1,False,True,0.41347959637641907
009,YOLOv9s,False,196.0,2,False,True,0.3138044774532318
009,YOLOv9s,False,196.0,3,False,True,0.31191420555114746
009,YOLOv9s,False,197.0,0,False,True,0.6857929229736328
009,YOLOv9s,False,197.0,1,False,True,0.35987070202827454
009,YOLOv9s,False,197.0,2,False,True,0.3052493631839752
009,YOLOv9s,False,198.0,0,False,True,0.6483950018882751
009,YOLOv9s,False,198.0,1,False,True,0.3046576976776123
009,YOLOv9s,False,198.0,2,False,True,0.304273784160614
009,YOLOv9s,False,199.0,0,False,True,0.7189416289329529
009,YOLOv9s,False,199.0,1,False,True,0.3060470223426819
009,YOLOv9s,False,199.0,2,False,True,0.2761518657207489
009,YOLOv9s,False,200.0,0,False,True,0.6981168389320374
009,YOLOv9s,False,200.0,1,False,True,0.3076179623603821
009,YOLOv9s,False,201.0,0,False,True,0.7623670101165771
009,YOLOv9s,False,201.0,1,False,True,0.32119253277778625
009,YOLOv9s,False,202.0,0,False,True,0.7284108996391296
009,YOLOv9s,False,202.0,1,False,True,0.31016382575035095
009,YOLOv9s,False,203.0,0,False,True,0.7285891175270081
009,YOLOv9s,False,203.0,1,False,True,0.3657751977443695
009,YOLOv9s,False,204.0,0,False,True,0.6099225282669067
009,YOLOv9s,False,204.0,1,False,True,0.31927940249443054
009,YOLOv9s,False,205.0,0,False,True,0.4930448532104492
009,YOLOv9s,False,205.0,1,False,True,0.33083465695381165
009,YOLOv9s,False,206.0,0,False,True,0.4830234944820404
009,YOLOv9s,False,206.0,1,False,True,0.347076416015625
009,YOLOv9s,False,207.0,0,False,True,0.3510446548461914
009,YOLOv9s,False,207.0,1,False,True,0.34572499990463257
009,YOLOv9s,False,208.0,0,False,True,0.602635383605957
009,YOLOv9s,False,208.0,1,False,True,0.37050139904022217
009,YOLOv9s,False,209.0,0,False,True,0.5520880222320557
009,YOLOv9s,False,209.0,1,False,True,0.3900263011455536
009,YOLOv9s,False,209.0,2,False,True,0.2512131631374359
009,YOLOv9s,False,210.0,0,False,True,0.5743777751922607
009,YOLOv9s,False,210.0,1,False,True,0.3857094645500183
009,YOLOv9s,False,210.0,2,False,True,0.3247569501399994
009,YOLOv9s,False,210.0,3,False,True,0.2707039415836334
009,YOLOv9s,False,211.0,0,False,True,0.5187880396842957
009,YOLOv9s,False,211.0,1,False,True,0.385890930891037
009,YOLOv9s,False,211.0,2,False,True,0.3477180004119873
009,YOLOv9s,False,211.0,3,False,True,0.2657710313796997
009,YOLOv9s,False,211.0,4,False,True,0.2646927833557129
009,YOLOv9s,False,212.0,0,False,True,0.43977057933807373
009,YOLOv9s,False,212.0,1,False,True,0.42645999789237976
009,YOLOv9s,False,212.0,2,False,True,0.3993348181247711
009,YOLOv9s,False,212.0,3,False,True,0.3799792230129242
009,YOLOv9s,False,212.0,4,False,True,0.3355868458747864
009,YOLOv9s,False,213.0,0,False,True,0.6094335913658142
009,YOLOv9s,False,213.0,1,False,True,0.5972474217414856
009,YOLOv9s,False,213.0,2,False,True,0.42320308089256287
009,YOLOv9s,False,214.0,0,False,True,0.7597575783729553
009,YOLOv9s,False,214.0,1,False,True,0.388979971408844
009,YOLOv9s,False,215.0,0,False,True,0.6513645648956299
009,YOLOv9s,False,215.0,1,False,True,0.39327317476272583
009,YOLOv9s,False,215.0,2,False,True,0.3387501537799835
009,YOLOv9s,False,215.0,3,False,True,0.25271672010421753
009,YOLOv9s,False,216.0,0,False,True,0.5751664042472839
009,YOLOv9s,False,216.0,1,False,True,0.4631009101867676
009,YOLOv9s,False,216.0,2,False,True,0.4087241291999817
009,YOLOv9s,False,217.0,0,False,True,0.6506699919700623
009,YOLOv9s,False,217.0,1,False,True,0.3641034960746765
009,YOLOv9s,False,217.0,2,False,True,0.35780590772628784
009,YOLOv9s,False,217.0,3,False,True,0.33852705359458923
009,YOLOv9s,False,218.0,0,False,True,0.5065299272537231
009,YOLOv9s,False,218.0,1,False,True,0.4276849627494812
009,YOLOv9s,False,218.0,2,False,True,0.3092571198940277
009,YOLOv9s,False,219.0,0,False,True,0.45608964562416077
009,YOLOv9s,False,219.0,1,False,True,0.35637718439102173
009,YOLOv9s,False,219.0,2,False,True,0.32298728823661804
009,YOLOv9s,False,220.0,0,False,True,0.44018465280532837
009,YOLOv9s,False,220.0,1,False,True,0.3890051543712616
009,YOLOv9s,False,220.0,2,False,True,0.31624943017959595
009,YOLOv9s,False,221.0,0,False,True,0.4869716167449951
009,YOLOv9s,False,221.0,1,False,True,0.35827985405921936
009,YOLOv9s,False,221.0,2,False,True,0.3210625946521759
009,YOLOv9s,False,222.0,0,False,True,0.6983203887939453
009,YOLOv9s,False,222.0,1,False,True,0.3530346155166626
009,YOLOv9s,False,222.0,2,False,True,0.3186321556568146
009,YOLOv9s,False,223.0,0,False,True,0.7680135369300842
009,YOLOv9s,False,223.0,1,False,True,0.32890042662620544
009,YOLOv9s,False,223.0,2,False,True,0.3214936852455139
009,YOLOv9s,False,224.0,0,False,True,0.7376957535743713
009,YOLOv9s,False,224.0,1,False,True,0.3042947053909302
009,YOLOv9s,False,225.0,0,False,True,0.7520930767059326
009,YOLOv9s,False,225.0,1,False,True,0.2810051441192627
009,YOLOv9s,False,225.0,2,False,True,0.27042356133461
009,YOLOv9s,False,226.0,0,False,True,0.8530091643333435
009,YOLOv9s,False,226.0,1,False,True,0.26858025789260864
009,YOLOv9s,False,226.0,2,False,True,0.2553601562976837
009,YOLOv9s,False,227.0,0,False,True,0.8299769759178162
009,YOLOv9s,False,227.0,1,False,True,0.2953090965747833
009,YOLOv9s,False,228.0,0,False,True,0.8428428769111633
009,YOLOv9s,False,228.0,1,False,True,0.32698479294776917
009,YOLOv9s,False,229.0,0,False,True,0.5213066935539246
009,YOLOv9s,False,229.0,1,False,True,0.47001057863235474
009,YOLOv9s,False,229.0,2,False,True,0.3768024742603302
009,YOLOv9s,False,230.0,0,False,True,0.6801227331161499
009,YOLOv9s,False,230.0,1,False,True,0.5166037678718567
009,YOLOv9s,False,230.0,2,False,True,0.2646411955356598
009,YOLOv9s,False,231.0,0,False,True,0.6871244311332703
009,YOLOv9s,False,231.0,1,False,True,0.5232393145561218
009,YOLOv9s,False,231.0,2,False,True,0.3211682140827179
009,YOLOv9s,False,232.0,0,False,True,0.6832349896430969
009,YOLOv9s,False,232.0,1,False,True,0.49442848563194275
009,YOLOv9s,False,233.0,0,False,True,0.558577299118042
009,YOLOv9s,False,233.0,1,False,True,0.519219696521759
009,YOLOv9s,False,233.0,2,False,True,0.3638777732849121
009,YOLOv9s,False,234.0,0,False,True,0.5310022830963135
009,YOLOv9s,False,234.0,1,False,True,0.2806839346885681
009,YOLOv9s,False,234.0,2,False,True,0.26464807987213135
009,YOLOv9s,False,235.0,0,False,True,0.5316291451454163
009,YOLOv9s,False,235.0,1,False,True,0.38996177911758423
009,YOLOv9s,False,236.0,0,False,True,0.5608386993408203
009,YOLOv9s,False,237.0,0,False,True,0.5277193188667297
009,YOLOv9s,False,237.0,1,False,True,0.3701402246952057
009,YOLOv9s,False,238.0,0,False,True,0.4128116965293884
009,YOLOv9s,False,238.0,1,False,True,0.38309505581855774
009,YOLOv9s,False,238.0,2,False,True,0.36257368326187134
009,YOLOv9s,False,239.0,0,False,True,0.3767305910587311
009,YOLOv9s,False,239.0,1,False,True,0.3240976929664612
009,YOLOv9s,False,239.0,2,False,True,0.3078751564025879
009,YOLOv9s,False,240.0,0,False,True,0.59206223487854
009,YOLOv9s,False,240.0,1,False,True,0.35456037521362305
009,YOLOv9s,False,240.0,2,False,True,0.3396594822406769
009,YOLOv9s,False,241.0,0,False,True,0.5565012693405151
009,YOLOv9s,False,241.0,1,False,True,0.4021492898464203
009,YOLOv9s,False,241.0,2,False,True,0.26894065737724304
009,YOLOv9s,False,242.0,0,False,True,0.37207284569740295
009,YOLOv9s,False,242.0,1,False,True,0.2910918593406677
009,YOLOv9s,False,242.0,2,False,True,0.28367382287979126
009,YOLOv9s,False,243.0,0,False,True,0.30695515871047974
009,YOLOv9s,False,244.0,0,False,True,0.2787063419818878
009,YOLOv9s,False,244.0,1,False,True,0.2542095184326172
009,YOLOv9s,False,245.0,0,False,True,0.46089115738868713
009,YOLOv9s,False,245.0,1,False,True,0.4331621527671814
009,YOLOv9s,False,245.0,2,False,True,0.384166955947876
009,YOLOv9s,False,245.0,3,False,True,0.31985369324684143
009,YOLOv9s,False,246.0,0,False,True,0.4135335683822632
009,YOLOv9s,False,246.0,1,False,True,0.30805328488349915
009,YOLOv9s,False,246.0,2,False,True,0.27622050046920776
009,YOLOv9s,False,247.0,0,False,True,0.46539008617401123
009,YOLOv9s,False,247.0,1,False,True,0.28525295853614807
009,YOLOv9s,False,247.0,2,False,True,0.2799190282821655
009,YOLOv9s,False,248.0,0,False,True,0.4111376702785492
009,YOLOv9s,False,248.0,1,False,True,0.3176097869873047
009,YOLOv9s,False,248.0,2,False,True,0.2997882068157196
009,YOLOv9s,False,248.0,3,False,True,0.26911941170692444
009,YOLOv9s,False,249.0,0,False,True,0.3422892689704895
009,YOLOv9s,False,250.0,0,False,True,0.4469943940639496
009,YOLOv9s,False,250.0,1,False,True,0.25312530994415283
009,YOLOv9s,False,251.0,0,False,True,0.6822558641433716
009,YOLOv9s,False,252.0,0,False,True,0.3557259440422058
009,YOLOv9s,False,253.0,0,False,True,0.26756420731544495
009,YOLOv9s,False,254.0,0,False,True,0.3406829535961151
009,YOLOv9s,False,254.0,1,False,True,0.3238001763820648
009,YOLOv9s,False,255.0,0,False,True,0.44083645939826965
009,YOLOv9s,False,256.0,0,False,True,0.3660593032836914
009,YOLOv9s,False,256.0,1,False,True,0.36382099986076355
009,YOLOv9s,False,257.0,0,False,True,0.54167640209198
009,YOLOv9s,False,257.0,1,False,True,0.3206480145454407
009,YOLOv9s,False,258.0,0,False,True,0.3974125385284424
009,YOLOv9s,False,258.0,1,False,True,0.27304500341415405
009,YOLOv9s,False,259.0,0,False,True,0.39471304416656494
009,YOLOv9s,False,260.0,0,False,True,0.34184378385543823
009,YOLOv9s,False,261.0,0,False,True,0.27096638083457947
009,YOLOv9s,False,262.0,0,False,True,0.2886829376220703
009,YOLOv9s,False,263.0,0,False,True,0.30328062176704407
009,YOLOv9s,False,263.0,1,False,True,0.26741042733192444
009,YOLOv9s,False,264.0,0,False,True,0.3256031572818756
009,YOLOv9s,False,264.0,1,False,True,0.2999699115753174
009,YOLOv9s,False,265.0,0,False,True,0.3889071047306061
009,YOLOv9s,False,265.0,1,False,True,0.3418075442314148
009,YOLOv9s,False,265.0,2,False,True,0.31863731145858765
009,YOLOv9s,False,266.0,0,False,True,0.3411923348903656
009,YOLOv9s,False,266.0,1,False,True,0.31097477674484253
009,YOLOv9s,False,267.0,0,False,True,0.5876126885414124
009,YOLOv9s,False,267.0,1,False,True,0.37080591917037964
009,YOLOv9s,False,268.0,0,False,True,0.6027224063873291
009,YOLOv9s,False,269.0,0,False,True,0.6497009992599487
009,YOLOv9s,False,270.0,0,False,True,0.6743879914283752
009,YOLOv9s,False,270.0,1,False,True,0.25492990016937256
009,YOLOv9s,False,271.0,0,False,True,0.693674623966217
009,YOLOv9s,False,271.0,1,False,True,0.2569965720176697
009,YOLOv9s,False,272.0,0,False,True,0.6694999933242798
009,YOLOv9s,False,272.0,1,False,True,0.2611886262893677
009,YOLOv9s,False,273.0,0,False,True,0.6465361714363098
009,YOLOv9s,False,273.0,1,False,True,0.2585524320602417
009,YOLOv9s,False,274.0,0,False,True,0.6761176586151123
009,YOLOv9s,False,275.0,0,False,True,0.6520242094993591
009,YOLOv9s,False,275.0,1,False,True,0.2730117738246918
009,YOLOv9s,False,276.0,0,False,True,0.6604080200195312
009,YOLOv9s,False,276.0,1,False,True,0.27696794271469116
009,YOLOv9s,False,277.0,0,False,True,0.6403371095657349
009,YOLOv9s,False,277.0,1,False,True,0.2889893054962158
009,YOLOv9s,False,278.0,0,False,True,0.6410050988197327
009,YOLOv9s,False,278.0,1,False,True,0.27139008045196533
009,YOLOv9s,False,279.0,0,False,True,0.6494119167327881
009,YOLOv9s,False,279.0,1,False,True,0.26927775144577026
009,YOLOv9s,False,280.0,0,False,True,0.6249253749847412
009,YOLOv9s,False,280.0,1,False,True,0.2603563964366913
009,YOLOv9s,False,281.0,0,False,True,0.6616354584693909
009,YOLOv9s,False,281.0,1,False,True,0.27925190329551697
009,YOLOv9s,False,282.0,0,False,True,0.6481471061706543
009,YOLOv9s,False,282.0,1,False,True,0.2825275957584381
009,YOLOv9s,False,283.0,0,False,True,0.6239569187164307
009,YOLOv9s,False,283.0,1,False,True,0.2983943223953247
009,YOLOv9s,False,284.0,0,False,True,0.5858163833618164
009,YOLOv9s,False,284.0,1,False,True,0.2983661890029907
009,YOLOv9s,False,285.0,0,False,True,0.597361147403717
009,YOLOv9s,False,285.0,1,False,True,0.2811931371688843
009,YOLOv9s,False,286.0,0,False,True,0.5812196135520935
009,YOLOv9s,False,286.0,1,False,True,0.2949916422367096
009,YOLOv9s,False,287.0,0,False,True,0.6536365151405334
009,YOLOv9s,False,287.0,1,False,True,0.3024572730064392
009,YOLOv9s,False,288.0,0,False,True,0.6211476922035217
009,YOLOv9s,False,288.0,1,False,True,0.29607224464416504
009,YOLOv9s,False,289.0,0,False,True,0.6378998160362244
009,YOLOv9s,False,289.0,1,False,True,0.2948998212814331
009,YOLOv9s,False,290.0,0,False,True,0.45490744709968567
009,YOLOv9s,False,290.0,1,False,True,0.2723853886127472
009,YOLOv9s,False,291.0,0,False,True,0.5318945646286011
009,YOLOv9s,False,291.0,1,False,True,0.2564910352230072
009,YOLOv9s,False,292.0,0,False,True,0.5438429117202759
009,YOLOv9s,False,292.0,1,False,True,0.2618162930011749
009,YOLOv9s,False,293.0,0,False,True,0.5277517437934875
009,YOLOv9s,False,293.0,1,False,True,0.27536770701408386
009,YOLOv9s,False,294.0,0,False,True,0.5506107211112976
009,YOLOv9s,False,294.0,1,False,True,0.2815905809402466
009,YOLOv9s,False,295.0,0,False,True,0.5759137868881226
009,YOLOv9s,False,295.0,1,False,True,0.2701147198677063
009,YOLOv9s,False,296.0,0,False,True,0.5635365843772888
009,YOLOv9s,False,296.0,1,False,True,0.2564528286457062
009,YOLOv9s,False,297.0,0,False,True,0.5290896892547607
009,YOLOv9s,False,297.0,1,False,True,0.2825438380241394
009,YOLOv9s,False,298.0,0,False,True,0.5327304601669312
009,YOLOv9s,False,298.0,1,False,True,0.2657310962677002
009,YOLOv9s,False,299.0,0,False,True,0.5791811943054199
009,YOLOv9s,False,299.0,1,False,True,0.28522270917892456
009,YOLOv9s,False,300.0,0,False,True,0.5766934156417847
009,YOLOv9s,False,300.0,1,False,True,0.255409300327301
009,YOLOv9s,False,301.0,0,False,True,0.575273334980011
009,YOLOv9s,False,301.0,1,False,True,0.28378817439079285
009,YOLOv9s,False,302.0,0,False,True,0.6135028600692749
009,YOLOv9s,False,302.0,1,False,True,0.2728625535964966
009,YOLOv9s,False,303.0,0,False,True,0.5938882231712341
009,YOLOv9s,False,303.0,1,False,True,0.28695088624954224
009,YOLOv9s,False,304.0,0,False,True,0.6216238141059875
009,YOLOv9s,False,304.0,1,False,True,0.28811490535736084
009,YOLOv9s,False,305.0,0,False,True,0.6159277558326721
009,YOLOv9s,False,305.0,1,False,True,0.2697371542453766
009,YOLOv9s,False,306.0,0,False,True,0.6165225505828857
009,YOLOv9s,False,306.0,1,False,True,0.28217339515686035
009,YOLOv9s,False,307.0,0,False,True,0.5884634852409363
009,YOLOv9s,False,307.0,1,False,True,0.29577040672302246
009,YOLOv9s,False,308.0,0,False,True,0.6147320866584778
009,YOLOv9s,False,308.0,1,False,True,0.28832119703292847
009,YOLOv9s,False,309.0,0,False,True,0.6124523878097534
009,YOLOv9s,False,309.0,1,False,True,0.2714930772781372
009,YOLOv9s,False,310.0,0,False,True,0.6073154807090759
009,YOLOv9s,False,310.0,1,False,True,0.26936575770378113
009,YOLOv9s,False,311.0,0,False,True,0.659961998462677
009,YOLOv9s,False,311.0,1,False,True,0.2938348948955536
009,YOLOv9s,False,312.0,0,False,True,0.6511504054069519
009,YOLOv9s,False,312.0,1,False,True,0.2734154164791107
009,YOLOv9s,False,313.0,0,False,True,0.6472760438919067
009,YOLOv9s,False,313.0,1,False,True,0.29754307866096497
009,YOLOv9s,False,314.0,0,False,True,0.6273203492164612
009,YOLOv9s,False,314.0,1,False,True,0.28504425287246704
009,YOLOv9s,False,315.0,0,False,True,0.6103330850601196
009,YOLOv9s,False,315.0,1,False,True,0.28699421882629395
009,YOLOv9s,False,316.0,0,False,True,0.619158923625946
009,YOLOv9s,False,316.0,1,False,True,0.26060256361961365
009,YOLOv9s,False,317.0,0,False,True,0.6135157346725464
009,YOLOv9s,False,318.0,0,False,True,0.6593585014343262
009,YOLOv9s,False,318.0,1,False,True,0.2629459798336029
009,YOLOv9s,False,319.0,0,False,True,0.5600955486297607
009,YOLOv9s,False,319.0,1,False,True,0.26287001371383667
009,YOLOv9s,False,320.0,0,False,True,0.6119670867919922
009,YOLOv9s,False,321.0,0,False,True,0.5852746367454529
009,YOLOv9s,False,321.0,1,False,True,0.2755367159843445
009,YOLOv9s,False,322.0,0,False,True,0.6125677227973938
009,YOLOv9s,False,323.0,0,False,True,0.6335713267326355
009,YOLOv9s,False,324.0,0,False,True,0.6081618666648865
009,YOLOv9s,False,324.0,1,False,True,0.26731887459754944
009,YOLOv9s,False,325.0,0,False,True,0.621826708316803
009,YOLOv9s,False,325.0,1,False,True,0.2548530101776123
009,YOLOv9s,False,326.0,0,False,True,0.6500072479248047
009,YOLOv9s,False,327.0,0,False,True,0.6456111073493958
009,YOLOv9s,False,328.0,0,False,True,0.6811646819114685
009,YOLOv9s,False,329.0,0,False,True,0.6661537289619446
009,YOLOv9s,False,330.0,0,False,True,0.6681102514266968
009,YOLOv9s,False,331.0,0,False,True,0.6654675602912903
009,YOLOv9s,False,332.0,0,False,True,0.6625902056694031
009,YOLOv9s,False,333.0,0,False,True,0.6949225664138794
009,YOLOv9s,False,334.0,0,False,True,0.6910764575004578
009,YOLOv9s,False,335.0,0,False,True,0.70478355884552
009,YOLOv9s,False,336.0,0,False,True,0.6976720690727234
009,YOLOv9s,False,337.0,0,False,True,0.7354185581207275
009,YOLOv9s,False,338.0,0,False,True,0.714580774307251
009,YOLOv9s,False,339.0,0,False,True,0.7251988053321838
009,YOLOv9s,False,340.0,0,False,True,0.72828608751297
009,YOLOv9s,False,341.0,0,False,True,0.726458728313446
009,YOLOv9s,False,342.0,0,False,True,0.7019395232200623
009,YOLOv9s,False,343.0,0,False,True,0.7061333656311035
009,YOLOv9s,False,344.0,0,False,True,0.6869049668312073
009,YOLOv9s,False,345.0,0,False,True,0.6914406418800354
009,YOLOv9s,False,346.0,0,False,True,0.7003729939460754
009,YOLOv9s,False,347.0,0,False,True,0.7216343879699707
009,YOLOv9s,False,347.0,1,False,True,0.2697111666202545
009,YOLOv9s,False,348.0,0,False,True,0.6319247484207153
009,YOLOv9s,False,348.0,1,False,True,0.28367623686790466
009,YOLOv9s,False,348.0,2,False,True,0.261642724275589
009,YOLOv9s,False,349.0,0,False,True,0.6658401489257812
009,YOLOv9s,False,349.0,1,False,True,0.2799887955188751
009,YOLOv9s,False,349.0,2,False,True,0.2700490355491638
009,YOLOv9s,False,350.0,0,False,True,0.6681562066078186
009,YOLOv9s,False,350.0,1,False,True,0.27728888392448425
009,YOLOv9s,False,350.0,2,False,True,0.2739188075065613
009,YOLOv9s,False,351.0,0,False,True,0.6690737009048462
009,YOLOv9s,False,351.0,1,False,True,0.28935718536376953
009,YOLOv9s,False,351.0,2,False,True,0.272013783454895
009,YOLOv9s,False,352.0,0,False,True,0.6922799348831177
009,YOLOv9s,False,352.0,1,False,True,0.2678380608558655
009,YOLOv9s,False,352.0,2,False,True,0.2587810158729553
009,YOLOv9s,False,353.0,0,False,True,0.6550253033638
009,YOLOv9s,False,353.0,1,False,True,0.29214268922805786
009,YOLOv9s,False,353.0,2,False,True,0.27260953187942505
009,YOLOv9s,False,354.0,0,False,True,0.6705713868141174
009,YOLOv9s,False,354.0,1,False,True,0.29839614033699036
009,YOLOv9s,False,354.0,2,False,True,0.27045518159866333
009,YOLOv9s,False,355.0,0,False,True,0.6700307726860046
009,YOLOv9s,False,355.0,1,False,True,0.30466923117637634
009,YOLOv9s,False,355.0,2,False,True,0.2833229899406433
009,YOLOv9s,False,356.0,0,False,True,0.7010313272476196
009,YOLOv9s,False,356.0,1,False,True,0.3010254204273224
009,YOLOv9s,False,356.0,2,False,True,0.2766367793083191
009,YOLOv9s,False,357.0,0,False,True,0.690809965133667
009,YOLOv9s,False,357.0,1,False,True,0.33239176869392395
009,YOLOv9s,False,357.0,2,False,True,0.30195119976997375
009,YOLOv9s,False,358.0,0,False,True,0.6670421957969666
009,YOLOv9s,False,358.0,1,False,True,0.2894168198108673
009,YOLOv9s,False,358.0,2,False,True,0.28423789143562317
009,YOLOv9s,False,359.0,0,False,True,0.6733114123344421
009,YOLOv9s,False,359.0,1,False,True,0.3089085817337036
009,YOLOv9s,False,359.0,2,False,True,0.28228747844696045
009,YOLOv9s,False,360.0,0,False,True,0.6929323077201843
009,YOLOv9s,False,360.0,1,False,True,0.30002468824386597
009,YOLOv9s,False,360.0,2,False,True,0.28497427701950073
009,YOLOv9s,False,361.0,0,False,True,0.7101059556007385
009,YOLOv9s,False,361.0,1,False,True,0.3072914183139801
009,YOLOv9s,False,361.0,2,False,True,0.3030237555503845
009,YOLOv9s,False,362.0,0,False,True,0.713348925113678
009,YOLOv9s,False,362.0,1,False,True,0.30664363503456116
009,YOLOv9s,False,362.0,2,False,True,0.28970226645469666
009,YOLOv9s,False,363.0,0,False,True,0.6937129497528076
009,YOLOv9s,False,363.0,1,False,True,0.3514997363090515
009,YOLOv9s,False,363.0,2,False,True,0.297999769449234
009,YOLOv9s,False,364.0,0,False,True,0.7165594100952148
009,YOLOv9s,False,364.0,1,False,True,0.29284054040908813
009,YOLOv9s,False,364.0,2,False,True,0.2825007438659668
009,YOLOv9s,False,365.0,0,False,True,0.6946126818656921
009,YOLOv9s,False,365.0,1,False,True,0.32060253620147705
009,YOLOv9s,False,365.0,2,False,True,0.28195613622665405
009,YOLOv9s,False,366.0,0,False,True,0.7036741375923157
009,YOLOv9s,False,366.0,1,False,True,0.3305613100528717
009,YOLOv9s,False,366.0,2,False,True,0.28599998354911804
009,YOLOv9s,False,367.0,0,False,True,0.6904981732368469
009,YOLOv9s,False,367.0,1,False,True,0.309010773897171
009,YOLOv9s,False,367.0,2,False,True,0.3081114590167999
009,YOLOv9s,False,368.0,0,False,True,0.6629728674888611
009,YOLOv9s,False,368.0,1,False,True,0.34305527806282043
009,YOLOv9s,False,368.0,2,False,True,0.31254661083221436
009,YOLOv9s,False,369.0,0,False,True,0.6916369199752808
009,YOLOv9s,False,369.0,1,False,True,0.30512964725494385
009,YOLOv9s,False,369.0,2,False,True,0.29109901189804077
009,YOLOv9s,False,370.0,0,False,True,0.667518138885498
009,YOLOv9s,False,370.0,1,False,True,0.2996630072593689
009,YOLOv9s,False,370.0,2,False,True,0.29806530475616455
009,YOLOv9s,False,371.0,0,False,True,0.71442711353302
009,YOLOv9s,False,371.0,1,False,True,0.2750878930091858
009,YOLOv9s,False,371.0,2,False,True,0.26347169280052185
009,YOLOv9s,False,372.0,0,False,True,0.7137556672096252
009,YOLOv9s,False,372.0,1,False,True,0.29762980341911316
009,YOLOv9s,False,372.0,2,False,True,0.27697423100471497
009,YOLOv9s,False,373.0,0,False,True,0.7168892025947571
009,YOLOv9s,False,373.0,1,False,True,0.29904961585998535
009,YOLOv9s,False,374.0,0,False,True,0.7034091353416443
009,YOLOv9s,False,374.0,1,False,True,0.2964096665382385
009,YOLOv9s,False,374.0,2,False,True,0.2720206677913666
009,YOLOv9s,False,375.0,0,False,True,0.70363849401474
009,YOLOv9s,False,375.0,1,False,True,0.2718100845813751
009,YOLOv9s,False,375.0,2,False,True,0.2572382986545563
009,YOLOv9s,False,376.0,0,False,True,0.7198184132575989
009,YOLOv9s,False,376.0,1,False,True,0.28139325976371765
009,YOLOv9s,False,376.0,2,False,True,0.2536381483078003
009,YOLOv9s,False,377.0,0,False,True,0.6413014531135559
009,YOLOv9s,False,377.0,1,False,True,0.3168810307979584
009,YOLOv9s,False,377.0,2,False,True,0.28633663058280945
009,YOLOv9s,False,378.0,0,False,True,0.6459295153617859
009,YOLOv9s,False,378.0,1,False,True,0.2915060818195343
009,YOLOv9s,False,378.0,2,False,True,0.2734872102737427
009,YOLOv9s,False,379.0,0,False,True,0.6582542657852173
009,YOLOv9s,False,379.0,1,False,True,0.30079200863838196
009,YOLOv9s,False,379.0,2,False,True,0.2674851417541504
009,YOLOv9s,False,380.0,0,False,True,0.6676946878433228
009,YOLOv9s,False,380.0,1,False,True,0.3106512725353241
009,YOLOv9s,False,380.0,2,False,True,0.2811596095561981
009,YOLOv9s,False,381.0,0,False,True,0.6783179044723511
009,YOLOv9s,False,381.0,1,False,True,0.3442615270614624
009,YOLOv9s,False,381.0,2,False,True,0.28578007221221924
009,YOLOv9s,False,382.0,0,False,True,0.6655305027961731
009,YOLOv9s,False,382.0,1,False,True,0.32688093185424805
009,YOLOv9s,False,382.0,2,False,True,0.29413458704948425
009,YOLOv9s,False,383.0,0,False,True,0.6732145547866821
009,YOLOv9s,False,383.0,1,False,True,0.2941450774669647
009,YOLOv9s,False,383.0,2,False,True,0.2918219268321991
009,YOLOv9s,False,384.0,0,False,True,0.6796224117279053
009,YOLOv9s,False,384.0,1,False,True,0.35869696736335754
009,YOLOv9s,False,384.0,2,False,True,0.300731360912323
009,YOLOv9s,False,385.0,0,False,True,0.6652151346206665
009,YOLOv9s,False,385.0,1,False,True,0.3835527002811432
009,YOLOv9s,False,385.0,2,False,True,0.317985475063324
009,YOLOv9s,False,386.0,0,False,True,0.603908360004425
009,YOLOv9s,False,386.0,1,False,True,0.4012260437011719
009,YOLOv9s,False,386.0,2,False,True,0.32700979709625244
009,YOLOv9s,False,387.0,0,False,True,0.6181244850158691
009,YOLOv9s,False,387.0,1,False,True,0.41288498044013977
009,YOLOv9s,False,387.0,2,False,True,0.33612215518951416
009,YOLOv9s,False,388.0,0,False,True,0.6403135061264038
009,YOLOv9s,False,388.0,1,False,True,0.433130145072937
009,YOLOv9s,False,388.0,2,False,True,0.31462812423706055
009,YOLOv9s,False,389.0,0,False,True,0.6480603814125061
009,YOLOv9s,False,389.0,1,False,True,0.3945799767971039
009,YOLOv9s,False,389.0,2,False,True,0.295989066362381
009,YOLOv9s,False,390.0,0,False,True,0.6513171792030334
009,YOLOv9s,False,390.0,1,False,True,0.3978468179702759
009,YOLOv9s,False,390.0,2,False,True,0.2808528542518616
009,YOLOv9s,False,391.0,0,False,True,0.6705946922302246
009,YOLOv9s,False,391.0,1,False,True,0.33590248227119446
009,YOLOv9s,False,391.0,2,False,True,0.2827291786670685
009,YOLOv9s,False,392.0,0,False,True,0.6612409353256226
009,YOLOv9s,False,392.0,1,False,True,0.41186514496803284
009,YOLOv9s,False,392.0,2,False,True,0.28380057215690613
009,YOLOv9s,False,393.0,0,False,True,0.6627771258354187
009,YOLOv9s,False,393.0,1,False,True,0.3976583182811737
009,YOLOv9s,False,393.0,2,False,True,0.2690199911594391
009,YOLOv9s,False,394.0,0,False,True,0.6325100064277649
009,YOLOv9s,False,394.0,1,False,True,0.38287466764450073
009,YOLOv9s,False,394.0,2,False,True,0.268206387758255
009,YOLOv9s,False,395.0,0,False,True,0.6398909687995911
009,YOLOv9s,False,395.0,1,False,True,0.3674115836620331
009,YOLOv9s,False,395.0,2,False,True,0.27733924984931946
009,YOLOv9s,False,396.0,0,False,True,0.6981872916221619
009,YOLOv9s,False,396.0,1,False,True,0.3798677921295166
009,YOLOv9s,False,396.0,2,False,True,0.27776387333869934
009,YOLOv9s,False,397.0,0,False,True,0.6493443250656128
009,YOLOv9s,False,397.0,1,False,True,0.40490373969078064
009,YOLOv9s,False,397.0,2,False,True,0.27346694469451904
009,YOLOv9s,False,398.0,0,False,True,0.6735508441925049
009,YOLOv9s,False,398.0,1,False,True,0.3660276532173157
009,YOLOv9s,False,398.0,2,False,True,0.28863725066185
009,YOLOv9s,False,399.0,0,False,True,0.6578887104988098
009,YOLOv9s,False,399.0,1,False,True,0.3629416525363922
009,YOLOv9s,False,399.0,2,False,True,0.2835000157356262
009,YOLOv9s,False,400.0,0,False,True,0.6959089636802673
009,YOLOv9s,False,400.0,1,False,True,0.3712076246738434
009,YOLOv9s,False,400.0,2,False,True,0.296004980802536
009,YOLOv9s,False,401.0,0,False,True,0.6550159454345703
009,YOLOv9s,False,401.0,1,False,True,0.4686087369918823
009,YOLOv9s,False,401.0,2,False,True,0.29287153482437134
009,YOLOv9s,False,402.0,0,False,True,0.6564227938652039
009,YOLOv9s,False,402.0,1,False,True,0.4263838827610016
009,YOLOv9s,False,402.0,2,False,True,0.296787291765213
009,YOLOv9s,False,403.0,0,False,True,0.6408505439758301
009,YOLOv9s,False,403.0,1,False,True,0.44926708936691284
009,YOLOv9s,False,403.0,2,False,True,0.3219265341758728
009,YOLOv9s,False,404.0,0,False,True,0.6509707570075989
009,YOLOv9s,False,404.0,1,False,True,0.42333054542541504
009,YOLOv9s,False,404.0,2,False,True,0.30237942934036255
009,YOLOv9s,False,405.0,0,False,True,0.6689863801002502
009,YOLOv9s,False,405.0,1,False,True,0.38745468854904175
009,YOLOv9s,False,405.0,2,False,True,0.31637832522392273
009,YOLOv9s,False,406.0,0,False,True,0.6417587995529175
009,YOLOv9s,False,406.0,1,False,True,0.3461818993091583
009,YOLOv9s,False,406.0,2,False,True,0.28313133120536804
009,YOLOv9s,False,407.0,0,False,True,0.6785916686058044
009,YOLOv9s,False,407.0,1,False,True,0.40210089087486267
009,YOLOv9s,False,407.0,2,False,True,0.27905482053756714
009,YOLOv9s,False,408.0,0,False,True,0.6698791980743408
009,YOLOv9s,False,408.0,1,False,True,0.3666174113750458
009,YOLOv9s,False,408.0,2,False,True,0.3344165086746216
009,YOLOv9s,False,409.0,0,False,True,0.6894973516464233
009,YOLOv9s,False,409.0,1,False,True,0.41801324486732483
009,YOLOv9s,False,409.0,2,False,True,0.357793390750885
009,YOLOv9s,False,410.0,0,False,True,0.6797764301300049
009,YOLOv9s,False,410.0,1,False,True,0.38038620352745056
009,YOLOv9s,False,410.0,2,False,True,0.3542812168598175
009,YOLOv9s,False,411.0,0,False,True,0.6784740090370178
009,YOLOv9s,False,411.0,1,False,True,0.35911938548088074
009,YOLOv9s,False,411.0,2,False,True,0.35715949535369873
009,YOLOv9s,False,412.0,0,False,True,0.6718904376029968
009,YOLOv9s,False,412.0,1,False,True,0.38010159134864807
009,YOLOv9s,False,412.0,2,False,True,0.33561331033706665
009,YOLOv9s,False,413.0,0,False,True,0.6908359527587891
009,YOLOv9s,False,413.0,1,False,True,0.375410258769989
009,YOLOv9s,False,413.0,2,False,True,0.32397183775901794
009,YOLOv9s,False,414.0,0,False,True,0.6463881731033325
009,YOLOv9s,False,414.0,1,False,True,0.39003786444664
009,YOLOv9s,False,414.0,2,False,True,0.3744972050189972
009,YOLOv9s,False,415.0,0,False,True,0.6326895952224731
009,YOLOv9s,False,415.0,1,False,True,0.3905484676361084
009,YOLOv9s,False,415.0,2,False,True,0.31943458318710327
009,YOLOv9s,False,416.0,0,False,True,0.6673448085784912
009,YOLOv9s,False,416.0,1,False,True,0.41059747338294983
009,YOLOv9s,False,416.0,2,False,True,0.34112879633903503
009,YOLOv9s,False,417.0,0,False,True,0.6684836745262146
009,YOLOv9s,False,417.0,1,False,True,0.40671148896217346
009,YOLOv9s,False,417.0,2,False,True,0.2864221930503845
009,YOLOv9s,False,418.0,0,False,True,0.6821526885032654
009,YOLOv9s,False,418.0,1,False,True,0.440137654542923
009,YOLOv9s,False,418.0,2,False,True,0.32857242226600647
009,YOLOv9s,False,419.0,0,False,True,0.7257764339447021
009,YOLOv9s,False,419.0,1,False,True,0.4675436317920685
009,YOLOv9s,False,419.0,2,False,True,0.25975558161735535
009,YOLOv9s,False,420.0,0,False,True,0.7090901136398315
009,YOLOv9s,False,420.0,1,False,True,0.5233722925186157
009,YOLOv9s,False,421.0,0,False,True,0.6483293771743774
009,YOLOv9s,False,421.0,1,False,True,0.48513731360435486
009,YOLOv9s,False,421.0,2,False,True,0.39825671911239624
010,YOLOv9s,False,148.0,0,False,True,0.26908302307128906
010,YOLOv9s,False,149.0,0,False,True,0.47600847482681274
010,YOLOv9s,False,150.0,0,False,True,0.3054888844490051
010,YOLOv9s,False,158.0,0,False,True,0.43554043769836426
010,YOLOv9s,False,159.0,0,False,True,0.375565767288208
010,YOLOv9s,False,160.0,0,False,True,0.25889554619789124
010,YOLOv9s,False,161.0,0,False,True,0.268729031085968
010,YOLOv9s,False,162.0,0,False,True,0.4896619915962219
010,YOLOv9s,False,163.0,0,False,True,0.30535435676574707
010,YOLOv9s,False,187.0,0,True,True,0.5328457951545715
010,YOLOv9s,False,188.0,0,True,True,0.4135053753852844
011,YOLOv9s,False,306.0,0,False,True,0.2881588041782379
012,YOLOv9s,False,220.0,0,False,True,0.28086739778518677
012,YOLOv9s,False,280.0,0,True,True,0.26594460010528564
012,YOLOv9s,False,281.0,0,True,True,0.2985284924507141
012,YOLOv9s,False,282.0,0,True,True,0.337977796792984
012,YOLOv9s,False,283.0,0,True,True,0.34191611409187317
012,YOLOv9s,False,284.0,0,True,True,0.3259757161140442
012,YOLOv9s,False,285.0,0,True,True,0.3223870098590851
012,YOLOv9s,False,286.0,0,True,True,0.33668217062950134
012,YOLOv9s,False,287.0,0,True,True,0.3675365746021271
012,YOLOv9s,False,288.0,0,True,True,0.37829524278640747
012,YOLOv9s,False,289.0,0,True,True,0.37933123111724854
012,YOLOv9s,False,290.0,0,True,True,0.37742775678634644
012,YOLOv9s,False,291.0,0,True,True,0.38476303219795227
012,YOLOv9s,False,292.0,0,True,True,0.37237951159477234
012,YOLOv9s,False,293.0,0,True,True,0.36362770199775696
012,YOLOv9s,False,294.0,0,True,True,0.3446834981441498
012,YOLOv9s,False,295.0,0,True,True,0.3529815375804901
012,YOLOv9s,False,296.0,0,True,True,0.35200923681259155
012,YOLOv9s,False,297.0,0,True,True,0.35438820719718933
012,YOLOv9s,False,298.0,0,True,True,0.3537680208683014
012,YOLOv9s,False,299.0,0,True,True,0.3646724820137024
012,YOLOv9s,False,300.0,0,True,True,0.36290428042411804
012,YOLOv9s,False,301.0,0,True,True,0.32577815651893616
012,YOLOv9s,False,302.0,0,True,True,0.35357266664505005
012,YOLOv9s,False,303.0,0,True,True,0.3674657344818115
012,YOLOv9s,False,304.0,0,True,True,0.3514575660228729
012,YOLOv9s,False,305.0,0,True,True,0.3101488947868347
012,YOLOv9s,False,306.0,0,True,True,0.28305158019065857
012,YOLOv9s,False,307.0,0,True,True,0.28269949555397034
012,YOLOv9s,False,308.0,0,True,True,0.309844970703125
012,YOLOv9s,False,309.0,0,True,True,0.33527156710624695
012,YOLOv9s,False,310.0,0,True,True,0.3288441300392151
012,YOLOv9s,False,311.0,0,True,True,0.3023110032081604
012,YOLOv9s,False,312.0,0,True,True,0.2919870913028717
012,YOLOv9s,False,313.0,0,True,True,0.29523012042045593
012,YOLOv9s,False,314.0,0,True,True,0.3151039779186249
012,YOLOv9s,False,315.0,0,True,True,0.3178512454032898
012,YOLOv9s,False,316.0,0,True,True,0.3031604290008545
012,YOLOv9s,False,317.0,0,True,True,0.288573682308197
012,YOLOv9s,False,318.0,0,True,True,0.2905758321285248
012,YOLOv9s,False,319.0,0,True,True,0.30597734451293945
012,YOLOv9s,False,320.0,0,True,True,0.3154972195625305
012,YOLOv9s,False,321.0,0,True,True,0.31863802671432495
012,YOLOv9s,False,322.0,0,True,True,0.32318314909935
012,YOLOv9s,False,323.0,0,True,True,0.3154996931552887
012,YOLOv9s,False,324.0,0,True,True,0.3110811412334442
012,YOLOv9s,False,325.0,0,True,True,0.30569207668304443
012,YOLOv9s,False,326.0,0,True,True,0.30234137177467346
012,YOLOv9s,False,327.0,0,True,True,0.3050532341003418
012,YOLOv9s,False,328.0,0,True,True,0.30451154708862305
012,YOLOv9s,False,329.0,0,True,True,0.3109342157840729
012,YOLOv9s,False,330.0,0,True,True,0.31362995505332947
012,YOLOv9s,False,331.0,0,True,True,0.30702444911003113
012,YOLOv9s,False,332.0,0,True,True,0.2971929907798767
012,YOLOv9s,False,333.0,0,True,True,0.30162614583969116
012,YOLOv9s,False,334.0,0,True,True,0.2991268038749695
012,YOLOv9s,False,335.0,0,True,True,0.2970111668109894
012,YOLOv9s,False,336.0,0,True,True,0.2998078167438507
012,YOLOv9s,False,337.0,0,True,True,0.2981240451335907
012,YOLOv9s,False,338.0,0,True,True,0.2964668273925781
012,YOLOv9s,False,339.0,0,True,True,0.30482804775238037
012,YOLOv9s,False,340.0,0,True,True,0.31226491928100586
012,YOLOv9s,False,341.0,0,True,True,0.3168083429336548
012,YOLOv9s,False,342.0,0,True,True,0.3118460476398468
012,YOLOv9s,False,343.0,0,True,True,0.32042741775512695
012,YOLOv9s,False,344.0,0,True,True,0.3164893388748169
012,YOLOv9s,False,345.0,0,True,True,0.3088977038860321
012,YOLOv9s,False,346.0,0,True,True,0.31221333146095276
012,YOLOv9s,False,347.0,0,True,True,0.31064149737358093
012,YOLOv9s,False,348.0,0,True,True,0.31452080607414246
012,YOLOv9s,False,349.0,0,True,True,0.29977160692214966
012,YOLOv9s,False,350.0,0,True,True,0.2930797338485718
012,YOLOv9s,False,351.0,0,True,True,0.29025548696517944
012,YOLOv9s,False,352.0,0,True,True,0.29039832949638367
012,YOLOv9s,False,353.0,0,True,True,0.2720335125923157
012,YOLOv9s,False,354.0,0,True,True,0.2793087363243103
012,YOLOv9s,False,355.0,0,True,True,0.2726310193538666
012,YOLOv9s,False,356.0,0,True,True,0.26892444491386414
012,YOLOv9s,False,357.0,0,True,True,0.2713695168495178
012,YOLOv9s,False,358.0,0,True,True,0.2738041579723358
012,YOLOv9s,False,359.0,0,True,True,0.2718699276447296
012,YOLOv9s,False,360.0,0,True,True,0.2719348669052124
012,YOLOv9s,False,361.0,0,True,True,0.26982980966567993
012,YOLOv9s,False,362.0,0,True,True,0.26983100175857544
012,YOLOv9s,False,363.0,0,True,True,0.27898699045181274
012,YOLOv9s,False,364.0,0,True,True,0.2904041111469269
012,YOLOv9s,False,365.0,0,True,True,0.291446715593338
012,YOLOv9s,False,366.0,0,True,True,0.29036492109298706
012,YOLOv9s,False,367.0,0,True,True,0.2924847900867462
012,YOLOv9s,False,368.0,0,True,True,0.2975807785987854
012,YOLOv9s,False,369.0,0,True,True,0.3105173408985138
012,YOLOv9s,False,370.0,0,True,True,0.32238346338272095
012,YOLOv9s,False,371.0,0,True,True,0.33027562499046326
012,YOLOv9s,False,372.0,0,True,True,0.3292437195777893
012,YOLOv9s,False,373.0,0,True,True,0.3270861804485321
012,YOLOv9s,False,374.0,0,True,True,0.31473177671432495
012,YOLOv9s,False,375.0,0,True,True,0.3050190508365631
012,YOLOv9s,False,376.0,0,True,True,0.31097611784935
012,YOLOv9s,False,377.0,0,True,True,0.2987538278102875
012,YOLOv9s,False,378.0,0,True,True,0.30534130334854126
012,YOLOv9s,False,379.0,0,True,True,0.3077355623245239
012,YOLOv9s,False,380.0,0,True,True,0.3028746247291565
012,YOLOv9s,False,381.0,0,True,True,0.3122076988220215
012,YOLOv9s,False,382.0,0,True,True,0.3192128837108612
012,YOLOv9s,False,383.0,0,True,True,0.3289710581302643
012,YOLOv9s,False,384.0,0,True,True,0.3388488292694092
012,YOLOv9s,False,385.0,0,True,True,0.3385638892650604
012,YOLOv9s,False,386.0,0,True,True,0.3523557484149933
012,YOLOv9s,False,387.0,0,True,True,0.34173306822776794
012,YOLOv9s,False,388.0,0,True,True,0.338899701833725
012,YOLOv9s,False,389.0,0,True,True,0.3406916558742523
012,YOLOv9s,False,390.0,0,True,True,0.3189740777015686
012,YOLOv9s,False,391.0,0,True,True,0.32420071959495544
012,YOLOv9s,False,392.0,0,True,True,0.3149770200252533
012,YOLOv9s,False,393.0,0,True,True,0.314352810382843
012,YOLOv9s,False,394.0,0,True,True,0.31625860929489136
012,YOLOv9s,False,395.0,0,True,True,0.32938289642333984
012,YOLOv9s,False,396.0,0,True,True,0.3301370441913605
012,YOLOv9s,False,397.0,0,True,True,0.33711156249046326
012,YOLOv9s,False,398.0,0,True,True,0.33152157068252563
012,YOLOv9s,False,399.0,0,True,True,0.3397834599018097
012,YOLOv9s,False,400.0,0,True,True,0.3370530903339386
012,YOLOv9s,False,401.0,0,True,True,0.33170780539512634
012,YOLOv9s,False,402.0,0,True,True,0.3294016420841217
012,YOLOv9s,False,403.0,0,True,True,0.3825703561306
012,YOLOv9s,False,404.0,0,True,True,0.38087913393974304
012,YOLOv9s,False,405.0,0,True,True,0.38643553853034973
012,YOLOv9s,False,406.0,0,True,True,0.38413625955581665
012,YOLOv9s,False,407.0,0,True,True,0.389504611492157
012,YOLOv9s,False,408.0,0,True,True,0.3954882025718689
012,YOLOv9s,False,409.0,0,True,True,0.40164607763290405
012,YOLOv9s,False,410.0,0,True,True,0.4060676395893097
012,YOLOv9s,False,411.0,0,True,True,0.4083179831504822
012,YOLOv9s,False,412.0,0,True,True,0.4079349935054779
012,YOLOv9s,False,413.0,0,True,True,0.40776675939559937
012,YOLOv9s,False,414.0,0,True,True,0.404365599155426
012,YOLOv9s,False,415.0,0,True,True,0.40349477529525757
012,YOLOv9s,False,416.0,0,True,True,0.40144094824790955
012,YOLOv9s,False,417.0,0,True,True,0.40044766664505005
012,YOLOv9s,False,418.0,0,True,True,0.3937150537967682
012,YOLOv9s,False,419.0,0,True,True,0.40900948643684387
012,YOLOv9s,False,420.0,0,True,True,0.40758460760116577
012,YOLOv9s,False,421.0,0,True,True,0.4063563346862793
012,YOLOv9s,False,422.0,0,True,True,0.41365429759025574
012,YOLOv9s,False,423.0,0,True,True,0.40520715713500977
012,YOLOv9s,False,424.0,0,True,True,0.3977741301059723
012,YOLOv9s,False,425.0,0,True,True,0.39972013235092163
012,YOLOv9s,False,426.0,0,True,True,0.3922710120677948
012,YOLOv9s,False,427.0,0,True,True,0.39102333784103394
012,YOLOv9s,False,428.0,0,True,True,0.4045027196407318
012,YOLOv9s,False,429.0,0,True,True,0.41370463371276855
012,YOLOv9s,False,430.0,0,True,True,0.42068731784820557
012,YOLOv9s,False,431.0,0,True,True,0.4389782249927521
012,YOLOv9s,False,432.0,0,True,True,0.4545617401599884
012,YOLOv9s,False,433.0,0,True,True,0.4474036991596222
012,YOLOv9s,False,434.0,0,True,True,0.4334113895893097
012,YOLOv9s,False,435.0,0,True,True,0.4413301646709442
012,YOLOv9s,False,436.0,0,True,True,0.441881388425827
012,YOLOv9s,False,437.0,0,True,True,0.44491493701934814
012,YOLOv9s,False,438.0,0,True,True,0.4493100643157959
012,YOLOv9s,False,439.0,0,True,True,0.4490603804588318
012,YOLOv9s,False,440.0,0,True,True,0.45053714513778687
012,YOLOv9s,False,441.0,0,True,True,0.4485689103603363
012,YOLOv9s,False,442.0,0,True,True,0.44456109404563904
012,YOLOv9s,False,443.0,0,True,True,0.4371377229690552
012,YOLOv9s,False,444.0,0,True,True,0.43571406602859497
012,YOLOv9s,False,445.0,0,True,True,0.4364897310733795
012,YOLOv9s,False,446.0,0,True,True,0.43739190697669983
012,YOLOv9s,False,447.0,0,True,True,0.4348564147949219
012,YOLOv9s,False,448.0,0,True,True,0.4230967164039612
012,YOLOv9s,False,449.0,0,True,True,0.42316025495529175
012,YOLOv9s,False,450.0,0,True,True,0.4237167239189148
012,YOLOv9s,False,451.0,0,True,True,0.4274753928184509
012,YOLOv9s,False,452.0,0,True,True,0.4295770525932312
012,YOLOv9s,False,453.0,0,True,True,0.4255828261375427
012,YOLOv9s,False,454.0,0,True,True,0.423994779586792
012,YOLOv9s,False,455.0,0,True,True,0.4193417429924011
012,YOLOv9s,False,456.0,0,True,True,0.4315575063228607
012,YOLOv9s,False,457.0,0,True,True,0.4289904534816742
012,YOLOv9s,False,458.0,0,True,True,0.4320872724056244
012,YOLOv9s,False,459.0,0,True,True,0.4219813942909241
012,YOLOv9s,False,460.0,0,True,True,0.4029807150363922
012,YOLOv9s,False,461.0,0,True,True,0.3795607388019562
012,YOLOv9s,False,462.0,0,True,True,0.38189953565597534
012,YOLOv9s,False,463.0,0,True,True,0.3623376488685608
012,YOLOv9s,False,464.0,0,True,True,0.35600486397743225
012,YOLOv9s,False,465.0,0,True,True,0.3529035151004791
012,YOLOv9s,False,466.0,0,True,True,0.35503914952278137
012,YOLOv9s,False,467.0,0,True,True,0.35337960720062256
012,YOLOv9s,False,468.0,0,True,True,0.35625070333480835
012,YOLOv9s,False,469.0,0,True,True,0.3554435968399048
012,YOLOv9s,False,470.0,0,True,True,0.36110982298851013
012,YOLOv9s,False,471.0,0,True,True,0.3578926920890808
012,YOLOv9s,False,472.0,0,True,True,0.3596680760383606
012,YOLOv9s,False,473.0,0,True,True,0.36099377274513245
012,YOLOv9s,False,474.0,0,True,True,0.3542405068874359
012,YOLOv9s,False,475.0,0,True,True,0.3482718765735626
012,YOLOv9s,False,476.0,0,True,True,0.35761451721191406
012,YOLOv9s,False,477.0,0,True,True,0.34562984108924866
012,YOLOv9s,False,478.0,0,True,True,0.36227092146873474
012,YOLOv9s,False,479.0,0,True,True,0.3623427450656891
012,YOLOv9s,False,480.0,0,True,True,0.3634357154369354
012,YOLOv9s,False,481.0,0,True,True,0.3628392219543457
012,YOLOv9s,False,482.0,0,True,True,0.3541235625743866
012,YOLOv9s,False,483.0,0,True,True,0.35758721828460693
012,YOLOv9s,False,484.0,0,True,True,0.3581258952617645
012,YOLOv9s,False,485.0,0,True,True,0.3549171984195709
012,YOLOv9s,False,486.0,0,True,True,0.3578004240989685
012,YOLOv9s,False,487.0,0,True,True,0.36262810230255127
012,YOLOv9s,False,488.0,0,True,True,0.3729364275932312
012,YOLOv9s,False,489.0,0,True,True,0.3698650002479553
012,YOLOv9s,False,490.0,0,True,True,0.3592334985733032
012,YOLOv9s,False,491.0,0,True,True,0.38264763355255127
012,YOLOv9s,False,492.0,0,True,True,0.3979179561138153
012,YOLOv9s,False,493.0,0,True,True,0.40645354986190796
012,YOLOv9s,False,494.0,0,True,True,0.4064008593559265
012,YOLOv9s,False,495.0,0,True,True,0.41977569460868835
012,YOLOv9s,False,496.0,0,True,True,0.42014703154563904
012,YOLOv9s,False,497.0,0,True,True,0.4221428334712982
012,YOLOv9s,False,498.0,0,True,True,0.4253026247024536
012,YOLOv9s,False,499.0,0,True,True,0.4243360757827759
012,YOLOv9s,False,500.0,0,True,True,0.4220653474330902
012,YOLOv9s,False,501.0,0,True,True,0.4213330149650574
012,YOLOv9s,False,502.0,0,True,True,0.42088037729263306
012,YOLOv9s,False,503.0,0,True,True,0.411013662815094
012,YOLOv9s,False,504.0,0,True,True,0.4102141857147217
012,YOLOv9s,False,505.0,0,True,True,0.4112216830253601
012,YOLOv9s,False,506.0,0,True,True,0.41039738059043884
012,YOLOv9s,False,507.0,0,True,True,0.4125215709209442
012,YOLOv9s,False,508.0,0,True,True,0.413695752620697
012,YOLOv9s,False,509.0,0,True,True,0.4156404137611389
012,YOLOv9s,False,510.0,0,True,True,0.41638731956481934
012,YOLOv9s,False,511.0,0,True,True,0.425626665353775
012,YOLOv9s,False,512.0,0,True,True,0.4205089211463928
012,YOLOv9s,False,513.0,0,True,True,0.4185766577720642
012,YOLOv9s,False,514.0,0,True,True,0.41676950454711914
012,YOLOv9s,False,515.0,0,True,True,0.4246987998485565
012,YOLOv9s,False,516.0,0,True,True,0.4239155054092407
012,YOLOv9s,False,517.0,0,True,True,0.4189158082008362
012,YOLOv9s,False,518.0,0,True,True,0.409123033285141
012,YOLOv9s,False,519.0,0,True,True,0.396281898021698
012,YOLOv9s,False,520.0,0,True,True,0.39900878071784973
012,YOLOv9s,False,521.0,0,True,True,0.3928869664669037
012,YOLOv9s,False,522.0,0,True,True,0.3687676787376404
012,YOLOv9s,False,523.0,0,True,True,0.36692994832992554
012,YOLOv9s,False,524.0,0,True,True,0.36491742730140686
012,YOLOv9s,False,525.0,0,True,True,0.3339477777481079
012,YOLOv9s,False,526.0,0,True,True,0.33415094017982483
012,YOLOv9s,False,527.0,0,True,True,0.32259872555732727
012,YOLOv9s,False,528.0,0,True,True,0.3049665093421936
012,YOLOv9s,False,529.0,0,True,True,0.2911425232887268
012,YOLOv9s,False,530.0,0,True,True,0.2773061990737915
012,YOLOv9s,False,531.0,0,True,True,0.27390938997268677
012,YOLOv9s,False,532.0,0,True,True,0.2681735157966614
012,YOLOv9s,False,533.0,0,True,True,0.2684231102466583
012,YOLOv9s,False,534.0,0,True,True,0.26335158944129944
012,YOLOv9s,False,535.0,0,True,True,0.25155720114707947
012,YOLOv9s,False,573.0,0,True,True,0.25618159770965576
012,YOLOv9s,False,574.0,0,True,True,0.26838618516921997
012,YOLOv9s,False,575.0,0,True,True,0.27515217661857605
012,YOLOv9s,False,576.0,0,True,True,0.2861924171447754
012,YOLOv9s,False,578.0,0,True,True,0.2550429403781891
012,YOLOv9s,False,579.0,0,True,True,0.2616097331047058
012,YOLOv9s,False,580.0,0,True,True,0.2875446379184723
012,YOLOv9s,False,581.0,0,True,True,0.2870020270347595
012,YOLOv9s,False,582.0,0,True,True,0.299836665391922
012,YOLOv9s,False,583.0,0,True,True,0.30219656229019165
012,YOLOv9s,False,584.0,0,True,True,0.307217538356781
012,YOLOv9s,False,585.0,0,True,True,0.3159742057323456
012,YOLOv9s,False,586.0,0,True,True,0.30480504035949707
012,YOLOv9s,False,587.0,0,True,True,0.30208447575569153
012,YOLOv9s,False,588.0,0,True,True,0.2846068739891052
012,YOLOv9s,False,589.0,0,True,True,0.26301684975624084
012,YOLOv9s,False,594.0,0,True,True,0.25971636176109314
012,YOLOv9s,False,595.0,0,True,True,0.2649606168270111
012,YOLOv9s,False,596.0,0,True,True,0.2820358872413635
012,YOLOv9s,False,597.0,0,True,True,0.3114888370037079
012,YOLOv9s,False,598.0,0,True,True,0.33702516555786133
012,YOLOv9s,False,599.0,0,True,True,0.36411961913108826
012,YOLOv9s,False,600.0,0,True,True,0.3913893401622772
012,YOLOv9s,False,601.0,0,True,True,0.42194047570228577
012,YOLOv9s,False,602.0,0,True,True,0.4472440481185913
012,YOLOv9s,False,603.0,0,True,True,0.45925939083099365
012,YOLOv9s,False,604.0,0,True,True,0.472280353307724
012,YOLOv9s,False,605.0,0,True,True,0.4922927916049957
012,YOLOv9s,False,606.0,0,True,True,0.48463088274002075
012,YOLOv9s,False,607.0,0,True,True,0.511847198009491
012,YOLOv9s,False,608.0,0,True,True,0.4984854459762573
012,YOLOv9s,False,609.0,0,True,True,0.4718421995639801
012,YOLOv9s,False,610.0,0,True,True,0.43739527463912964
012,YOLOv9s,False,611.0,0,True,True,0.39437881112098694
012,YOLOv9s,False,612.0,0,True,True,0.3709247410297394
012,YOLOv9s,False,613.0,0,True,True,0.37967440485954285
013,YOLOv9s,False,0.0,0,False,True,0.7702032923698425
013,YOLOv9s,False,0.0,1,False,True,0.4895345866680145
013,YOLOv9s,False,1.0,0,False,True,0.7741032838821411
013,YOLOv9s,False,1.0,1,False,True,0.48172417283058167
013,YOLOv9s,False,2.0,0,False,True,0.7524674534797668
013,YOLOv9s,False,2.0,1,False,True,0.4804311692714691
013,YOLOv9s,False,3.0,0,False,True,0.7594783902168274
013,YOLOv9s,False,3.0,1,False,True,0.4986162483692169
013,YOLOv9s,False,4.0,0,False,True,0.7642472386360168
013,YOLOv9s,False,4.0,1,False,True,0.48950549960136414
013,YOLOv9s,False,5.0,0,False,True,0.7863960266113281
013,YOLOv9s,False,5.0,1,False,True,0.4952618181705475
013,YOLOv9s,False,6.0,0,False,True,0.7797464728355408
013,YOLOv9s,False,6.0,1,False,True,0.503311812877655
013,YOLOv9s,False,7.0,0,False,True,0.7805254459381104
013,YOLOv9s,False,7.0,1,False,True,0.5059356093406677
013,YOLOv9s,False,8.0,0,False,True,0.767967164516449
013,YOLOv9s,False,8.0,1,False,True,0.5085843801498413
013,YOLOv9s,False,9.0,0,False,True,0.7830095291137695
013,YOLOv9s,False,9.0,1,False,True,0.5083540081977844
013,YOLOv9s,False,10.0,0,False,True,0.778153657913208
013,YOLOv9s,False,10.0,1,False,True,0.5169254541397095
013,YOLOv9s,False,11.0,0,False,True,0.7627389430999756
013,YOLOv9s,False,11.0,1,False,True,0.5229963660240173
013,YOLOv9s,False,12.0,0,False,True,0.7686991095542908
013,YOLOv9s,False,12.0,1,False,True,0.5163658857345581
013,YOLOv9s,False,13.0,0,False,True,0.770537257194519
013,YOLOv9s,False,13.0,1,False,True,0.5079944729804993
013,YOLOv9s,False,14.0,0,False,True,0.7698734998703003
013,YOLOv9s,False,14.0,1,False,True,0.5122839212417603
013,YOLOv9s,False,15.0,0,False,True,0.7755020260810852
013,YOLOv9s,False,15.0,1,False,True,0.5009267330169678
013,YOLOv9s,False,16.0,0,False,True,0.7788360714912415
013,YOLOv9s,False,16.0,1,False,True,0.4993788003921509
013,YOLOv9s,False,17.0,0,False,True,0.7811124324798584
013,YOLOv9s,False,17.0,1,False,True,0.49887073040008545
013,YOLOv9s,False,18.0,0,False,True,0.7755942344665527
013,YOLOv9s,False,18.0,1,False,True,0.5088145136833191
013,YOLOv9s,False,19.0,0,False,True,0.7740849256515503
013,YOLOv9s,False,19.0,1,False,True,0.5070898532867432
013,YOLOv9s,False,20.0,0,False,True,0.7724924087524414
013,YOLOv9s,False,20.0,1,False,True,0.5219731330871582
013,YOLOv9s,False,21.0,0,False,True,0.7596364617347717
013,YOLOv9s,False,21.0,1,False,True,0.5072088241577148
013,YOLOv9s,False,22.0,0,False,True,0.7749626636505127
013,YOLOv9s,False,22.0,1,False,True,0.5156561136245728
013,YOLOv9s,False,23.0,0,False,True,0.7673513293266296
013,YOLOv9s,False,23.0,1,False,True,0.5165231823921204
013,YOLOv9s,False,24.0,0,False,True,0.7763240337371826
013,YOLOv9s,False,24.0,1,False,True,0.5206036567687988
013,YOLOv9s,False,25.0,0,False,True,0.7770671844482422
013,YOLOv9s,False,25.0,1,False,True,0.5335046052932739
013,YOLOv9s,False,26.0,0,False,True,0.7671446204185486
013,YOLOv9s,False,26.0,1,False,True,0.5482209920883179
013,YOLOv9s,False,27.0,0,False,True,0.7785455584526062
013,YOLOv9s,False,27.0,1,False,True,0.5275083780288696
013,YOLOv9s,False,28.0,0,False,True,0.7844213247299194
013,YOLOv9s,False,28.0,1,False,True,0.5324462652206421
013,YOLOv9s,False,29.0,0,False,True,0.7971366047859192
013,YOLOv9s,False,29.0,1,False,True,0.5179921984672546
013,YOLOv9s,False,30.0,0,False,True,0.7802472114562988
013,YOLOv9s,False,30.0,1,False,True,0.5022986531257629
013,YOLOv9s,False,31.0,0,False,True,0.7727615833282471
013,YOLOv9s,False,31.0,1,False,True,0.5095306038856506
013,YOLOv9s,False,32.0,0,False,True,0.7676799893379211
013,YOLOv9s,False,32.0,1,False,True,0.500939130783081
013,YOLOv9s,False,33.0,0,False,True,0.7812771797180176
013,YOLOv9s,False,33.0,1,False,True,0.5066933035850525
013,YOLOv9s,False,34.0,0,False,True,0.7801668643951416
013,YOLOv9s,False,34.0,1,False,True,0.5170238614082336
013,YOLOv9s,False,35.0,0,False,True,0.7831728458404541
013,YOLOv9s,False,35.0,1,False,True,0.5165002346038818
013,YOLOv9s,False,36.0,0,False,True,0.7881982326507568
013,YOLOv9s,False,36.0,1,False,True,0.518824577331543
013,YOLOv9s,False,37.0,0,False,True,0.7878692150115967
013,YOLOv9s,False,37.0,1,False,True,0.5342579483985901
013,YOLOv9s,False,38.0,0,False,True,0.7713413834571838
013,YOLOv9s,False,38.0,1,False,True,0.5218114852905273
013,YOLOv9s,False,39.0,0,False,True,0.7667398452758789
013,YOLOv9s,False,39.0,1,False,True,0.536332368850708
013,YOLOv9s,False,40.0,0,False,True,0.7781129479408264
013,YOLOv9s,False,40.0,1,False,True,0.5356300473213196
013,YOLOv9s,False,41.0,0,False,True,0.7747310400009155
013,YOLOv9s,False,41.0,1,False,True,0.5298833847045898
013,YOLOv9s,False,42.0,0,False,True,0.7792884707450867
013,YOLOv9s,False,42.0,1,False,True,0.5321117639541626
013,YOLOv9s,False,43.0,0,False,True,0.7772020697593689
013,YOLOv9s,False,43.0,1,False,True,0.5307785868644714
013,YOLOv9s,False,44.0,0,False,True,0.7877715826034546
013,YOLOv9s,False,44.0,1,False,True,0.5343980193138123
013,YOLOv9s,False,45.0,0,False,True,0.7970789074897766
013,YOLOv9s,False,45.0,1,False,True,0.5348038077354431
013,YOLOv9s,False,46.0,0,False,True,0.7913608551025391
013,YOLOv9s,False,46.0,1,False,True,0.5244265794754028
013,YOLOv9s,False,47.0,0,False,True,0.7922086119651794
013,YOLOv9s,False,47.0,1,False,True,0.533815324306488
013,YOLOv9s,False,48.0,0,False,True,0.7888416051864624
013,YOLOv9s,False,48.0,1,False,True,0.5344200730323792
013,YOLOv9s,False,49.0,0,False,True,0.770220160484314
013,YOLOv9s,False,49.0,1,False,True,0.5431889295578003
013,YOLOv9s,False,50.0,0,False,True,0.7825387716293335
013,YOLOv9s,False,50.0,1,False,True,0.5269862413406372
013,YOLOv9s,False,51.0,0,False,True,0.768137514591217
013,YOLOv9s,False,51.0,1,False,True,0.5145806074142456
013,YOLOv9s,False,52.0,0,False,True,0.7735399603843689
013,YOLOv9s,False,52.0,1,False,True,0.5467908382415771
013,YOLOv9s,False,53.0,0,False,True,0.7621892690658569
013,YOLOv9s,False,53.0,1,False,True,0.5884342193603516
013,YOLOv9s,False,54.0,0,False,True,0.736202597618103
013,YOLOv9s,False,54.0,1,False,True,0.6217165589332581
013,YOLOv9s,False,55.0,0,False,True,0.6741594672203064
013,YOLOv9s,False,55.0,1,False,True,0.5429783463478088
013,YOLOv9s,False,56.0,0,False,True,0.6387523412704468
013,YOLOv9s,False,56.0,1,False,True,0.5267747640609741
013,YOLOv9s,False,56.0,2,False,True,0.2974029779434204
013,YOLOv9s,False,57.0,0,False,True,0.6059552431106567
013,YOLOv9s,False,57.0,1,False,True,0.5660979151725769
013,YOLOv9s,False,57.0,2,False,True,0.26289016008377075
013,YOLOv9s,False,58.0,0,False,True,0.6345047354698181
013,YOLOv9s,False,58.0,1,False,True,0.5970812439918518
013,YOLOv9s,False,58.0,2,False,True,0.4133976101875305
013,YOLOv9s,False,59.0,0,False,True,0.5662345290184021
013,YOLOv9s,False,59.0,1,False,True,0.43463048338890076
013,YOLOv9s,False,59.0,2,False,True,0.3361673951148987
013,YOLOv9s,False,60.0,0,False,True,0.6754636168479919
013,YOLOv9s,False,60.0,1,False,True,0.3628092408180237
013,YOLOv9s,False,60.0,2,False,True,0.295369416475296
013,YOLOv9s,False,61.0,0,False,True,0.7222959995269775
013,YOLOv9s,False,61.0,1,False,True,0.2859150767326355
013,YOLOv9s,False,61.0,2,False,True,0.2557723820209503
013,YOLOv9s,False,62.0,0,False,True,0.7367974519729614
013,YOLOv9s,False,62.0,1,False,True,0.4387723505496979
013,YOLOv9s,False,63.0,0,False,True,0.7526451349258423
013,YOLOv9s,False,63.0,1,False,True,0.487669974565506
013,YOLOv9s,False,63.0,2,False,True,0.46908098459243774
013,YOLOv9s,False,64.0,0,False,True,0.740946888923645
013,YOLOv9s,False,64.0,1,False,True,0.4967682659626007
013,YOLOv9s,False,64.0,2,False,True,0.32563111186027527
013,YOLOv9s,False,64.0,3,False,True,0.28776583075523376
013,YOLOv9s,False,65.0,0,False,True,0.6561377048492432
013,YOLOv9s,False,65.0,1,False,True,0.5464881062507629
013,YOLOv9s,False,66.0,0,False,True,0.5928031802177429
013,YOLOv9s,False,66.0,1,False,True,0.5240438580513
013,YOLOv9s,False,67.0,0,False,True,0.6827735304832458
013,YOLOv9s,False,67.0,1,False,True,0.4535581171512604
013,YOLOv9s,False,67.0,2,False,True,0.30822116136550903
013,YOLOv9s,False,68.0,0,False,True,0.6069754362106323
013,YOLOv9s,False,68.0,1,False,True,0.5733866095542908
013,YOLOv9s,False,68.0,2,False,True,0.5680539011955261
013,YOLOv9s,False,68.0,3,False,True,0.5345155000686646
013,YOLOv9s,False,69.0,0,False,True,0.7002728581428528
013,YOLOv9s,False,69.0,1,False,True,0.5557152032852173
013,YOLOv9s,False,69.0,2,False,True,0.44991230964660645
013,YOLOv9s,False,69.0,3,False,True,0.3016236424446106
013,YOLOv9s,False,70.0,0,False,True,0.5430140495300293
013,YOLOv9s,False,70.0,1,False,True,0.47951650619506836
013,YOLOv9s,False,70.0,2,False,True,0.4444519877433777
013,YOLOv9s,False,70.0,3,False,True,0.3122897148132324
013,YOLOv9s,False,71.0,0,False,True,0.5731402039527893
013,YOLOv9s,False,71.0,1,False,True,0.25415411591529846
013,YOLOv9s,False,72.0,0,False,True,0.6434032320976257
013,YOLOv9s,False,72.0,1,False,True,0.26201990246772766
013,YOLOv9s,False,73.0,0,False,True,0.6567745804786682
013,YOLOv9s,False,73.0,1,False,True,0.35077834129333496
013,YOLOv9s,False,74.0,0,False,True,0.6399232745170593
013,YOLOv9s,False,74.0,1,False,True,0.5053927898406982
013,YOLOv9s,False,75.0,0,False,True,0.6222724318504333
013,YOLOv9s,False,75.0,1,False,True,0.592840313911438
013,YOLOv9s,False,75.0,2,False,True,0.30801600217819214
013,YOLOv9s,False,76.0,0,False,True,0.6084854602813721
013,YOLOv9s,False,76.0,1,False,True,0.3215051293373108
013,YOLOv9s,False,76.0,2,False,True,0.2840181291103363
013,YOLOv9s,False,77.0,0,False,True,0.6219692826271057
013,YOLOv9s,False,77.0,1,False,True,0.40879112482070923
013,YOLOv9s,False,77.0,2,False,True,0.3959835171699524
013,YOLOv9s,False,78.0,0,False,True,0.5794526934623718
013,YOLOv9s,False,78.0,1,False,True,0.5620086789131165
013,YOLOv9s,False,79.0,0,False,True,0.5806804299354553
013,YOLOv9s,False,79.0,1,False,True,0.5383909344673157
013,YOLOv9s,False,0.0,0,False,True,0.7702032923698425
013,YOLOv9s,False,0.0,1,False,True,0.4895345866680145
013,YOLOv9s,False,1.0,0,False,True,0.7741032838821411
013,YOLOv9s,False,1.0,1,False,True,0.48172417283058167
013,YOLOv9s,False,2.0,0,False,True,0.7524674534797668
013,YOLOv9s,False,2.0,1,False,True,0.4804311692714691
013,YOLOv9s,False,3.0,0,False,True,0.7594783902168274
013,YOLOv9s,False,3.0,1,False,True,0.4986162483692169
013,YOLOv9s,False,4.0,0,False,True,0.7642472386360168
013,YOLOv9s,False,4.0,1,False,True,0.48950549960136414
013,YOLOv9s,False,5.0,0,False,True,0.7863960266113281
013,YOLOv9s,False,5.0,1,False,True,0.4952618181705475
013,YOLOv9s,False,6.0,0,False,True,0.7797464728355408
013,YOLOv9s,False,6.0,1,False,True,0.503311812877655
013,YOLOv9s,False,7.0,0,False,True,0.7805254459381104
013,YOLOv9s,False,7.0,1,False,True,0.5059356093406677
013,YOLOv9s,False,8.0,0,False,True,0.767967164516449
013,YOLOv9s,False,8.0,1,False,True,0.5085843801498413
013,YOLOv9s,False,9.0,0,False,True,0.7830095291137695
013,YOLOv9s,False,9.0,1,False,True,0.5083540081977844
013,YOLOv9s,False,10.0,0,False,True,0.778153657913208
013,YOLOv9s,False,10.0,1,False,True,0.5169254541397095
013,YOLOv9s,False,11.0,0,False,True,0.7627389430999756
013,YOLOv9s,False,11.0,1,False,True,0.5229963660240173
013,YOLOv9s,False,12.0,0,False,True,0.7686991095542908
013,YOLOv9s,False,12.0,1,False,True,0.5163658857345581
013,YOLOv9s,False,13.0,0,False,True,0.770537257194519
013,YOLOv9s,False,13.0,1,False,True,0.5079944729804993
013,YOLOv9s,False,14.0,0,False,True,0.7698734998703003
013,YOLOv9s,False,14.0,1,False,True,0.5122839212417603
013,YOLOv9s,False,15.0,0,False,True,0.7755020260810852
013,YOLOv9s,False,15.0,1,False,True,0.5009267330169678
013,YOLOv9s,False,16.0,0,False,True,0.7788360714912415
013,YOLOv9s,False,16.0,1,False,True,0.4993788003921509
013,YOLOv9s,False,17.0,0,False,True,0.7811124324798584
013,YOLOv9s,False,17.0,1,False,True,0.49887073040008545
013,YOLOv9s,False,18.0,0,False,True,0.7755942344665527
013,YOLOv9s,False,18.0,1,False,True,0.5088145136833191
013,YOLOv9s,False,19.0,0,False,True,0.7740849256515503
013,YOLOv9s,False,19.0,1,False,True,0.5070898532867432
013,YOLOv9s,False,20.0,0,False,True,0.7724924087524414
013,YOLOv9s,False,20.0,1,False,True,0.5219731330871582
013,YOLOv9s,False,21.0,0,False,True,0.7596364617347717
013,YOLOv9s,False,21.0,1,False,True,0.5072088241577148
013,YOLOv9s,False,22.0,0,False,True,0.7749626636505127
013,YOLOv9s,False,22.0,1,False,True,0.5156561136245728
013,YOLOv9s,False,23.0,0,False,True,0.7673513293266296
013,YOLOv9s,False,23.0,1,False,True,0.5165231823921204
013,YOLOv9s,False,24.0,0,False,True,0.7763240337371826
013,YOLOv9s,False,24.0,1,False,True,0.5206036567687988
013,YOLOv9s,False,25.0,0,False,True,0.7770671844482422
013,YOLOv9s,False,25.0,1,False,True,0.5335046052932739
013,YOLOv9s,False,26.0,0,False,True,0.7671446204185486
013,YOLOv9s,False,26.0,1,False,True,0.5482209920883179
013,YOLOv9s,False,27.0,0,False,True,0.7785455584526062
013,YOLOv9s,False,27.0,1,False,True,0.5275083780288696
013,YOLOv9s,False,28.0,0,False,True,0.7844213247299194
013,YOLOv9s,False,28.0,1,False,True,0.5324462652206421
013,YOLOv9s,False,29.0,0,False,True,0.7971366047859192
013,YOLOv9s,False,29.0,1,False,True,0.5179921984672546
013,YOLOv9s,False,30.0,0,False,True,0.7802472114562988
013,YOLOv9s,False,30.0,1,False,True,0.5022986531257629
013,YOLOv9s,False,31.0,0,False,True,0.7727615833282471
013,YOLOv9s,False,31.0,1,False,True,0.5095306038856506
013,YOLOv9s,False,32.0,0,False,True,0.7676799893379211
013,YOLOv9s,False,32.0,1,False,True,0.500939130783081
013,YOLOv9s,False,33.0,0,False,True,0.7812771797180176
013,YOLOv9s,False,33.0,1,False,True,0.5066933035850525
013,YOLOv9s,False,34.0,0,False,True,0.7801668643951416
013,YOLOv9s,False,34.0,1,False,True,0.5170238614082336
013,YOLOv9s,False,35.0,0,False,True,0.7831728458404541
013,YOLOv9s,False,35.0,1,False,True,0.5165002346038818
013,YOLOv9s,False,36.0,0,False,True,0.7881982326507568
013,YOLOv9s,False,36.0,1,False,True,0.518824577331543
013,YOLOv9s,False,37.0,0,False,True,0.7878692150115967
013,YOLOv9s,False,37.0,1,False,True,0.5342579483985901
013,YOLOv9s,False,38.0,0,False,True,0.7713413834571838
013,YOLOv9s,False,38.0,1,False,True,0.5218114852905273
013,YOLOv9s,False,39.0,0,False,True,0.7667398452758789
013,YOLOv9s,False,39.0,1,False,True,0.536332368850708
013,YOLOv9s,False,40.0,0,False,True,0.7781129479408264
013,YOLOv9s,False,40.0,1,False,True,0.5356300473213196
013,YOLOv9s,False,41.0,0,False,True,0.7747310400009155
013,YOLOv9s,False,41.0,1,False,True,0.5298833847045898
013,YOLOv9s,False,42.0,0,False,True,0.7792884707450867
013,YOLOv9s,False,42.0,1,False,True,0.5321117639541626
013,YOLOv9s,False,43.0,0,False,True,0.7772020697593689
013,YOLOv9s,False,43.0,1,False,True,0.5307785868644714
013,YOLOv9s,False,44.0,0,False,True,0.7877715826034546
013,YOLOv9s,False,44.0,1,False,True,0.5343980193138123
013,YOLOv9s,False,45.0,0,False,True,0.7970789074897766
013,YOLOv9s,False,45.0,1,False,True,0.5348038077354431
013,YOLOv9s,False,46.0,0,False,True,0.7913608551025391
013,YOLOv9s,False,46.0,1,False,True,0.5244265794754028
013,YOLOv9s,False,47.0,0,False,True,0.7922086119651794
013,YOLOv9s,False,47.0,1,False,True,0.533815324306488
013,YOLOv9s,False,48.0,0,False,True,0.7888416051864624
013,YOLOv9s,False,48.0,1,False,True,0.5344200730323792
013,YOLOv9s,False,49.0,0,False,True,0.770220160484314
013,YOLOv9s,False,49.0,1,False,True,0.5431889295578003
013,YOLOv9s,False,50.0,0,False,True,0.7825387716293335
013,YOLOv9s,False,50.0,1,False,True,0.5269862413406372
013,YOLOv9s,False,51.0,0,False,True,0.768137514591217
013,YOLOv9s,False,51.0,1,False,True,0.5145806074142456
013,YOLOv9s,False,52.0,0,False,True,0.7735399603843689
013,YOLOv9s,False,52.0,1,False,True,0.5467908382415771
013,YOLOv9s,False,53.0,0,False,True,0.7621892690658569
013,YOLOv9s,False,53.0,1,False,True,0.5884342193603516
013,YOLOv9s,False,54.0,0,False,True,0.736202597618103
013,YOLOv9s,False,54.0,1,False,True,0.6217165589332581
013,YOLOv9s,False,55.0,0,False,True,0.6741594672203064
013,YOLOv9s,False,55.0,1,False,True,0.5429783463478088
013,YOLOv9s,False,56.0,0,False,True,0.6387523412704468
013,YOLOv9s,False,56.0,1,False,True,0.5267747640609741
013,YOLOv9s,False,56.0,2,False,True,0.2974029779434204
013,YOLOv9s,False,57.0,0,False,True,0.6059552431106567
013,YOLOv9s,False,57.0,1,False,True,0.5660979151725769
013,YOLOv9s,False,57.0,2,False,True,0.26289016008377075
013,YOLOv9s,False,58.0,0,False,True,0.6345047354698181
013,YOLOv9s,False,58.0,1,False,True,0.5970812439918518
013,YOLOv9s,False,58.0,2,False,True,0.4133976101875305
013,YOLOv9s,False,59.0,0,False,True,0.5662345290184021
013,YOLOv9s,False,59.0,1,False,True,0.43463048338890076
013,YOLOv9s,False,59.0,2,False,True,0.3361673951148987
013,YOLOv9s,False,60.0,0,False,True,0.6754636168479919
013,YOLOv9s,False,60.0,1,False,True,0.3628092408180237
013,YOLOv9s,False,60.0,2,False,True,0.295369416475296
013,YOLOv9s,False,61.0,0,False,True,0.7222959995269775
013,YOLOv9s,False,61.0,1,False,True,0.2859150767326355
013,YOLOv9s,False,61.0,2,False,True,0.2557723820209503
013,YOLOv9s,False,62.0,0,False,True,0.7367974519729614
013,YOLOv9s,False,62.0,1,False,True,0.4387723505496979
013,YOLOv9s,False,63.0,0,False,True,0.7526451349258423
013,YOLOv9s,False,63.0,1,False,True,0.487669974565506
013,YOLOv9s,False,63.0,2,False,True,0.46908098459243774
013,YOLOv9s,False,64.0,0,False,True,0.740946888923645
013,YOLOv9s,False,64.0,1,False,True,0.4967682659626007
013,YOLOv9s,False,64.0,2,False,True,0.32563111186027527
013,YOLOv9s,False,64.0,3,False,True,0.28776583075523376
013,YOLOv9s,False,65.0,0,False,True,0.6561377048492432
013,YOLOv9s,False,65.0,1,False,True,0.5464881062507629
013,YOLOv9s,False,66.0,0,False,True,0.5928031802177429
013,YOLOv9s,False,66.0,1,False,True,0.5240438580513
013,YOLOv9s,False,67.0,0,False,True,0.6827735304832458
013,YOLOv9s,False,67.0,1,False,True,0.4535581171512604
013,YOLOv9s,False,67.0,2,False,True,0.30822116136550903
013,YOLOv9s,False,68.0,0,False,True,0.6069754362106323
013,YOLOv9s,False,68.0,1,False,True,0.5733866095542908
013,YOLOv9s,False,68.0,2,False,True,0.5680539011955261
013,YOLOv9s,False,68.0,3,False,True,0.5345155000686646
013,YOLOv9s,False,69.0,0,False,True,0.7002728581428528
013,YOLOv9s,False,69.0,1,False,True,0.5557152032852173
013,YOLOv9s,False,69.0,2,False,True,0.44991230964660645
013,YOLOv9s,False,69.0,3,False,True,0.3016236424446106
013,YOLOv9s,False,70.0,0,False,True,0.5430140495300293
013,YOLOv9s,False,70.0,1,False,True,0.47951650619506836
013,YOLOv9s,False,70.0,2,False,True,0.4444519877433777
013,YOLOv9s,False,70.0,3,False,True,0.3122897148132324
013,YOLOv9s,False,71.0,0,False,True,0.5731402039527893
013,YOLOv9s,False,71.0,1,False,True,0.25415411591529846
013,YOLOv9s,False,72.0,0,False,True,0.6434032320976257
013,YOLOv9s,False,72.0,1,False,True,0.26201990246772766
013,YOLOv9s,False,73.0,0,False,True,0.6567745804786682
013,YOLOv9s,False,73.0,1,False,True,0.35077834129333496
013,YOLOv9s,False,74.0,0,False,True,0.6399232745170593
013,YOLOv9s,False,74.0,1,False,True,0.5053927898406982
013,YOLOv9s,False,75.0,0,False,True,0.6222724318504333
013,YOLOv9s,False,75.0,1,False,True,0.592840313911438
013,YOLOv9s,False,75.0,2,False,True,0.30801600217819214
013,YOLOv9s,False,76.0,0,False,True,0.6084854602813721
013,YOLOv9s,False,76.0,1,False,True,0.3215051293373108
013,YOLOv9s,False,76.0,2,False,True,0.2840181291103363
013,YOLOv9s,False,77.0,0,False,True,0.6219692826271057
013,YOLOv9s,False,77.0,1,False,True,0.40879112482070923
013,YOLOv9s,False,77.0,2,False,True,0.3959835171699524
013,YOLOv9s,False,78.0,0,False,True,0.5794526934623718
013,YOLOv9s,False,78.0,1,False,True,0.5620086789131165
013,YOLOv9s,False,79.0,0,False,True,0.5806804299354553
013,YOLOv9s,False,79.0,1,False,True,0.5383909344673157
013,YOLOv9s,False,79.0,2,False,True,0.3800356090068817
013,YOLOv9s,False,80.0,0,False,True,0.5954346656799316
013,YOLOv9s,False,80.0,1,False,True,0.45150241255760193
013,YOLOv9s,False,81.0,0,False,True,0.6024538278579712
013,YOLOv9s,False,81.0,1,False,True,0.4131494462490082
013,YOLOv9s,False,82.0,0,False,True,0.6277782917022705
013,YOLOv9s,False,82.0,1,False,True,0.39676788449287415
013,YOLOv9s,False,82.0,2,False,True,0.3208474814891815
013,YOLOv9s,False,83.0,0,False,True,0.5993514060974121
013,YOLOv9s,False,83.0,1,False,True,0.5957810282707214
013,YOLOv9s,False,84.0,0,False,True,0.7125614285469055
013,YOLOv9s,False,84.0,1,False,True,0.5870348215103149
013,YOLOv9s,False,85.0,0,False,True,0.7421904802322388
013,YOLOv9s,False,85.0,1,False,True,0.5499003529548645
013,YOLOv9s,False,85.0,2,False,True,0.36356133222579956
013,YOLOv9s,False,86.0,0,False,True,0.6694905757904053
013,YOLOv9s,False,86.0,1,False,True,0.5853453874588013
013,YOLOv9s,False,86.0,2,False,True,0.5599502325057983
013,YOLOv9s,False,87.0,0,False,True,0.7996774315834045
013,YOLOv9s,False,87.0,1,False,True,0.5642035603523254
013,YOLOv9s,False,87.0,2,False,True,0.5190397500991821
013,YOLOv9s,False,88.0,0,False,True,0.7943391799926758
013,YOLOv9s,False,88.0,1,False,True,0.6057149171829224
013,YOLOv9s,False,88.0,2,False,True,0.5027239322662354
013,YOLOv9s,False,89.0,0,False,True,0.7403141260147095
013,YOLOv9s,False,89.0,1,False,True,0.6987038254737854
013,YOLOv9s,False,89.0,2,False,True,0.4425104260444641
013,YOLOv9s,False,90.0,0,False,True,0.7842970490455627
013,YOLOv9s,False,90.0,1,False,True,0.5976139903068542
013,YOLOv9s,False,90.0,2,False,True,0.41280844807624817
013,YOLOv9s,False,91.0,0,False,True,0.6717444062232971
013,YOLOv9s,False,91.0,1,False,True,0.4481905996799469
013,YOLOv9s,False,91.0,2,False,True,0.34486842155456543
013,YOLOv9s,False,92.0,0,False,True,0.7463604807853699
013,YOLOv9s,False,92.0,1,False,True,0.4598771333694458
013,YOLOv9s,False,92.0,2,False,True,0.3686564564704895
013,YOLOv9s,False,93.0,0,False,True,0.757992684841156
013,YOLOv9s,False,93.0,1,False,True,0.4442485272884369
013,YOLOv9s,False,93.0,2,False,True,0.42938029766082764
013,YOLOv9s,False,94.0,0,False,True,0.7220045924186707
013,YOLOv9s,False,94.0,1,False,True,0.4752446413040161
013,YOLOv9s,False,94.0,2,False,True,0.470954954624176
013,YOLOv9s,False,95.0,0,False,True,0.6581208109855652
013,YOLOv9s,False,95.0,1,False,True,0.4476293623447418
013,YOLOv9s,False,95.0,2,False,True,0.3734213709831238
013,YOLOv9s,False,96.0,0,False,True,0.6975611448287964
013,YOLOv9s,False,96.0,1,False,True,0.6501580476760864
013,YOLOv9s,False,96.0,2,False,True,0.4290006458759308
013,YOLOv9s,False,97.0,0,False,True,0.7931662797927856
013,YOLOv9s,False,97.0,1,False,True,0.4218166172504425
013,YOLOv9s,False,98.0,0,False,True,0.7885255813598633
013,YOLOv9s,False,98.0,1,False,True,0.40406423807144165
013,YOLOv9s,False,98.0,2,False,True,0.25870221853256226
013,YOLOv9s,False,99.0,0,False,True,0.7948237657546997
013,YOLOv9s,False,99.0,1,False,True,0.4201260507106781
013,YOLOv9s,False,99.0,2,False,True,0.2900330424308777
013,YOLOv9s,False,100.0,0,False,True,0.7446780800819397
013,YOLOv9s,False,100.0,1,False,True,0.4016389846801758
013,YOLOv9s,False,101.0,0,False,True,0.6557995676994324
013,YOLOv9s,False,101.0,1,False,True,0.41201138496398926
013,YOLOv9s,False,101.0,2,False,True,0.30804893374443054
013,YOLOv9s,False,102.0,0,False,True,0.5958528518676758
013,YOLOv9s,False,102.0,1,False,True,0.5313882827758789
013,YOLOv9s,False,102.0,2,False,True,0.39946886897087097
013,YOLOv9s,False,103.0,0,False,True,0.5937753915786743
013,YOLOv9s,False,103.0,1,False,True,0.44194936752319336
013,YOLOv9s,False,103.0,2,False,True,0.3314400315284729
013,YOLOv9s,False,104.0,0,False,True,0.5886062383651733
013,YOLOv9s,False,104.0,1,False,True,0.45108968019485474
013,YOLOv9s,False,104.0,2,False,True,0.2508927285671234
013,YOLOv9s,False,105.0,0,False,True,0.6954705715179443
013,YOLOv9s,False,105.0,1,False,True,0.44835859537124634
013,YOLOv9s,False,105.0,2,False,True,0.29739221930503845
013,YOLOv9s,False,106.0,0,False,True,0.7567808628082275
013,YOLOv9s,False,106.0,1,False,True,0.48333314061164856
013,YOLOv9s,False,107.0,0,False,True,0.4989323914051056
013,YOLOv9s,False,107.0,1,False,True,0.490255743265152
013,YOLOv9s,False,108.0,0,False,True,0.5180904865264893
013,YOLOv9s,False,108.0,1,False,True,0.29426109790802
013,YOLOv9s,False,108.0,2,False,True,0.2715698182582855
013,YOLOv9s,False,109.0,0,False,True,0.5306018590927124
013,YOLOv9s,False,110.0,0,False,True,0.5406069755554199
013,YOLOv9s,False,110.0,1,False,True,0.5027648210525513
013,YOLOv9s,False,111.0,0,False,True,0.5282884240150452
013,YOLOv9s,False,111.0,1,False,True,0.5101488828659058
013,YOLOv9s,False,112.0,0,False,True,0.531663179397583
013,YOLOv9s,False,112.0,1,False,True,0.5292897820472717
013,YOLOv9s,False,112.0,2,False,True,0.2619853615760803
013,YOLOv9s,False,113.0,0,False,True,0.5303118228912354
013,YOLOv9s,False,113.0,1,False,True,0.41735440492630005
013,YOLOv9s,False,113.0,2,False,True,0.2752142548561096
013,YOLOv9s,False,114.0,0,False,True,0.5205791592597961
013,YOLOv9s,False,114.0,1,False,True,0.45341336727142334
013,YOLOv9s,False,115.0,0,False,True,0.5525810718536377
013,YOLOv9s,False,115.0,1,False,True,0.514783501625061
013,YOLOv9s,False,116.0,0,False,True,0.562872588634491
013,YOLOv9s,False,116.0,1,False,True,0.5553076863288879
013,YOLOv9s,False,117.0,0,False,True,0.5429489612579346
013,YOLOv9s,False,117.0,1,False,True,0.44011086225509644
013,YOLOv9s,False,118.0,0,False,True,0.5327813625335693
013,YOLOv9s,False,118.0,1,False,True,0.39851972460746765
013,YOLOv9s,False,118.0,2,False,True,0.34227079153060913
013,YOLOv9s,False,118.0,3,False,True,0.26122546195983887
013,YOLOv9s,False,119.0,0,False,True,0.5133015513420105
013,YOLOv9s,False,119.0,1,False,True,0.44512203335762024
013,YOLOv9s,False,119.0,2,False,True,0.3397309184074402
013,YOLOv9s,False,120.0,0,False,True,0.5090815424919128
013,YOLOv9s,False,120.0,1,False,True,0.5012258291244507
013,YOLOv9s,False,120.0,2,False,True,0.33800411224365234
013,YOLOv9s,False,121.0,0,False,True,0.5170867443084717
013,YOLOv9s,False,121.0,1,False,True,0.35577577352523804
013,YOLOv9s,False,121.0,2,False,True,0.3250546157360077
013,YOLOv9s,False,121.0,3,False,True,0.2570872902870178
013,YOLOv9s,False,122.0,0,False,True,0.5180041790008545
013,YOLOv9s,False,122.0,1,False,True,0.47538673877716064
013,YOLOv9s,False,122.0,2,False,True,0.2521018087863922
013,YOLOv9s,False,123.0,0,False,True,0.6127690076828003
013,YOLOv9s,False,123.0,1,False,True,0.5185766816139221
013,YOLOv9s,False,123.0,2,False,True,0.288174569606781
013,YOLOv9s,False,124.0,0,False,True,0.6214056015014648
013,YOLOv9s,False,124.0,1,False,True,0.5131219029426575
013,YOLOv9s,False,125.0,0,False,True,0.5774944424629211
013,YOLOv9s,False,125.0,1,False,True,0.4977996349334717
013,YOLOv9s,False,126.0,0,False,True,0.4906286597251892
013,YOLOv9s,False,126.0,1,False,True,0.490550696849823
013,YOLOv9s,False,127.0,0,False,True,0.506489634513855
013,YOLOv9s,False,127.0,1,False,True,0.5048170685768127
013,YOLOv9s,False,128.0,0,False,True,0.5042432546615601
013,YOLOv9s,False,128.0,1,False,True,0.4751579761505127
013,YOLOv9s,False,129.0,0,False,True,0.5135822296142578
013,YOLOv9s,False,129.0,1,False,True,0.39300230145454407
013,YOLOv9s,False,130.0,0,False,True,0.5171815156936646
013,YOLOv9s,False,130.0,1,False,True,0.3990338146686554
013,YOLOv9s,False,131.0,0,False,True,0.502321720123291
013,YOLOv9s,False,131.0,1,False,True,0.3512263298034668
013,YOLOv9s,False,132.0,0,False,True,0.5021910071372986
013,YOLOv9s,False,132.0,1,False,True,0.40748488903045654
013,YOLOv9s,False,133.0,0,False,True,0.5353488922119141
013,YOLOv9s,False,133.0,1,False,True,0.5052123665809631
013,YOLOv9s,False,134.0,0,False,True,0.509692907333374
013,YOLOv9s,False,134.0,1,False,True,0.4940500259399414
013,YOLOv9s,False,135.0,0,False,True,0.49650952219963074
013,YOLOv9s,False,135.0,1,False,True,0.3752875030040741
013,YOLOv9s,False,136.0,0,False,True,0.507269561290741
013,YOLOv9s,False,136.0,1,False,True,0.3682517409324646
013,YOLOv9s,False,136.0,2,False,True,0.3551635444164276
013,YOLOv9s,False,137.0,0,False,True,0.5114036202430725
013,YOLOv9s,False,137.0,1,False,True,0.3745287358760834
013,YOLOv9s,False,137.0,2,False,True,0.3419201672077179
013,YOLOv9s,False,138.0,0,False,True,0.5061854720115662
013,YOLOv9s,False,138.0,1,False,True,0.44616183638572693
013,YOLOv9s,False,138.0,2,False,True,0.40022993087768555
013,YOLOv9s,False,139.0,0,False,True,0.5097513198852539
013,YOLOv9s,False,139.0,1,False,True,0.4288894832134247
013,YOLOv9s,False,139.0,2,False,True,0.3412381410598755
013,YOLOv9s,False,140.0,0,False,True,0.5274633765220642
013,YOLOv9s,False,140.0,1,False,True,0.5262489914894104
013,YOLOv9s,False,140.0,2,False,True,0.37569954991340637
013,YOLOv9s,False,141.0,0,False,True,0.7322550415992737
013,YOLOv9s,False,141.0,1,False,True,0.5207388401031494
013,YOLOv9s,False,142.0,0,False,True,0.7300878167152405
013,YOLOv9s,False,142.0,1,False,True,0.509096086025238
013,YOLOv9s,False,143.0,0,False,True,0.6691990494728088
013,YOLOv9s,False,143.0,1,False,True,0.4878229796886444
013,YOLOv9s,False,144.0,0,False,True,0.49339622259140015
013,YOLOv9s,False,144.0,1,False,True,0.48892560601234436
013,YOLOv9s,False,144.0,2,False,True,0.318097859621048
013,YOLOv9s,False,145.0,0,False,True,0.5244709253311157
013,YOLOv9s,False,145.0,1,False,True,0.39527207612991333
013,YOLOv9s,False,145.0,2,False,True,0.3300734758377075
013,YOLOv9s,False,146.0,0,False,True,0.5019352436065674
013,YOLOv9s,False,146.0,1,False,True,0.2837349474430084
013,YOLOv9s,False,147.0,0,False,True,0.4984746277332306
013,YOLOv9s,False,147.0,1,False,True,0.3039260506629944
013,YOLOv9s,False,147.0,2,False,True,0.2949609160423279
013,YOLOv9s,False,148.0,0,False,True,0.5082723498344421
013,YOLOv9s,False,148.0,1,False,True,0.37341439723968506
013,YOLOv9s,False,149.0,0,False,True,0.4977262318134308
013,YOLOv9s,False,150.0,0,False,True,0.5108551383018494
013,YOLOv9s,False,151.0,0,False,True,0.49345844984054565
013,YOLOv9s,False,152.0,0,False,True,0.5018126964569092
013,YOLOv9s,False,152.0,1,False,True,0.2544102668762207
013,YOLOv9s,False,153.0,0,False,True,0.510743260383606
013,YOLOv9s,False,153.0,1,False,True,0.25042715668678284
013,YOLOv9s,False,154.0,0,False,True,0.5147809386253357
013,YOLOv9s,False,155.0,0,False,True,0.49440550804138184
013,YOLOv9s,False,156.0,0,False,True,0.495449423789978
013,YOLOv9s,False,157.0,0,False,True,0.49630531668663025
013,YOLOv9s,False,158.0,0,False,True,0.48539984226226807
013,YOLOv9s,False,159.0,0,False,True,0.49409356713294983
013,YOLOv9s,False,160.0,0,False,True,0.4999343156814575
013,YOLOv9s,False,161.0,0,False,True,0.5044598579406738
013,YOLOv9s,False,162.0,0,False,True,0.4925883412361145
013,YOLOv9s,False,163.0,0,False,True,0.4932185709476471
013,YOLOv9s,False,164.0,0,False,True,0.49788692593574524
013,YOLOv9s,False,165.0,0,False,True,0.4931395649909973
013,YOLOv9s,False,165.0,1,False,True,0.47590672969818115
013,YOLOv9s,False,166.0,0,False,True,0.7035426497459412
013,YOLOv9s,False,166.0,1,False,True,0.4923951327800751
013,YOLOv9s,False,167.0,0,False,True,0.8476099371910095
013,YOLOv9s,False,167.0,1,False,True,0.49150240421295166
013,YOLOv9s,False,168.0,0,False,True,0.8046804070472717
013,YOLOv9s,False,168.0,1,False,True,0.4967561662197113
013,YOLOv9s,False,168.0,2,False,True,0.3520010709762573
013,YOLOv9s,False,169.0,0,False,True,0.7615248560905457
013,YOLOv9s,False,169.0,1,False,True,0.4962366223335266
013,YOLOv9s,False,170.0,0,False,True,0.4925786256790161
013,YOLOv9s,False,170.0,1,False,True,0.35790911316871643
013,YOLOv9s,False,171.0,0,False,True,0.484563946723938
013,YOLOv9s,False,171.0,1,False,True,0.2659759521484375
013,YOLOv9s,False,171.0,2,False,True,0.25218886137008667
013,YOLOv9s,False,172.0,0,False,True,0.488249808549881
013,YOLOv9s,False,172.0,1,False,True,0.3665655851364136
013,YOLOv9s,False,173.0,0,False,True,0.49982285499572754
013,YOLOv9s,False,173.0,1,False,True,0.48404666781425476
013,YOLOv9s,False,174.0,0,False,True,0.48548153042793274
013,YOLOv9s,False,174.0,1,False,True,0.37851080298423767
013,YOLOv9s,False,174.0,2,False,True,0.27128392457962036
013,YOLOv9s,False,175.0,0,False,True,0.4854649007320404
013,YOLOv9s,False,176.0,0,False,True,0.4837106168270111
013,YOLOv9s,False,177.0,0,False,True,0.48749157786369324
013,YOLOv9s,False,178.0,0,False,True,0.5068930983543396
013,YOLOv9s,False,178.0,1,False,True,0.48227718472480774
013,YOLOv9s,False,179.0,0,False,True,0.5411007404327393
013,YOLOv9s,False,179.0,1,False,True,0.4894057810306549
013,YOLOv9s,False,180.0,0,False,True,0.49100711941719055
013,YOLOv9s,False,181.0,0,False,True,0.4856223165988922
013,YOLOv9s,False,182.0,0,False,True,0.4957084357738495
013,YOLOv9s,False,182.0,1,False,True,0.31075116991996765
013,YOLOv9s,False,183.0,0,False,True,0.5088372230529785
013,YOLOv9s,False,184.0,0,False,True,0.5109123587608337
013,YOLOv9s,False,184.0,1,False,True,0.44547003507614136
013,YOLOv9s,False,185.0,0,False,True,0.5082375407218933
013,YOLOv9s,False,185.0,1,False,True,0.3898543417453766
013,YOLOv9s,False,186.0,0,False,True,0.7409462928771973
013,YOLOv9s,False,186.0,1,False,True,0.5114985704421997
013,YOLOv9s,False,187.0,0,False,True,0.5789424180984497
013,YOLOv9s,False,187.0,1,False,True,0.5060288310050964
013,YOLOv9s,False,187.0,2,False,True,0.3513471186161041
013,YOLOv9s,False,188.0,0,False,True,0.6088094115257263
013,YOLOv9s,False,188.0,1,False,True,0.5160529017448425
013,YOLOv9s,False,189.0,0,False,True,0.6379534602165222
013,YOLOv9s,False,189.0,1,False,True,0.519045889377594
013,YOLOv9s,False,190.0,0,False,True,0.6667340397834778
013,YOLOv9s,False,190.0,1,False,True,0.5050483345985413
013,YOLOv9s,False,191.0,0,False,True,0.636590838432312
013,YOLOv9s,False,191.0,1,False,True,0.5012509822845459
013,YOLOv9s,False,192.0,0,False,True,0.5980573296546936
013,YOLOv9s,False,192.0,1,False,True,0.5176725387573242
013,YOLOv9s,False,193.0,0,False,True,0.7174423933029175
013,YOLOv9s,False,193.0,1,False,True,0.5116431713104248
013,YOLOv9s,False,194.0,0,False,True,0.7861582636833191
013,YOLOv9s,False,194.0,1,False,True,0.5219846963882446
013,YOLOv9s,False,195.0,0,False,True,0.7798550128936768
013,YOLOv9s,False,195.0,1,False,True,0.5074406862258911
013,YOLOv9s,False,196.0,0,False,True,0.7813693881034851
013,YOLOv9s,False,196.0,1,False,True,0.5077344179153442
013,YOLOv9s,False,197.0,0,False,True,0.8365504741668701
013,YOLOv9s,False,197.0,1,False,True,0.510206937789917
013,YOLOv9s,False,198.0,0,False,True,0.8430295586585999
013,YOLOv9s,False,198.0,1,False,True,0.5116215348243713
013,YOLOv9s,False,199.0,0,False,True,0.8261687755584717
013,YOLOv9s,False,199.0,1,False,True,0.5024046897888184
013,YOLOv9s,False,200.0,0,False,True,0.8073666095733643
013,YOLOv9s,False,200.0,1,False,True,0.5054686665534973
013,YOLOv9s,False,201.0,0,False,True,0.7728480696678162
013,YOLOv9s,False,201.0,1,False,True,0.5060204863548279
013,YOLOv9s,False,202.0,0,False,True,0.7761852145195007
013,YOLOv9s,False,202.0,1,False,True,0.5211647748947144
013,YOLOv9s,False,203.0,0,False,True,0.7772666215896606
013,YOLOv9s,False,203.0,1,False,True,0.4930104911327362
013,YOLOv9s,False,204.0,0,False,True,0.7683219313621521
013,YOLOv9s,False,204.0,1,False,True,0.48016706109046936
013,YOLOv9s,False,205.0,0,False,True,0.7778826355934143
013,YOLOv9s,False,205.0,1,False,True,0.48484647274017334
013,YOLOv9s,False,206.0,0,False,True,0.775791347026825
013,YOLOv9s,False,206.0,1,False,True,0.48526257276535034
013,YOLOv9s,False,207.0,0,False,True,0.78687584400177
013,YOLOv9s,False,207.0,1,False,True,0.4799887537956238
013,YOLOv9s,False,208.0,0,False,True,0.7894665002822876
013,YOLOv9s,False,208.0,1,False,True,0.4792313873767853
013,YOLOv9s,False,209.0,0,False,True,0.7955552935600281
013,YOLOv9s,False,209.0,1,False,True,0.48208826780319214
013,YOLOv9s,False,210.0,0,False,True,0.7975654006004333
013,YOLOv9s,False,210.0,1,False,True,0.4820404052734375
013,YOLOv9s,False,211.0,0,False,True,0.7949073314666748
013,YOLOv9s,False,211.0,1,False,True,0.48119693994522095
013,YOLOv9s,False,212.0,0,False,True,0.8020521998405457
013,YOLOv9s,False,212.0,1,False,True,0.4863351285457611
013,YOLOv9s,False,213.0,0,False,True,0.7860496640205383
013,YOLOv9s,False,213.0,1,False,True,0.4940963089466095
013,YOLOv9s,False,214.0,0,False,True,0.7929728627204895
013,YOLOv9s,False,214.0,1,False,True,0.5085265040397644
013,YOLOv9s,False,215.0,0,False,True,0.7905313968658447
013,YOLOv9s,False,215.0,1,False,True,0.5117751955986023
013,YOLOv9s,False,216.0,0,False,True,0.7974719405174255
013,YOLOv9s,False,216.0,1,False,True,0.5086327195167542
013,YOLOv9s,False,217.0,0,False,True,0.7858116626739502
013,YOLOv9s,False,217.0,1,False,True,0.5089013576507568
013,YOLOv9s,False,218.0,0,False,True,0.7808054089546204
013,YOLOv9s,False,218.0,1,False,True,0.4995499849319458
013,YOLOv9s,False,219.0,0,False,True,0.7811117172241211
013,YOLOv9s,False,219.0,1,False,True,0.48955756425857544
013,YOLOv9s,False,220.0,0,False,True,0.7663841843605042
013,YOLOv9s,False,220.0,1,False,True,0.488491415977478
013,YOLOv9s,False,221.0,0,False,True,0.7823128700256348
013,YOLOv9s,False,221.0,1,False,True,0.4959758520126343
013,YOLOv9s,False,222.0,0,False,True,0.8028972744941711
013,YOLOv9s,False,222.0,1,False,True,0.5119084119796753
013,YOLOv9s,False,223.0,0,False,True,0.7878360748291016
013,YOLOv9s,False,223.0,1,False,True,0.5149419903755188
013,YOLOv9s,False,224.0,0,False,True,0.7981670498847961
013,YOLOv9s,False,224.0,1,False,True,0.5105833411216736
013,YOLOv9s,False,225.0,0,False,True,0.7959315776824951
013,YOLOv9s,False,225.0,1,False,True,0.5054924488067627
013,YOLOv9s,False,226.0,0,False,True,0.7999654412269592
013,YOLOv9s,False,226.0,1,False,True,0.5086823105812073
013,YOLOv9s,False,227.0,0,False,True,0.8022050261497498
013,YOLOv9s,False,227.0,1,False,True,0.5017757415771484
013,YOLOv9s,False,228.0,0,False,True,0.8060094118118286
013,YOLOv9s,False,228.0,1,False,True,0.5128384232521057
013,YOLOv9s,False,229.0,0,False,True,0.7972321510314941
013,YOLOv9s,False,229.0,1,False,True,0.49267083406448364
013,YOLOv9s,False,230.0,0,False,True,0.7872910499572754
013,YOLOv9s,False,230.0,1,False,True,0.5011461973190308
013,YOLOv9s,False,231.0,0,False,True,0.7912921905517578
013,YOLOv9s,False,231.0,1,False,True,0.5005233287811279
013,YOLOv9s,False,232.0,0,False,True,0.778408408164978
013,YOLOv9s,False,232.0,1,False,True,0.49642619490623474
013,YOLOv9s,False,233.0,0,False,True,0.779420793056488
013,YOLOv9s,False,233.0,1,False,True,0.4866023063659668
013,YOLOv9s,False,234.0,0,False,True,0.784430205821991
013,YOLOv9s,False,234.0,1,False,True,0.49200913310050964
013,YOLOv9s,False,235.0,0,False,True,0.7799066305160522
013,YOLOv9s,False,235.0,1,False,True,0.48862725496292114
013,YOLOv9s,False,236.0,0,False,True,0.7761178612709045
013,YOLOv9s,False,236.0,1,False,True,0.4947446882724762
013,YOLOv9s,False,237.0,0,False,True,0.7772500514984131
013,YOLOv9s,False,237.0,1,False,True,0.49643629789352417
013,YOLOv9s,False,238.0,0,False,True,0.7787753343582153
013,YOLOv9s,False,238.0,1,False,True,0.5008058547973633
013,YOLOv9s,False,239.0,0,False,True,0.7804068326950073
013,YOLOv9s,False,239.0,1,False,True,0.5099183320999146
013,YOLOv9s,False,240.0,0,False,True,0.7895200848579407
013,YOLOv9s,False,240.0,1,False,True,0.503733217716217
013,YOLOv9s,False,241.0,0,False,True,0.781981348991394
013,YOLOv9s,False,241.0,1,False,True,0.516693115234375
013,YOLOv9s,False,242.0,0,False,True,0.790433943271637
013,YOLOv9s,False,242.0,1,False,True,0.5045331716537476
013,YOLOv9s,False,243.0,0,False,True,0.7788681387901306
013,YOLOv9s,False,243.0,1,False,True,0.48876845836639404
013,YOLOv9s,False,244.0,0,False,True,0.7859911322593689
013,YOLOv9s,False,244.0,1,False,True,0.4904274642467499
013,YOLOv9s,False,245.0,0,False,True,0.7862066626548767
013,YOLOv9s,False,245.0,1,False,True,0.49597597122192383
013,YOLOv9s,False,246.0,0,False,True,0.7771368622779846
013,YOLOv9s,False,246.0,1,False,True,0.49360501766204834
013,YOLOv9s,False,247.0,0,False,True,0.7895262241363525
013,YOLOv9s,False,247.0,1,False,True,0.5042179822921753
013,YOLOv9s,False,248.0,0,False,True,0.7828015685081482
013,YOLOv9s,False,248.0,1,False,True,0.5025038719177246
013,YOLOv9s,False,249.0,0,False,True,0.7843532562255859
013,YOLOv9s,False,249.0,1,False,True,0.4945373833179474
013,YOLOv9s,False,250.0,0,False,True,0.7825859785079956
013,YOLOv9s,False,250.0,1,False,True,0.4956176280975342
013,YOLOv9s,False,251.0,0,False,True,0.778901994228363
013,YOLOv9s,False,251.0,1,False,True,0.4993765354156494
013,YOLOv9s,False,252.0,0,False,True,0.7793945670127869
013,YOLOv9s,False,252.0,1,False,True,0.49458035826683044
013,YOLOv9s,False,253.0,0,False,True,0.7796096205711365
013,YOLOv9s,False,253.0,1,False,True,0.4898049831390381
013,YOLOv9s,False,254.0,0,False,True,0.7681909203529358
013,YOLOv9s,False,254.0,1,False,True,0.5110145807266235
013,YOLOv9s,False,255.0,0,False,True,0.7715761661529541
013,YOLOv9s,False,255.0,1,False,True,0.5079553127288818
013,YOLOv9s,False,256.0,0,False,True,0.7809637188911438
013,YOLOv9s,False,256.0,1,False,True,0.5005985498428345
013,YOLOv9s,False,257.0,0,False,True,0.7774690389633179
013,YOLOv9s,False,257.0,1,False,True,0.5064778327941895
013,YOLOv9s,False,258.0,0,False,True,0.7750481367111206
013,YOLOv9s,False,258.0,1,False,True,0.49378702044487
013,YOLOv9s,False,259.0,0,False,True,0.7870221734046936
013,YOLOv9s,False,259.0,1,False,True,0.5030863285064697
013,YOLOv9s,False,260.0,0,False,True,0.7631464004516602
013,YOLOv9s,False,260.0,1,False,True,0.4889281094074249
013,YOLOv9s,False,261.0,0,False,True,0.7870481014251709
013,YOLOv9s,False,261.0,1,False,True,0.5066505670547485
013,YOLOv9s,False,262.0,0,False,True,0.7717667818069458
013,YOLOv9s,False,262.0,1,False,True,0.49554362893104553
013,YOLOv9s,False,263.0,0,False,True,0.7706270217895508
013,YOLOv9s,False,263.0,1,False,True,0.48668891191482544
013,YOLOv9s,False,264.0,0,False,True,0.760832667350769
013,YOLOv9s,False,264.0,1,False,True,0.4880010485649109
013,YOLOv9s,False,265.0,0,False,True,0.7655653953552246
013,YOLOv9s,False,265.0,1,False,True,0.48462507128715515
013,YOLOv9s,False,266.0,0,False,True,0.7578849196434021
013,YOLOv9s,False,266.0,1,False,True,0.49484771490097046
013,YOLOv9s,False,267.0,0,False,True,0.7619043588638306
013,YOLOv9s,False,267.0,1,False,True,0.5038518309593201
013,YOLOv9s,False,268.0,0,False,True,0.7753682136535645
013,YOLOv9s,False,268.0,1,False,True,0.5109072327613831
013,YOLOv9s,False,269.0,0,False,True,0.7776116132736206
013,YOLOv9s,False,269.0,1,False,True,0.502912700176239
013,YOLOv9s,False,270.0,0,False,True,0.7763293981552124
013,YOLOv9s,False,270.0,1,False,True,0.4959723651409149
013,YOLOv9s,False,271.0,0,False,True,0.7589014172554016
013,YOLOv9s,False,271.0,1,False,True,0.502990186214447
013,YOLOv9s,False,272.0,0,False,True,0.7611466646194458
013,YOLOv9s,False,272.0,1,False,True,0.5074227452278137
013,YOLOv9s,False,273.0,0,False,True,0.7702741026878357
013,YOLOv9s,False,273.0,1,False,True,0.5171065330505371
013,YOLOv9s,False,274.0,0,False,True,0.7680826187133789
013,YOLOv9s,False,274.0,1,False,True,0.5077497363090515
013,YOLOv9s,False,275.0,0,False,True,0.7721431255340576
013,YOLOv9s,False,275.0,1,False,True,0.49333655834198
013,YOLOv9s,False,276.0,0,False,True,0.7577247023582458
013,YOLOv9s,False,276.0,1,False,True,0.496963232755661
013,YOLOv9s,False,277.0,0,False,True,0.7612011432647705
013,YOLOv9s,False,277.0,1,False,True,0.5024616122245789
013,YOLOv9s,False,278.0,0,False,True,0.7722945809364319
013,YOLOv9s,False,278.0,1,False,True,0.5014885663986206
013,YOLOv9s,False,279.0,0,False,True,0.7665166258811951
013,YOLOv9s,False,279.0,1,False,True,0.5000030994415283
013,YOLOv9s,False,280.0,0,False,True,0.7568371891975403
013,YOLOv9s,False,280.0,1,False,True,0.507504403591156
013,YOLOv9s,False,281.0,0,False,True,0.7591081261634827
013,YOLOv9s,False,281.0,1,False,True,0.5079416632652283
013,YOLOv9s,False,282.0,0,False,True,0.764525830745697
013,YOLOv9s,False,282.0,1,False,True,0.5109078288078308
013,YOLOv9s,False,283.0,0,False,True,0.7725780606269836
013,YOLOv9s,False,283.0,1,False,True,0.5139803290367126
013,YOLOv9s,False,284.0,0,False,True,0.7627738118171692
013,YOLOv9s,False,284.0,1,False,True,0.5114425420761108
013,YOLOv9s,False,285.0,0,False,True,0.7646293044090271
013,YOLOv9s,False,285.0,1,False,True,0.508840024471283
013,YOLOv9s,False,286.0,0,False,True,0.7358077764511108
013,YOLOv9s,False,286.0,1,False,True,0.5045968294143677
013,YOLOv9s,False,287.0,0,False,True,0.7399907112121582
013,YOLOv9s,False,287.0,1,False,True,0.5151881575584412
013,YOLOv9s,False,288.0,0,False,True,0.7581427097320557
013,YOLOv9s,False,288.0,1,False,True,0.4983997344970703
013,YOLOv9s,False,289.0,0,False,True,0.7415832877159119
013,YOLOv9s,False,289.0,1,False,True,0.4997677803039551
013,YOLOv9s,False,290.0,0,False,True,0.7858238816261292
013,YOLOv9s,False,290.0,1,False,True,0.5016932487487793
013,YOLOv9s,False,291.0,0,False,True,0.7576068639755249
013,YOLOv9s,False,291.0,1,False,True,0.4993727207183838
013,YOLOv9s,False,292.0,0,False,True,0.7714277505874634
013,YOLOv9s,False,292.0,1,False,True,0.4963129460811615
013,YOLOv9s,False,293.0,0,False,True,0.7670667767524719
013,YOLOv9s,False,293.0,1,False,True,0.5012099742889404
013,YOLOv9s,False,294.0,0,False,True,0.7726849913597107
013,YOLOv9s,False,294.0,1,False,True,0.4899883270263672
013,YOLOv9s,False,295.0,0,False,True,0.7818102240562439
013,YOLOv9s,False,295.0,1,False,True,0.4928106963634491
013,YOLOv9s,False,296.0,0,False,True,0.7660380005836487
013,YOLOv9s,False,296.0,1,False,True,0.5054818391799927
013,YOLOv9s,False,297.0,0,False,True,0.7579896450042725
013,YOLOv9s,False,297.0,1,False,True,0.49724048376083374
013,YOLOv9s,False,298.0,0,False,True,0.7668600082397461
013,YOLOv9s,False,298.0,1,False,True,0.4945187270641327
013,YOLOv9s,False,299.0,0,False,True,0.7669938802719116
013,YOLOv9s,False,299.0,1,False,True,0.4999411106109619
013,YOLOv9s,False,300.0,0,False,True,0.7598028779029846
013,YOLOv9s,False,300.0,1,False,True,0.503297746181488
013,YOLOv9s,False,301.0,0,False,True,0.7798252701759338
013,YOLOv9s,False,301.0,1,False,True,0.5122584700584412
013,YOLOv9s,False,302.0,0,False,True,0.771939218044281
013,YOLOv9s,False,302.0,1,False,True,0.5045088529586792
013,YOLOv9s,False,303.0,0,False,True,0.760615885257721
013,YOLOv9s,False,303.0,1,False,True,0.5175209045410156
013,YOLOv9s,False,304.0,0,False,True,0.7629942893981934
013,YOLOv9s,False,304.0,1,False,True,0.4977855384349823
013,YOLOv9s,False,305.0,0,False,True,0.7701688408851624
013,YOLOv9s,False,305.0,1,False,True,0.4941892921924591
013,YOLOv9s,False,306.0,0,False,True,0.7702919244766235
013,YOLOv9s,False,306.0,1,False,True,0.5196530818939209
013,YOLOv9s,False,307.0,0,False,True,0.7641258239746094
013,YOLOv9s,False,307.0,1,False,True,0.5052458643913269
013,YOLOv9s,False,308.0,0,False,True,0.7559610605239868
013,YOLOv9s,False,308.0,1,False,True,0.4996804893016815
013,YOLOv9s,False,309.0,0,False,True,0.7595263123512268
013,YOLOv9s,False,309.0,1,False,True,0.49884846806526184
013,YOLOv9s,False,310.0,0,False,True,0.7526940703392029
013,YOLOv9s,False,310.0,1,False,True,0.5015125274658203
013,YOLOv9s,False,311.0,0,False,True,0.7918762564659119
013,YOLOv9s,False,311.0,1,False,True,0.5023188591003418
013,YOLOv9s,False,312.0,0,False,True,0.7734375596046448
013,YOLOv9s,False,312.0,1,False,True,0.49875783920288086
013,YOLOv9s,False,313.0,0,False,True,0.7808497548103333
013,YOLOv9s,False,313.0,1,False,True,0.510737419128418
013,YOLOv9s,False,314.0,0,False,True,0.784490168094635
013,YOLOv9s,False,314.0,1,False,True,0.5127430558204651
013,YOLOv9s,False,315.0,0,False,True,0.7920570969581604
013,YOLOv9s,False,315.0,1,False,True,0.4986066520214081
013,YOLOv9s,False,316.0,0,False,True,0.77229243516922
013,YOLOv9s,False,316.0,1,False,True,0.5154848694801331
013,YOLOv9s,False,317.0,0,False,True,0.7767452597618103
013,YOLOv9s,False,317.0,1,False,True,0.502927303314209
013,YOLOv9s,False,318.0,0,False,True,0.7745945453643799
013,YOLOv9s,False,318.0,1,False,True,0.49813100695610046
013,YOLOv9s,False,319.0,0,False,True,0.7806394696235657
013,YOLOv9s,False,319.0,1,False,True,0.4863336682319641
013,YOLOv9s,False,320.0,0,False,True,0.7591474056243896
013,YOLOv9s,False,320.0,1,False,True,0.4765845239162445
013,YOLOv9s,False,321.0,0,False,True,0.7670995593070984
013,YOLOv9s,False,321.0,1,False,True,0.47350195050239563
013,YOLOv9s,False,322.0,0,False,True,0.7676109671592712
013,YOLOv9s,False,322.0,1,False,True,0.47637492418289185
013,YOLOv9s,False,323.0,0,False,True,0.7463246583938599
013,YOLOv9s,False,323.0,1,False,True,0.4828506112098694
013,YOLOv9s,False,324.0,0,False,True,0.7444488406181335
013,YOLOv9s,False,324.0,1,False,True,0.4851129949092865
013,YOLOv9s,False,325.0,0,False,True,0.7483584880828857
013,YOLOv9s,False,325.0,1,False,True,0.49062269926071167
013,YOLOv9s,False,326.0,0,False,True,0.7543669939041138
013,YOLOv9s,False,326.0,1,False,True,0.4840335249900818
013,YOLOv9s,False,327.0,0,False,True,0.7473647594451904
013,YOLOv9s,False,327.0,1,False,True,0.4861282706260681
013,YOLOv9s,False,328.0,0,False,True,0.7435417175292969
013,YOLOv9s,False,328.0,1,False,True,0.5003354549407959
013,YOLOv9s,False,329.0,0,False,True,0.6228651404380798
013,YOLOv9s,False,329.0,1,False,True,0.48241931200027466
013,YOLOv9s,False,330.0,0,False,True,0.4949142336845398
013,YOLOv9s,False,330.0,1,False,True,0.47273901104927063
013,YOLOv9s,False,331.0,0,False,True,0.49289897084236145
013,YOLOv9s,False,331.0,1,False,True,0.4544532597064972
013,YOLOv9s,False,332.0,0,False,True,0.5983392000198364
013,YOLOv9s,False,332.0,1,False,True,0.48944365978240967
013,YOLOv9s,False,333.0,0,False,True,0.5274941921234131
013,YOLOv9s,False,333.0,1,False,True,0.4852259159088135
013,YOLOv9s,False,334.0,0,False,True,0.5459008812904358
013,YOLOv9s,False,334.0,1,False,True,0.4832668602466583
013,YOLOv9s,False,335.0,0,False,True,0.620876133441925
013,YOLOv9s,False,335.0,1,False,True,0.4851321280002594
013,YOLOv9s,False,336.0,0,False,True,0.5766364932060242
013,YOLOv9s,False,336.0,1,False,True,0.47840747237205505
013,YOLOv9s,False,337.0,0,False,True,0.5703079700469971
013,YOLOv9s,False,337.0,1,False,True,0.4784684181213379
013,YOLOv9s,False,338.0,0,False,True,0.529610276222229
013,YOLOv9s,False,338.0,1,False,True,0.4701894223690033
013,YOLOv9s,False,339.0,0,False,True,0.5625509023666382
013,YOLOv9s,False,339.0,1,False,True,0.4827677309513092
013,YOLOv9s,False,340.0,0,False,True,0.5100615620613098
013,YOLOv9s,False,340.0,1,False,True,0.49831318855285645
013,YOLOv9s,False,340.0,2,False,True,0.48010897636413574
013,YOLOv9s,False,341.0,0,False,True,0.7763605713844299
013,YOLOv9s,False,341.0,1,False,True,0.4799826145172119
013,YOLOv9s,False,341.0,2,False,True,0.36223676800727844
013,YOLOv9s,False,342.0,0,False,True,0.7584256529808044
013,YOLOv9s,False,342.0,1,False,True,0.48689496517181396
013,YOLOv9s,False,343.0,0,False,True,0.7869678735733032
013,YOLOv9s,False,343.0,1,False,True,0.4883579909801483
013,YOLOv9s,False,344.0,0,False,True,0.8254369497299194
013,YOLOv9s,False,344.0,1,False,True,0.48175692558288574
013,YOLOv9s,False,345.0,0,False,True,0.8553420305252075
013,YOLOv9s,False,345.0,1,False,True,0.4732924997806549
013,YOLOv9s,False,346.0,0,False,True,0.8367741107940674
013,YOLOv9s,False,346.0,1,False,True,0.48559337854385376
013,YOLOv9s,False,347.0,0,False,True,0.7997671961784363
013,YOLOv9s,False,347.0,1,False,True,0.4823487401008606
013,YOLOv9s,False,348.0,0,False,True,0.6981329321861267
013,YOLOv9s,False,348.0,1,False,True,0.4892413318157196
013,YOLOv9s,False,349.0,0,False,True,0.5994530916213989
013,YOLOv9s,False,349.0,1,False,True,0.4971199035644531
013,YOLOv9s,False,350.0,0,False,True,0.49437427520751953
013,YOLOv9s,False,351.0,0,False,True,0.4857923984527588
013,YOLOv9s,False,352.0,0,False,True,0.48630616068840027
013,YOLOv9s,False,353.0,0,False,True,0.4792318344116211
013,YOLOv9s,False,353.0,1,False,True,0.2683766484260559
013,YOLOv9s,False,354.0,0,False,True,0.4863193929195404
013,YOLOv9s,False,355.0,0,False,True,0.4786337614059448
013,YOLOv9s,False,355.0,1,False,True,0.32391002774238586
013,YOLOv9s,False,356.0,0,False,True,0.476701945066452
013,YOLOv9s,False,357.0,0,False,True,0.4742898941040039
013,YOLOv9s,False,358.0,0,False,True,0.4803251624107361
013,YOLOv9s,False,358.0,1,False,True,0.3058481514453888
013,YOLOv9s,False,359.0,0,False,True,0.47351622581481934
013,YOLOv9s,False,359.0,1,False,True,0.3941762447357178
013,YOLOv9s,False,360.0,0,False,True,0.46849945187568665
013,YOLOv9s,False,360.0,1,False,True,0.35496512055397034
013,YOLOv9s,False,361.0,0,False,True,0.45864951610565186
013,YOLOv9s,False,361.0,1,False,True,0.3457314372062683
013,YOLOv9s,False,362.0,0,False,True,0.45774054527282715
013,YOLOv9s,False,363.0,0,False,True,0.5244672298431396
013,YOLOv9s,False,363.0,1,False,True,0.4619048237800598
013,YOLOv9s,False,364.0,0,False,True,0.47585391998291016
013,YOLOv9s,False,365.0,0,False,True,0.4855596423149109
013,YOLOv9s,False,365.0,1,False,True,0.4237479269504547
013,YOLOv9s,False,366.0,0,False,True,0.5902022123336792
013,YOLOv9s,False,366.0,1,False,True,0.48753684759140015
013,YOLOv9s,False,367.0,0,False,True,0.6655776500701904
013,YOLOv9s,False,367.0,1,False,True,0.48803800344467163
013,YOLOv9s,False,368.0,0,False,True,0.709786057472229
013,YOLOv9s,False,368.0,1,False,True,0.49410033226013184
013,YOLOv9s,False,369.0,0,False,True,0.49930229783058167
013,YOLOv9s,False,369.0,1,False,True,0.41581764817237854
013,YOLOv9s,False,370.0,0,False,True,0.49029314517974854
013,YOLOv9s,False,370.0,1,False,True,0.3891361653804779
013,YOLOv9s,False,371.0,0,False,True,0.48167726397514343
013,YOLOv9s,False,371.0,1,False,True,0.4745101034641266
013,YOLOv9s,False,372.0,0,False,True,0.4715123176574707
013,YOLOv9s,False,372.0,1,False,True,0.4380304515361786
013,YOLOv9s,False,373.0,0,False,True,0.48108410835266113
013,YOLOv9s,False,373.0,1,False,True,0.3326323330402374
013,YOLOv9s,False,373.0,2,False,True,0.31744515895843506
013,YOLOv9s,False,374.0,0,False,True,0.4700336158275604
013,YOLOv9s,False,374.0,1,False,True,0.4220111668109894
013,YOLOv9s,False,375.0,0,False,True,0.49608156085014343
013,YOLOv9s,False,375.0,1,False,True,0.46546244621276855
013,YOLOv9s,False,376.0,0,False,True,0.5994212627410889
013,YOLOv9s,False,376.0,1,False,True,0.4791530966758728
013,YOLOv9s,False,376.0,2,False,True,0.4120776951313019
013,YOLOv9s,False,377.0,0,False,True,0.5013700723648071
013,YOLOv9s,False,377.0,1,False,True,0.3930034339427948
013,YOLOv9s,False,378.0,0,False,True,0.48603442311286926
013,YOLOv9s,False,378.0,1,False,True,0.42526522278785706
013,YOLOv9s,False,379.0,0,False,True,0.48029083013534546
013,YOLOv9s,False,379.0,1,False,True,0.25142702460289
013,YOLOv9s,False,380.0,0,False,True,0.5221798419952393
013,YOLOv9s,False,380.0,1,False,True,0.49709203839302063
013,YOLOv9s,False,380.0,2,False,True,0.44971925020217896
013,YOLOv9s,False,381.0,0,False,True,0.5600635409355164
013,YOLOv9s,False,381.0,1,False,True,0.506980299949646
013,YOLOv9s,False,381.0,2,False,True,0.45971253514289856
013,YOLOv9s,False,382.0,0,False,True,0.5076903104782104
013,YOLOv9s,False,382.0,1,False,True,0.2986351549625397
013,YOLOv9s,False,382.0,2,False,True,0.28559166193008423
013,YOLOv9s,False,383.0,0,False,True,0.6719775795936584
013,YOLOv9s,False,383.0,1,False,True,0.5184952616691589
013,YOLOv9s,False,383.0,2,False,True,0.4891054332256317
013,YOLOv9s,False,384.0,0,False,True,0.7699962854385376
013,YOLOv9s,False,384.0,1,False,True,0.5212429165840149
013,YOLOv9s,False,384.0,2,False,True,0.4959518015384674
013,YOLOv9s,False,385.0,0,False,True,0.73576420545578
013,YOLOv9s,False,385.0,1,False,True,0.48264792561531067
013,YOLOv9s,False,385.0,2,False,True,0.43314287066459656
013,YOLOv9s,False,386.0,0,False,True,0.7310326099395752
013,YOLOv9s,False,386.0,1,False,True,0.6749422550201416
013,YOLOv9s,False,386.0,2,False,True,0.4881296753883362
013,YOLOv9s,False,387.0,0,False,True,0.8026755452156067
013,YOLOv9s,False,387.0,1,False,True,0.5250340104103088
013,YOLOv9s,False,387.0,2,False,True,0.4889191687107086
013,YOLOv9s,False,388.0,0,False,True,0.7992050647735596
013,YOLOv9s,False,388.0,1,False,True,0.5251578688621521
013,YOLOv9s,False,388.0,2,False,True,0.4890843331813812
013,YOLOv9s,False,389.0,0,False,True,0.7038294076919556
013,YOLOv9s,False,389.0,1,False,True,0.6686757802963257
013,YOLOv9s,False,389.0,2,False,True,0.48114174604415894
013,YOLOv9s,False,390.0,0,False,True,0.6568973660469055
013,YOLOv9s,False,390.0,1,False,True,0.48379629850387573
013,YOLOv9s,False,390.0,2,False,True,0.47268444299697876
013,YOLOv9s,False,391.0,0,False,True,0.6550124287605286
013,YOLOv9s,False,391.0,1,False,True,0.47223544120788574
013,YOLOv9s,False,391.0,2,False,True,0.3554750382900238
013,YOLOv9s,False,392.0,0,False,True,0.5280870795249939
013,YOLOv9s,False,392.0,1,False,True,0.4868302047252655
013,YOLOv9s,False,392.0,2,False,True,0.4025760591030121
013,YOLOv9s,False,393.0,0,False,True,0.6105999946594238
013,YOLOv9s,False,393.0,1,False,True,0.6010860204696655
013,YOLOv9s,False,393.0,2,False,True,0.480574369430542
013,YOLOv9s,False,394.0,0,False,True,0.6894708275794983
013,YOLOv9s,False,394.0,1,False,True,0.6831297278404236
013,YOLOv9s,False,394.0,2,False,True,0.49159225821495056
013,YOLOv9s,False,395.0,0,False,True,0.7965589165687561
013,YOLOv9s,False,395.0,1,False,True,0.5709826946258545
013,YOLOv9s,False,395.0,2,False,True,0.4953533709049225
013,YOLOv9s,False,396.0,0,False,True,0.8212502598762512
013,YOLOv9s,False,396.0,1,False,True,0.5055834054946899
013,YOLOv9s,False,397.0,0,False,True,0.8459377288818359
013,YOLOv9s,False,397.0,1,False,True,0.4914015531539917
013,YOLOv9s,False,398.0,0,False,True,0.8048005104064941
013,YOLOv9s,False,398.0,1,False,True,0.4863700866699219
013,YOLOv9s,False,399.0,0,False,True,0.7548197507858276
013,YOLOv9s,False,399.0,1,False,True,0.4820931553840637
013,YOLOv9s,False,400.0,0,False,True,0.770656168460846
013,YOLOv9s,False,400.0,1,False,True,0.48210203647613525
013,YOLOv9s,False,401.0,0,False,True,0.7953637838363647
013,YOLOv9s,False,401.0,1,False,True,0.47178196907043457
013,YOLOv9s,False,402.0,0,False,True,0.7937476634979248
013,YOLOv9s,False,402.0,1,False,True,0.4318133294582367
013,YOLOv9s,False,403.0,0,False,True,0.8182342648506165
013,YOLOv9s,False,403.0,1,False,True,0.4196377098560333
013,YOLOv9s,False,404.0,0,False,True,0.8038475513458252
013,YOLOv9s,False,404.0,1,False,True,0.4301658272743225
013,YOLOv9s,False,405.0,0,False,True,0.8125908970832825
013,YOLOv9s,False,405.0,1,False,True,0.43010765314102173
013,YOLOv9s,False,406.0,0,False,True,0.8337459564208984
013,YOLOv9s,False,406.0,1,False,True,0.4242973327636719
013,YOLOv9s,False,407.0,0,False,True,0.8333505392074585
013,YOLOv9s,False,407.0,1,False,True,0.4008438289165497
013,YOLOv9s,False,408.0,0,False,True,0.8074288964271545
013,YOLOv9s,False,408.0,1,False,True,0.38135209679603577
013,YOLOv9s,False,409.0,0,False,True,0.8128320574760437
013,YOLOv9s,False,409.0,1,False,True,0.3677174150943756
013,YOLOv9s,False,410.0,0,False,True,0.7780062556266785
013,YOLOv9s,False,410.0,1,False,True,0.34482240676879883
013,YOLOv9s,False,411.0,0,False,True,0.7726565599441528
013,YOLOv9s,False,411.0,1,False,True,0.3281766176223755
013,YOLOv9s,False,412.0,0,False,True,0.8104168772697449
013,YOLOv9s,False,412.0,1,False,True,0.3538297414779663
013,YOLOv9s,False,413.0,0,False,True,0.8189429044723511
013,YOLOv9s,False,413.0,1,False,True,0.41561082005500793
013,YOLOv9s,False,414.0,0,False,True,0.843900740146637
013,YOLOv9s,False,414.0,1,False,True,0.485743910074234
013,YOLOv9s,False,415.0,0,False,True,0.8702214956283569
013,YOLOv9s,False,415.0,1,False,True,0.4917736351490021
013,YOLOv9s,False,416.0,0,False,True,0.8920396566390991
013,YOLOv9s,False,416.0,1,False,True,0.4939616024494171
013,YOLOv9s,False,417.0,0,False,True,0.8967552185058594
013,YOLOv9s,False,417.0,1,False,True,0.49413827061653137
013,YOLOv9s,False,418.0,0,False,True,0.8678010702133179
013,YOLOv9s,False,418.0,1,False,True,0.5094066262245178
013,YOLOv9s,False,419.0,0,False,True,0.8820027112960815
013,YOLOv9s,False,419.0,1,False,True,0.5084831714630127
013,YOLOv9s,False,420.0,0,False,True,0.8866391181945801
013,YOLOv9s,False,420.0,1,False,True,0.5419675707817078
013,YOLOv9s,False,421.0,0,False,True,0.8917694091796875
013,YOLOv9s,False,421.0,1,False,True,0.539563000202179
013,YOLOv9s,False,422.0,0,False,True,0.8859137296676636
013,YOLOv9s,False,422.0,1,False,True,0.5395675301551819
013,YOLOv9s,False,423.0,0,False,True,0.881411075592041
013,YOLOv9s,False,423.0,1,False,True,0.502929151058197
013,YOLOv9s,False,424.0,0,False,True,0.879906952381134
013,YOLOv9s,False,424.0,1,False,True,0.45962798595428467
013,YOLOv9s,False,425.0,0,False,True,0.8477261662483215
013,YOLOv9s,False,425.0,1,False,True,0.5119009017944336
013,YOLOv9s,False,425.0,2,False,True,0.39412420988082886
013,YOLOv9s,False,426.0,0,False,True,0.8704062104225159
013,YOLOv9s,False,426.0,1,False,True,0.5379372835159302
013,YOLOv9s,False,426.0,2,False,True,0.30821534991264343
013,YOLOv9s,False,427.0,0,False,True,0.8427407741546631
013,YOLOv9s,False,427.0,1,False,True,0.5987383127212524
013,YOLOv9s,False,427.0,2,False,True,0.5429766178131104
013,YOLOv9s,False,428.0,0,False,True,0.8501613140106201
013,YOLOv9s,False,428.0,1,False,True,0.5723820328712463
013,YOLOv9s,False,428.0,2,False,True,0.510715663433075
013,YOLOv9s,False,428.0,3,False,True,0.29471784830093384
013,YOLOv9s,False,429.0,0,False,True,0.854730486869812
013,YOLOv9s,False,429.0,1,False,True,0.5777003765106201
013,YOLOv9s,False,429.0,2,False,True,0.2542532980442047
013,YOLOv9s,False,430.0,0,False,True,0.8307820558547974
013,YOLOv9s,False,430.0,1,False,True,0.6171587109565735
013,YOLOv9s,False,430.0,2,False,True,0.39134928584098816
013,YOLOv9s,False,431.0,0,False,True,0.8427262902259827
013,YOLOv9s,False,431.0,1,False,True,0.5704578161239624
013,YOLOv9s,False,431.0,2,False,True,0.3478606939315796
013,YOLOv9s,False,432.0,0,False,True,0.8383609652519226
013,YOLOv9s,False,432.0,1,False,True,0.5661755800247192
013,YOLOv9s,False,432.0,2,False,True,0.49779367446899414
013,YOLOv9s,False,433.0,0,False,True,0.8649625778198242
013,YOLOv9s,False,433.0,1,False,True,0.48798149824142456
013,YOLOv9s,False,434.0,0,False,True,0.8803702592849731
013,YOLOv9s,False,434.0,1,False,True,0.4502975344657898
013,YOLOv9s,False,435.0,0,False,True,0.8652177453041077
013,YOLOv9s,False,435.0,1,False,True,0.38663148880004883
013,YOLOv9s,False,436.0,0,False,True,0.8505478501319885
013,YOLOv9s,False,436.0,1,False,True,0.5004451274871826
013,YOLOv9s,False,437.0,0,False,True,0.8196096420288086
013,YOLOv9s,False,437.0,1,False,True,0.5679487586021423
013,YOLOv9s,False,438.0,0,False,True,0.809919536113739
013,YOLOv9s,False,438.0,1,False,True,0.6624342203140259
013,YOLOv9s,False,438.0,2,False,True,0.5312438011169434
013,YOLOv9s,False,439.0,0,False,True,0.6982707381248474
013,YOLOv9s,False,439.0,1,False,True,0.6681059002876282
013,YOLOv9s,False,440.0,0,False,True,0.6465144753456116
013,YOLOv9s,False,440.0,1,False,True,0.5485145449638367
013,YOLOv9s,False,440.0,2,False,True,0.5083646178245544
013,YOLOv9s,False,441.0,0,False,True,0.5030485987663269
013,YOLOv9s,False,441.0,1,False,True,0.41311943531036377
013,YOLOv9s,False,442.0,0,False,True,0.5121548175811768
013,YOLOv9s,False,442.0,1,False,True,0.4544811546802521
013,YOLOv9s,False,443.0,0,False,True,0.5853736400604248
013,YOLOv9s,False,443.0,1,False,True,0.5135893821716309
013,YOLOv9s,False,443.0,2,False,True,0.3921699523925781
013,YOLOv9s,False,443.0,3,False,True,0.276863694190979
013,YOLOv9s,False,444.0,0,False,True,0.5472555756568909
013,YOLOv9s,False,444.0,1,False,True,0.5440728664398193
013,YOLOv9s,False,444.0,2,False,True,0.35317862033843994
013,YOLOv9s,False,444.0,3,False,True,0.2614560127258301
013,YOLOv9s,False,445.0,0,False,True,0.5114518404006958
013,YOLOv9s,False,445.0,1,False,True,0.45759859681129456
013,YOLOv9s,False,445.0,2,False,True,0.42510297894477844
013,YOLOv9s,False,446.0,0,False,True,0.46791449189186096
013,YOLOv9s,False,446.0,1,False,True,0.39531752467155457
013,YOLOv9s,False,446.0,2,False,True,0.2722056806087494
013,YOLOv9s,False,447.0,0,False,True,0.4836462438106537
013,YOLOv9s,False,447.0,1,False,True,0.3995450437068939
013,YOLOv9s,False,448.0,0,False,True,0.5562605857849121
013,YOLOv9s,False,448.0,1,False,True,0.385757714509964
013,YOLOv9s,False,449.0,0,False,True,0.5570203065872192
013,YOLOv9s,False,449.0,1,False,True,0.38589930534362793
013,YOLOv9s,False,450.0,0,False,True,0.6222806572914124
013,YOLOv9s,False,450.0,1,False,True,0.3905913829803467
013,YOLOv9s,False,451.0,0,False,True,0.5641087889671326
013,YOLOv9s,False,451.0,1,False,True,0.4817412197589874
013,YOLOv9s,False,452.0,0,False,True,0.5878537893295288
013,YOLOv9s,False,452.0,1,False,True,0.5004241466522217
013,YOLOv9s,False,453.0,0,False,True,0.6729698181152344
013,YOLOv9s,False,453.0,1,False,True,0.5002895593643188
013,YOLOv9s,False,454.0,0,False,True,0.7449412941932678
013,YOLOv9s,False,454.0,1,False,True,0.5371153354644775
013,YOLOv9s,False,455.0,0,False,True,0.7612513899803162
013,YOLOv9s,False,455.0,1,False,True,0.5428687334060669
013,YOLOv9s,False,456.0,0,False,True,0.7468359470367432
013,YOLOv9s,False,456.0,1,False,True,0.5344979166984558
013,YOLOv9s,False,457.0,0,False,True,0.7446138858795166
013,YOLOv9s,False,457.0,1,False,True,0.5295549035072327
013,YOLOv9s,False,458.0,0,False,True,0.7453867793083191
013,YOLOv9s,False,458.0,1,False,True,0.5324498414993286
013,YOLOv9s,False,459.0,0,False,True,0.7588634490966797
013,YOLOv9s,False,459.0,1,False,True,0.5303493738174438
013,YOLOv9s,False,460.0,0,False,True,0.7587094902992249
013,YOLOv9s,False,460.0,1,False,True,0.5093885660171509
013,YOLOv9s,False,461.0,0,False,True,0.7452351450920105
013,YOLOv9s,False,461.0,1,False,True,0.5134364366531372
013,YOLOv9s,False,462.0,0,False,True,0.7345176935195923
013,YOLOv9s,False,462.0,1,False,True,0.5016778707504272
013,YOLOv9s,False,463.0,0,False,True,0.750905454158783
013,YOLOv9s,False,463.0,1,False,True,0.5063854455947876
013,YOLOv9s,False,464.0,0,False,True,0.8014847040176392
013,YOLOv9s,False,464.0,1,False,True,0.4957769811153412
013,YOLOv9s,False,465.0,0,False,True,0.7637638449668884
013,YOLOv9s,False,465.0,1,False,True,0.4703424274921417
013,YOLOv9s,False,466.0,0,False,True,0.7606514692306519
013,YOLOv9s,False,466.0,1,False,True,0.4746428430080414
013,YOLOv9s,False,467.0,0,False,True,0.7599532604217529
013,YOLOv9s,False,467.0,1,False,True,0.4794158637523651
013,YOLOv9s,False,468.0,0,False,True,0.7490229606628418
013,YOLOv9s,False,468.0,1,False,True,0.4804249703884125
013,YOLOv9s,False,469.0,0,False,True,0.756500244140625
013,YOLOv9s,False,469.0,1,False,True,0.4736693203449249
013,YOLOv9s,False,470.0,0,False,True,0.7615184783935547
013,YOLOv9s,False,470.0,1,False,True,0.4738460183143616
013,YOLOv9s,False,471.0,0,False,True,0.7400943636894226
013,YOLOv9s,False,471.0,1,False,True,0.48889413475990295
013,YOLOv9s,False,472.0,0,False,True,0.7645652294158936
013,YOLOv9s,False,472.0,1,False,True,0.46785613894462585
013,YOLOv9s,False,473.0,0,False,True,0.7379699349403381
013,YOLOv9s,False,473.0,1,False,True,0.47269392013549805
013,YOLOv9s,False,474.0,0,False,True,0.7483165860176086
013,YOLOv9s,False,474.0,1,False,True,0.4760077893733978
013,YOLOv9s,False,475.0,0,False,True,0.768312931060791
013,YOLOv9s,False,475.0,1,False,True,0.48771628737449646
013,YOLOv9s,False,476.0,0,False,True,0.7605918049812317
013,YOLOv9s,False,476.0,1,False,True,0.47620996832847595
013,YOLOv9s,False,477.0,0,False,True,0.751767635345459
013,YOLOv9s,False,477.0,1,False,True,0.4786844551563263
013,YOLOv9s,False,478.0,0,False,True,0.7534055709838867
013,YOLOv9s,False,478.0,1,False,True,0.46723848581314087
013,YOLOv9s,False,479.0,0,False,True,0.7567418813705444
013,YOLOv9s,False,479.0,1,False,True,0.4749700725078583
013,YOLOv9s,False,480.0,0,False,True,0.7508760690689087
013,YOLOv9s,False,480.0,1,False,True,0.4818319082260132
013,YOLOv9s,False,481.0,0,False,True,0.7419948577880859
013,YOLOv9s,False,481.0,1,False,True,0.4859525263309479
013,YOLOv9s,False,482.0,0,False,True,0.736010730266571
013,YOLOv9s,False,482.0,1,False,True,0.4841073453426361
013,YOLOv9s,False,483.0,0,False,True,0.7499184012413025
013,YOLOv9s,False,483.0,1,False,True,0.4877813458442688
013,YOLOv9s,False,484.0,0,False,True,0.7400171160697937
013,YOLOv9s,False,484.0,1,False,True,0.4923612177371979
013,YOLOv9s,False,485.0,0,False,True,0.7376503944396973
013,YOLOv9s,False,485.0,1,False,True,0.49265390634536743
013,YOLOv9s,False,486.0,0,False,True,0.7468599677085876
013,YOLOv9s,False,486.0,1,False,True,0.4905300736427307
013,YOLOv9s,False,487.0,0,False,True,0.756815493106842
013,YOLOv9s,False,487.0,1,False,True,0.5030965209007263
013,YOLOv9s,False,488.0,0,False,True,0.7592534422874451
013,YOLOv9s,False,488.0,1,False,True,0.4859040081501007
013,YOLOv9s,False,489.0,0,False,True,0.7404006123542786
013,YOLOv9s,False,489.0,1,False,True,0.4852260947227478
013,YOLOv9s,False,490.0,0,False,True,0.7234535217285156
013,YOLOv9s,False,490.0,1,False,True,0.4928276538848877
013,YOLOv9s,False,491.0,0,False,True,0.7518232464790344
013,YOLOv9s,False,491.0,1,False,True,0.4946146011352539
013,YOLOv9s,False,492.0,0,False,True,0.7582719326019287
013,YOLOv9s,False,492.0,1,False,True,0.49650081992149353
013,YOLOv9s,False,493.0,0,False,True,0.7684715986251831
013,YOLOv9s,False,493.0,1,False,True,0.527290403842926
013,YOLOv9s,False,494.0,0,False,True,0.7344383597373962
013,YOLOv9s,False,494.0,1,False,True,0.5019223690032959
013,YOLOv9s,False,495.0,0,False,True,0.7304604053497314
013,YOLOv9s,False,495.0,1,False,True,0.5067268013954163
013,YOLOv9s,False,496.0,0,False,True,0.7424812316894531
013,YOLOv9s,False,496.0,1,False,True,0.498930960893631
013,YOLOv9s,False,497.0,0,False,True,0.7396426796913147
013,YOLOv9s,False,497.0,1,False,True,0.510546088218689
013,YOLOv9s,False,498.0,0,False,True,0.7517780661582947
013,YOLOv9s,False,498.0,1,False,True,0.5183345079421997
013,YOLOv9s,False,499.0,0,False,True,0.7423604726791382
013,YOLOv9s,False,499.0,1,False,True,0.51362544298172
013,YOLOv9s,False,500.0,0,False,True,0.7379042506217957
013,YOLOv9s,False,500.0,1,False,True,0.517664909362793
013,YOLOv9s,False,501.0,0,False,True,0.7411337494850159
013,YOLOv9s,False,501.0,1,False,True,0.5212284326553345
013,YOLOv9s,False,502.0,0,False,True,0.7380887866020203
013,YOLOv9s,False,502.0,1,False,True,0.5219445824623108
013,YOLOv9s,False,503.0,0,False,True,0.741456151008606
013,YOLOv9s,False,503.0,1,False,True,0.5226163268089294
013,YOLOv9s,False,504.0,0,False,True,0.7418166995048523
013,YOLOv9s,False,504.0,1,False,True,0.5184057354927063
013,YOLOv9s,False,505.0,0,False,True,0.7703455090522766
013,YOLOv9s,False,505.0,1,False,True,0.5270479917526245
013,YOLOv9s,False,506.0,0,False,True,0.7656693458557129
013,YOLOv9s,False,506.0,1,False,True,0.5312841534614563
013,YOLOv9s,False,507.0,0,False,True,0.7657757997512817
013,YOLOv9s,False,507.0,1,False,True,0.5239603519439697
013,YOLOv9s,False,508.0,0,False,True,0.760834813117981
013,YOLOv9s,False,508.0,1,False,True,0.5198443531990051
013,YOLOv9s,False,509.0,0,False,True,0.7660070061683655
013,YOLOv9s,False,509.0,1,False,True,0.5248974561691284
013,YOLOv9s,False,510.0,0,False,True,0.7698360681533813
013,YOLOv9s,False,510.0,1,False,True,0.5293609499931335
013,YOLOv9s,False,511.0,0,False,True,0.7686750888824463
013,YOLOv9s,False,511.0,1,False,True,0.5342432856559753
013,YOLOv9s,False,512.0,0,False,True,0.7688641548156738
013,YOLOv9s,False,512.0,1,False,True,0.5089844465255737
013,YOLOv9s,False,513.0,0,False,True,0.7755774259567261
013,YOLOv9s,False,513.0,1,False,True,0.5088579654693604
013,YOLOv9s,False,514.0,0,False,True,0.7623291015625
013,YOLOv9s,False,514.0,1,False,True,0.5013135671615601
013,YOLOv9s,False,515.0,0,False,True,0.7483447790145874
013,YOLOv9s,False,515.0,1,False,True,0.5155239105224609
013,YOLOv9s,False,516.0,0,False,True,0.7543348073959351
013,YOLOv9s,False,516.0,1,False,True,0.5101390480995178
013,YOLOv9s,False,517.0,0,False,True,0.7582648396492004
013,YOLOv9s,False,517.0,1,False,True,0.5216236710548401
013,YOLOv9s,False,518.0,0,False,True,0.7602357864379883
013,YOLOv9s,False,518.0,1,False,True,0.5234776735305786
013,YOLOv9s,False,519.0,0,False,True,0.772280216217041
013,YOLOv9s,False,519.0,1,False,True,0.5198215246200562
013,YOLOv9s,False,520.0,0,False,True,0.7751259803771973
013,YOLOv9s,False,520.0,1,False,True,0.5111377835273743
013,YOLOv9s,False,521.0,0,False,True,0.768303632736206
013,YOLOv9s,False,521.0,1,False,True,0.5018285512924194
013,YOLOv9s,False,522.0,0,False,True,0.7616307139396667
013,YOLOv9s,False,522.0,1,False,True,0.5172250866889954
013,YOLOv9s,False,523.0,0,False,True,0.7631796598434448
013,YOLOv9s,False,523.0,1,False,True,0.5111356377601624
013,YOLOv9s,False,524.0,0,False,True,0.7684043049812317
013,YOLOv9s,False,524.0,1,False,True,0.5221143960952759
013,YOLOv9s,False,525.0,0,False,True,0.7686150074005127
013,YOLOv9s,False,525.0,1,False,True,0.5167543292045593
013,YOLOv9s,False,526.0,0,False,True,0.7605640292167664
013,YOLOv9s,False,526.0,1,False,True,0.5007810592651367
013,YOLOv9s,False,527.0,0,False,True,0.7632430791854858
013,YOLOv9s,False,527.0,1,False,True,0.5063551664352417
013,YOLOv9s,False,528.0,0,False,True,0.7626650929450989
013,YOLOv9s,False,528.0,1,False,True,0.48956477642059326
013,YOLOv9s,False,529.0,0,False,True,0.7718004584312439
013,YOLOv9s,False,529.0,1,False,True,0.48563215136528015
013,YOLOv9s,False,530.0,0,False,True,0.7552493810653687
013,YOLOv9s,False,530.0,1,False,True,0.4842519164085388
013,YOLOv9s,False,531.0,0,False,True,0.733366072177887
013,YOLOv9s,False,531.0,1,False,True,0.47922614216804504
013,YOLOv9s,False,532.0,0,False,True,0.7390389442443848
013,YOLOv9s,False,532.0,1,False,True,0.48390135169029236
013,YOLOv9s,False,533.0,0,False,True,0.7422831058502197
013,YOLOv9s,False,533.0,1,False,True,0.4879853129386902
013,YOLOv9s,False,534.0,0,False,True,0.7566821575164795
013,YOLOv9s,False,534.0,1,False,True,0.4847569167613983
013,YOLOv9s,False,535.0,0,False,True,0.7482331991195679
013,YOLOv9s,False,535.0,1,False,True,0.5068655610084534
013,YOLOv9s,False,536.0,0,False,True,0.742646336555481
013,YOLOv9s,False,536.0,1,False,True,0.5017721652984619
013,YOLOv9s,False,537.0,0,False,True,0.7554231882095337
013,YOLOv9s,False,537.0,1,False,True,0.5038549304008484
013,YOLOv9s,False,538.0,0,False,True,0.7608197927474976
013,YOLOv9s,False,538.0,1,False,True,0.5041415095329285
013,YOLOv9s,False,539.0,0,False,True,0.7710444331169128
013,YOLOv9s,False,539.0,1,False,True,0.5064328908920288
013,YOLOv9s,False,540.0,0,False,True,0.7630324363708496
013,YOLOv9s,False,540.0,1,False,True,0.511021614074707
013,YOLOv9s,False,541.0,0,False,True,0.7506538033485413
013,YOLOv9s,False,541.0,1,False,True,0.5031347274780273
013,YOLOv9s,False,542.0,0,False,True,0.7523593902587891
013,YOLOv9s,False,542.0,1,False,True,0.5015310049057007
013,YOLOv9s,False,543.0,0,False,True,0.7461287379264832
013,YOLOv9s,False,543.0,1,False,True,0.47970515489578247
013,YOLOv9s,False,544.0,0,False,True,0.7582529187202454
013,YOLOv9s,False,544.0,1,False,True,0.48457491397857666
013,YOLOv9s,False,545.0,0,False,True,0.7473903298377991
013,YOLOv9s,False,545.0,1,False,True,0.4840249717235565
013,YOLOv9s,False,546.0,0,False,True,0.7471312880516052
013,YOLOv9s,False,546.0,1,False,True,0.4832235276699066
013,YOLOv9s,False,547.0,0,False,True,0.745348334312439
013,YOLOv9s,False,547.0,1,False,True,0.5056779384613037
001,RF-DETRs,False,0.0,0,False,True,0.4602801203727722
001,RF-DETRs,False,1.0,0,False,True,0.4600483179092407
001,RF-DETRs,False,2.0,0,False,True,0.48043593764305115
001,RF-DETRs,False,3.0,0,False,True,0.47790321707725525
001,RF-DETRs,False,4.0,0,False,True,0.4738563299179077
001,RF-DETRs,False,5.0,0,False,True,0.46752026677131653
001,RF-DETRs,False,6.0,0,False,True,0.4606318473815918
001,RF-DETRs,False,7.0,0,False,True,0.4607345461845398
001,RF-DETRs,False,8.0,0,False,True,0.45684313774108887
001,RF-DETRs,False,9.0,0,False,True,0.4567349851131439
001,RF-DETRs,False,10.0,0,False,True,0.47101664543151855
001,RF-DETRs,False,11.0,0,False,True,0.48711371421813965
001,RF-DETRs,False,12.0,0,False,True,0.4800756573677063
001,RF-DETRs,False,13.0,0,False,True,0.4811619520187378
001,RF-DETRs,False,14.0,0,False,True,0.4604555368423462
001,RF-DETRs,False,15.0,0,False,True,0.47461453080177307
001,RF-DETRs,False,16.0,0,False,True,0.484842985868454
001,RF-DETRs,False,17.0,0,False,True,0.48946699500083923
001,RF-DETRs,False,18.0,0,False,True,0.4987654983997345
001,RF-DETRs,False,19.0,0,False,True,0.49690666794776917
001,RF-DETRs,False,20.0,0,False,True,0.4885011911392212
001,RF-DETRs,False,21.0,0,False,True,0.49775972962379456
001,RF-DETRs,False,22.0,0,False,True,0.49781349301338196
001,RF-DETRs,False,23.0,0,False,True,0.49943554401397705
001,RF-DETRs,False,24.0,0,False,True,0.49746111035346985
001,RF-DETRs,False,25.0,0,False,True,0.5097866654396057
001,RF-DETRs,False,26.0,0,False,True,0.5176559090614319
001,RF-DETRs,False,27.0,0,False,True,0.5199889540672302
001,RF-DETRs,False,28.0,0,False,True,0.519698441028595
001,RF-DETRs,False,29.0,0,False,True,0.4894903898239136
001,RF-DETRs,False,30.0,0,False,True,0.48843735456466675
001,RF-DETRs,False,31.0,0,False,True,0.5004669427871704
001,RF-DETRs,False,32.0,0,False,True,0.5091306567192078
001,RF-DETRs,False,33.0,0,False,True,0.5104624629020691
001,RF-DETRs,False,34.0,0,False,True,0.5123063921928406
001,RF-DETRs,False,35.0,0,False,True,0.48120859265327454
001,RF-DETRs,False,36.0,0,False,True,0.48643600940704346
001,RF-DETRs,False,37.0,0,False,True,0.5219800472259521
001,RF-DETRs,False,38.0,0,False,True,0.4966942369937897
001,RF-DETRs,False,39.0,0,False,True,0.5142272710800171
001,RF-DETRs,False,40.0,0,False,True,0.5060173869132996
001,RF-DETRs,False,41.0,0,False,True,0.5013858079910278
001,RF-DETRs,False,42.0,0,False,True,0.4747021794319153
001,RF-DETRs,False,43.0,0,False,True,0.4778783917427063
001,RF-DETRs,False,43.0,1,False,True,0.4435146152973175
001,RF-DETRs,False,44.0,0,False,True,0.4553206264972687
001,RF-DETRs,False,44.0,1,False,True,0.41483065485954285
001,RF-DETRs,False,45.0,0,False,True,0.45221829414367676
001,RF-DETRs,False,45.0,1,False,True,0.4046039581298828
001,RF-DETRs,False,46.0,0,False,True,0.4879893362522125
001,RF-DETRs,False,46.0,1,False,True,0.4440850019454956
001,RF-DETRs,False,47.0,0,False,True,0.48358020186424255
001,RF-DETRs,False,47.0,1,False,True,0.45427364110946655
001,RF-DETRs,False,48.0,0,False,True,0.474050372838974
001,RF-DETRs,False,49.0,0,False,True,0.4781852066516876
001,RF-DETRs,False,50.0,0,False,True,0.48229923844337463
001,RF-DETRs,False,51.0,0,False,True,0.4910098612308502
001,RF-DETRs,False,51.0,1,False,True,0.46639949083328247
001,RF-DETRs,False,52.0,0,False,True,0.5088183283805847
001,RF-DETRs,False,52.0,1,False,True,0.4187471568584442
001,RF-DETRs,False,53.0,0,False,True,0.4902428686618805
001,RF-DETRs,False,53.0,1,False,True,0.44238168001174927
001,RF-DETRs,False,54.0,0,False,True,0.47893649339675903
001,RF-DETRs,False,55.0,0,False,True,0.4774705469608307
001,RF-DETRs,False,56.0,0,False,True,0.4844440221786499
001,RF-DETRs,False,57.0,0,False,True,0.49150630831718445
001,RF-DETRs,False,58.0,0,False,True,0.4504365921020508
001,RF-DETRs,False,59.0,0,False,True,0.4463922679424286
001,RF-DETRs,False,60.0,0,False,True,0.4720783233642578
001,RF-DETRs,False,61.0,0,False,True,0.41845807433128357
001,RF-DETRs,False,62.0,0,False,True,0.46065032482147217
001,RF-DETRs,False,63.0,0,False,True,0.43130260705947876
001,RF-DETRs,False,64.0,0,False,True,0.43769487738609314
001,RF-DETRs,False,65.0,0,False,True,0.41853150725364685
001,RF-DETRs,False,66.0,0,False,True,0.44015443325042725
001,RF-DETRs,False,67.0,0,False,True,0.44922441244125366
001,RF-DETRs,False,68.0,0,False,True,0.45375654101371765
001,RF-DETRs,False,69.0,0,False,True,0.4555451273918152
001,RF-DETRs,False,70.0,0,False,True,0.4590418040752411
001,RF-DETRs,False,71.0,0,False,True,0.47084105014801025
001,RF-DETRs,False,72.0,0,False,True,0.4584396183490753
001,RF-DETRs,False,73.0,0,False,True,0.4862562417984009
001,RF-DETRs,False,74.0,0,False,True,0.4846362769603729
001,RF-DETRs,False,75.0,0,False,True,0.49245160818099976
001,RF-DETRs,False,76.0,0,False,True,0.4883553385734558
001,RF-DETRs,False,77.0,0,False,True,0.47930100560188293
001,RF-DETRs,False,78.0,0,False,True,0.49180781841278076
001,RF-DETRs,False,79.0,0,False,True,0.49707579612731934
001,RF-DETRs,False,80.0,0,False,True,0.492362380027771
001,RF-DETRs,False,81.0,0,False,True,0.4982936382293701
001,RF-DETRs,False,82.0,0,False,True,0.4936748743057251
001,RF-DETRs,False,83.0,0,False,True,0.48888736963272095
001,RF-DETRs,False,84.0,0,False,True,0.4798313081264496
001,RF-DETRs,False,85.0,0,False,True,0.4859994351863861
001,RF-DETRs,False,86.0,0,False,True,0.4727659821510315
001,RF-DETRs,False,87.0,0,False,True,0.5141199231147766
001,RF-DETRs,False,88.0,0,False,True,0.508176863193512
001,RF-DETRs,False,89.0,0,False,True,0.5345852375030518
001,RF-DETRs,False,90.0,0,False,True,0.535123348236084
001,RF-DETRs,False,91.0,0,False,True,0.5463497042655945
001,RF-DETRs,False,92.0,0,False,True,0.5372106432914734
001,RF-DETRs,False,93.0,0,False,True,0.5300527811050415
001,RF-DETRs,False,94.0,0,False,True,0.532861590385437
001,RF-DETRs,False,95.0,0,False,True,0.5333860516548157
001,RF-DETRs,False,96.0,0,False,True,0.5333130955696106
001,RF-DETRs,False,97.0,0,False,True,0.5270000100135803
001,RF-DETRs,False,98.0,0,False,True,0.5117993950843811
001,RF-DETRs,False,99.0,0,False,True,0.49249130487442017
001,RF-DETRs,False,100.0,0,False,True,0.49564671516418457
001,RF-DETRs,False,101.0,0,False,True,0.5222903490066528
001,RF-DETRs,False,102.0,0,False,True,0.4950937330722809
001,RF-DETRs,False,103.0,0,False,True,0.5054279565811157
001,RF-DETRs,False,104.0,0,False,True,0.514007031917572
001,RF-DETRs,False,105.0,0,False,True,0.518930196762085
001,RF-DETRs,False,106.0,0,False,True,0.5028036832809448
001,RF-DETRs,False,107.0,0,False,True,0.5062881708145142
001,RF-DETRs,False,108.0,0,False,True,0.49460119009017944
001,RF-DETRs,False,109.0,0,False,True,0.5095540285110474
001,RF-DETRs,False,110.0,0,False,True,0.49076971411705017
001,RF-DETRs,False,111.0,0,False,True,0.498449444770813
001,RF-DETRs,False,112.0,0,False,True,0.4987374544143677
001,RF-DETRs,False,113.0,0,False,True,0.49316611886024475
001,RF-DETRs,False,114.0,0,False,True,0.48644062876701355
001,RF-DETRs,False,115.0,0,False,True,0.49725425243377686
001,RF-DETRs,False,116.0,0,False,True,0.532086193561554
001,RF-DETRs,False,117.0,0,False,True,0.5528050661087036
001,RF-DETRs,False,118.0,0,False,True,0.5497610569000244
001,RF-DETRs,False,119.0,0,False,True,0.5488285422325134
001,RF-DETRs,False,120.0,0,False,True,0.5446189045906067
001,RF-DETRs,False,121.0,0,False,True,0.5302937626838684
001,RF-DETRs,False,122.0,0,False,True,0.5368227362632751
001,RF-DETRs,False,123.0,0,False,True,0.5281937718391418
001,RF-DETRs,False,123.0,1,False,True,0.5121894478797913
001,RF-DETRs,False,124.0,0,False,True,0.52171391248703
001,RF-DETRs,False,125.0,0,True,True,0.8090027570724487
001,RF-DETRs,False,125.0,1,False,True,0.45243412256240845
001,RF-DETRs,False,126.0,0,True,True,0.46582573652267456
001,RF-DETRs,False,126.0,1,False,True,0.40298476815223694
001,RF-DETRs,False,127.0,0,False,True,0.47226452827453613
001,RF-DETRs,False,128.0,0,False,True,0.46430474519729614
001,RF-DETRs,False,129.0,0,False,True,0.46184781193733215
001,RF-DETRs,False,130.0,0,False,True,0.46990591287612915
001,RF-DETRs,False,131.0,0,False,True,0.47748419642448425
001,RF-DETRs,False,132.0,0,False,True,0.49127987027168274
001,RF-DETRs,False,133.0,0,False,True,0.5040679574012756
001,RF-DETRs,False,134.0,0,True,True,0.8692731857299805
001,RF-DETRs,False,134.0,1,False,True,0.4595089554786682
001,RF-DETRs,False,135.0,0,True,True,0.8338345885276794
001,RF-DETRs,False,135.0,1,False,True,0.4479648172855377
001,RF-DETRs,False,136.0,0,True,True,0.9015721082687378
001,RF-DETRs,False,136.0,1,False,True,0.42664870619773865
001,RF-DETRs,False,137.0,0,True,True,0.8712442517280579
001,RF-DETRs,False,137.0,1,False,True,0.42990997433662415
001,RF-DETRs,False,138.0,0,True,True,0.8087382912635803
001,RF-DETRs,False,138.0,1,False,True,0.4381645917892456
001,RF-DETRs,False,139.0,0,True,True,0.8810098767280579
001,RF-DETRs,False,139.0,1,False,True,0.418012410402298
001,RF-DETRs,False,140.0,0,False,True,0.49417856335639954
001,RF-DETRs,False,141.0,0,False,True,0.5110700130462646
001,RF-DETRs,False,142.0,0,False,True,0.5040344595909119
001,RF-DETRs,False,143.0,0,False,True,0.48438867926597595
001,RF-DETRs,False,144.0,0,False,True,0.4305758476257324
001,RF-DETRs,False,145.0,0,False,True,0.432737797498703
001,RF-DETRs,False,147.0,0,False,True,0.4039238393306732
001,RF-DETRs,False,148.0,0,False,True,0.4081556797027588
001,RF-DETRs,False,151.0,0,False,True,0.4438023865222931
001,RF-DETRs,False,152.0,0,False,True,0.711938738822937
001,RF-DETRs,False,153.0,0,False,True,0.5677017569541931
001,RF-DETRs,False,154.0,0,False,True,0.5825850367546082
001,RF-DETRs,False,155.0,0,False,True,0.7572709918022156
001,RF-DETRs,False,156.0,0,False,True,0.8006260395050049
001,RF-DETRs,False,157.0,0,False,True,0.8780522346496582
001,RF-DETRs,False,158.0,0,False,True,0.8729952573776245
001,RF-DETRs,False,159.0,0,False,True,0.7009726762771606
001,RF-DETRs,False,160.0,0,False,True,0.8303530216217041
001,RF-DETRs,False,161.0,0,True,True,0.5183497667312622
001,RF-DETRs,False,161.0,1,False,True,0.4218624234199524
001,RF-DETRs,False,162.0,0,False,True,0.4940629303455353
001,RF-DETRs,False,163.0,0,False,True,0.4868689179420471
001,RF-DETRs,False,164.0,0,True,True,0.5499547123908997
001,RF-DETRs,False,164.0,1,False,True,0.44876381754875183
001,RF-DETRs,False,165.0,0,False,True,0.47053250670433044
001,RF-DETRs,False,166.0,0,False,True,0.495313435792923
001,RF-DETRs,False,167.0,0,False,True,0.48581385612487793
001,RF-DETRs,False,168.0,0,False,True,0.4593767821788788
001,RF-DETRs,False,169.0,0,False,True,0.49136286973953247
001,RF-DETRs,False,170.0,0,False,True,0.47107720375061035
001,RF-DETRs,False,171.0,0,True,True,0.5875980854034424
001,RF-DETRs,False,171.0,1,False,True,0.4176528751850128
001,RF-DETRs,False,172.0,0,False,True,0.45041191577911377
001,RF-DETRs,False,173.0,0,False,True,0.46455878019332886
001,RF-DETRs,False,174.0,0,False,True,0.4736572206020355
001,RF-DETRs,False,175.0,0,False,True,0.4608410894870758
001,RF-DETRs,False,176.0,0,False,True,0.4289214313030243
001,RF-DETRs,False,196.0,0,False,True,0.40764689445495605
001,RF-DETRs,False,216.0,0,False,True,0.40492546558380127
001,RF-DETRs,False,224.0,0,False,True,0.40357112884521484
001,RF-DETRs,False,232.0,0,False,True,0.4170798063278198
001,RF-DETRs,False,233.0,0,False,True,0.41454073786735535
001,RF-DETRs,False,234.0,0,False,True,0.4102027714252472
001,RF-DETRs,False,235.0,0,False,True,0.42088568210601807
001,RF-DETRs,False,236.0,0,False,True,0.4271654486656189
001,RF-DETRs,False,237.0,0,False,True,0.4280714690685272
001,RF-DETRs,False,238.0,0,False,True,0.419340580701828
001,RF-DETRs,False,239.0,0,False,True,0.4358975291252136
001,RF-DETRs,False,240.0,0,False,True,0.4617079496383667
001,RF-DETRs,False,241.0,0,False,True,0.47659382224082947
001,RF-DETRs,False,242.0,0,False,True,0.47130781412124634
001,RF-DETRs,False,243.0,0,False,True,0.4806615114212036
001,RF-DETRs,False,244.0,0,False,True,0.49067893624305725
001,RF-DETRs,False,245.0,0,False,True,0.48421239852905273
001,RF-DETRs,False,246.0,0,False,True,0.4861185848712921
001,RF-DETRs,False,247.0,0,False,True,0.4808580279350281
001,RF-DETRs,False,248.0,0,False,True,0.4788166582584381
001,RF-DETRs,False,249.0,0,False,True,0.484160453081131
001,RF-DETRs,False,250.0,0,False,True,0.48161476850509644
001,RF-DETRs,False,251.0,0,False,True,0.4736672043800354
001,RF-DETRs,False,252.0,0,False,True,0.44828781485557556
001,RF-DETRs,False,253.0,0,False,True,0.43204325437545776
001,RF-DETRs,False,254.0,0,False,True,0.45759648084640503
001,RF-DETRs,False,255.0,0,False,True,0.4435853362083435
001,RF-DETRs,False,256.0,0,False,True,0.45707979798316956
001,RF-DETRs,False,257.0,0,False,True,0.4550199508666992
001,RF-DETRs,False,258.0,0,False,True,0.4609830379486084
001,RF-DETRs,False,259.0,0,False,True,0.4549237787723541
001,RF-DETRs,False,260.0,0,False,True,0.45740842819213867
001,RF-DETRs,False,261.0,0,False,True,0.40293869376182556
001,RF-DETRs,False,262.0,0,False,True,0.40577465295791626
001,RF-DETRs,False,263.0,0,False,True,0.4261743128299713
001,RF-DETRs,False,264.0,0,False,True,0.4182826578617096
001,RF-DETRs,False,275.0,0,True,True,0.6644633412361145
001,RF-DETRs,False,276.0,0,True,True,0.8176976442337036
001,RF-DETRs,False,278.0,0,True,True,0.6984379887580872
001,RF-DETRs,False,288.0,0,False,True,0.4054754078388214
001,RF-DETRs,False,289.0,0,True,True,0.45618554949760437
001,RF-DETRs,False,290.0,0,True,True,0.6195365786552429
001,RF-DETRs,False,294.0,0,True,True,0.8404564261436462
001,RF-DETRs,False,294.0,1,False,True,0.4533931314945221
001,RF-DETRs,False,295.0,0,True,True,0.859082043170929
001,RF-DETRs,False,296.0,0,False,True,0.5630658268928528
001,RF-DETRs,False,296.0,1,True,True,0.5145352482795715
001,RF-DETRs,False,298.0,0,True,True,0.6526432037353516
001,RF-DETRs,False,300.0,0,False,True,0.454056054353714
001,RF-DETRs,False,301.0,0,False,True,0.484093576669693
001,RF-DETRs,False,301.0,1,False,True,0.42375269532203674
001,RF-DETRs,False,302.0,0,False,True,0.45996174216270447
001,RF-DETRs,False,303.0,0,False,True,0.46436652541160583
001,RF-DETRs,False,303.0,1,False,True,0.4257720410823822
001,RF-DETRs,False,303.0,2,False,True,0.4139278829097748
001,RF-DETRs,False,304.0,0,False,True,0.4869906008243561
001,RF-DETRs,False,305.0,0,False,True,0.44324713945388794
001,RF-DETRs,False,305.0,1,False,True,0.4154859483242035
001,RF-DETRs,False,306.0,0,False,True,0.49183300137519836
001,RF-DETRs,False,306.0,1,False,True,0.4329681992530823
001,RF-DETRs,False,307.0,0,False,True,0.46286898851394653
001,RF-DETRs,False,307.0,1,False,True,0.4477149546146393
001,RF-DETRs,False,308.0,0,False,True,0.47793954610824585
001,RF-DETRs,False,309.0,0,False,True,0.4578785300254822
001,RF-DETRs,False,310.0,0,False,True,0.48859065771102905
001,RF-DETRs,False,311.0,0,False,True,0.4840984344482422
001,RF-DETRs,False,312.0,0,False,True,0.5095383524894714
001,RF-DETRs,False,313.0,0,False,True,0.49635714292526245
001,RF-DETRs,False,314.0,0,False,True,0.4927225410938263
001,RF-DETRs,False,315.0,0,False,True,0.47303062677383423
001,RF-DETRs,False,316.0,0,False,True,0.4796447157859802
001,RF-DETRs,False,317.0,0,False,True,0.4601646363735199
001,RF-DETRs,False,318.0,0,False,True,0.46310362219810486
001,RF-DETRs,False,319.0,0,False,True,0.45208489894866943
001,RF-DETRs,False,320.0,0,False,True,0.4609449505805969
001,RF-DETRs,False,321.0,0,False,True,0.4582698345184326
001,RF-DETRs,False,322.0,0,False,True,0.47182127833366394
001,RF-DETRs,False,323.0,0,False,True,0.46749842166900635
001,RF-DETRs,False,324.0,0,False,True,0.4986228942871094
001,RF-DETRs,False,325.0,0,False,True,0.4828086793422699
001,RF-DETRs,False,326.0,0,False,True,0.4769321084022522
001,RF-DETRs,False,327.0,0,False,True,0.4638656675815582
001,RF-DETRs,False,328.0,0,False,True,0.4658728539943695
001,RF-DETRs,False,329.0,0,False,True,0.4583390951156616
001,RF-DETRs,False,330.0,0,False,True,0.44758009910583496
001,RF-DETRs,False,331.0,0,False,True,0.4427800178527832
001,RF-DETRs,False,332.0,0,False,True,0.42736950516700745
001,RF-DETRs,False,335.0,0,False,True,0.4184741973876953
001,RF-DETRs,False,343.0,0,True,True,0.8462989330291748
001,RF-DETRs,False,344.0,0,True,True,0.6758832335472107
001,RF-DETRs,False,344.0,1,False,True,0.40361344814300537
001,RF-DETRs,False,345.0,0,True,True,0.5974413156509399
001,RF-DETRs,False,345.0,1,False,True,0.4098862409591675
001,RF-DETRs,False,346.0,0,True,True,0.8117218613624573
001,RF-DETRs,False,346.0,1,False,True,0.5427775979042053
001,RF-DETRs,False,346.0,2,False,True,0.5075734853744507
001,RF-DETRs,False,347.0,0,True,True,0.7278257608413696
001,RF-DETRs,False,347.0,1,False,True,0.5621985793113708
001,RF-DETRs,False,347.0,2,False,True,0.4809936285018921
001,RF-DETRs,False,348.0,0,False,True,0.5617512464523315
001,RF-DETRs,False,348.0,1,True,True,0.5062659978866577
001,RF-DETRs,False,349.0,0,True,True,0.7096929550170898
001,RF-DETRs,False,349.0,1,False,True,0.6345798969268799
001,RF-DETRs,False,350.0,0,True,True,0.8174537420272827
001,RF-DETRs,False,350.0,1,False,True,0.6534699201583862
001,RF-DETRs,False,351.0,0,True,True,0.7894891500473022
001,RF-DETRs,False,351.0,1,False,True,0.7587963938713074
001,RF-DETRs,False,351.0,2,False,True,0.5706130266189575
001,RF-DETRs,False,351.0,3,False,True,0.5204054117202759
001,RF-DETRs,False,352.0,0,True,True,0.8146725296974182
001,RF-DETRs,False,352.0,1,False,True,0.6942189335823059
001,RF-DETRs,False,352.0,2,False,True,0.48813530802726746
001,RF-DETRs,False,352.0,3,False,True,0.487346351146698
001,RF-DETRs,False,353.0,0,True,True,0.8246495127677917
001,RF-DETRs,False,353.0,1,False,True,0.7464733719825745
001,RF-DETRs,False,354.0,0,True,True,0.8262066841125488
001,RF-DETRs,False,354.0,1,False,True,0.7397512793540955
001,RF-DETRs,False,355.0,0,True,True,0.8436228632926941
001,RF-DETRs,False,355.0,1,False,True,0.7464096546173096
001,RF-DETRs,False,355.0,2,False,True,0.4207990765571594
001,RF-DETRs,False,356.0,0,True,True,0.849526584148407
001,RF-DETRs,False,356.0,1,False,True,0.7745615839958191
001,RF-DETRs,False,357.0,0,False,True,0.7200880646705627
001,RF-DETRs,False,358.0,0,False,True,0.6546005606651306
001,RF-DETRs,False,359.0,0,True,True,0.7462712526321411
001,RF-DETRs,False,359.0,1,False,True,0.6416069269180298
001,RF-DETRs,False,360.0,0,True,True,0.5661369562149048
001,RF-DETRs,False,360.0,1,False,True,0.424653559923172
001,RF-DETRs,False,361.0,0,True,True,0.5659369230270386
001,RF-DETRs,False,361.0,1,False,True,0.4132756292819977
001,RF-DETRs,False,362.0,0,True,True,0.7656345367431641
001,RF-DETRs,False,363.0,0,True,True,0.5185602307319641
001,RF-DETRs,False,364.0,0,True,True,0.7696106433868408
001,RF-DETRs,False,365.0,0,True,True,0.4758153557777405
001,RF-DETRs,False,365.0,1,False,True,0.40974336862564087
001,RF-DETRs,False,366.0,0,True,True,0.8146925568580627
001,RF-DETRs,False,367.0,0,True,True,0.8096324801445007
001,RF-DETRs,False,368.0,0,True,True,0.7817776799201965
001,RF-DETRs,False,368.0,1,False,True,0.45600271224975586
001,RF-DETRs,False,369.0,0,True,True,0.8201104402542114
001,RF-DETRs,False,369.0,1,False,True,0.4261780381202698
001,RF-DETRs,False,370.0,0,True,True,0.752880334854126
001,RF-DETRs,False,370.0,1,False,True,0.44254180788993835
001,RF-DETRs,False,371.0,0,True,True,0.7842186689376831
001,RF-DETRs,False,372.0,0,True,True,0.8384599089622498
001,RF-DETRs,False,373.0,0,True,True,0.766557514667511
001,RF-DETRs,False,373.0,1,True,True,0.7073389887809753
001,RF-DETRs,False,374.0,0,True,True,0.6664701700210571
001,RF-DETRs,False,374.0,1,True,True,0.548687219619751
001,RF-DETRs,False,375.0,0,True,True,0.7594400644302368
001,RF-DETRs,False,375.0,1,False,True,0.40047523379325867
001,RF-DETRs,False,376.0,0,True,True,0.6370114684104919
001,RF-DETRs,False,376.0,1,True,True,0.44522011280059814
001,RF-DETRs,False,377.0,0,True,True,0.4537372887134552
001,RF-DETRs,False,380.0,0,False,True,0.4758688807487488
001,RF-DETRs,False,382.0,0,False,True,0.5328148603439331
001,RF-DETRs,False,383.0,0,False,True,0.6285027265548706
001,RF-DETRs,False,384.0,0,False,True,0.8353627920150757
001,RF-DETRs,False,385.0,0,False,True,0.523287832736969
001,RF-DETRs,False,386.0,0,False,True,0.7729625701904297
001,RF-DETRs,False,387.0,0,False,True,0.7802175283432007
001,RF-DETRs,False,388.0,0,False,True,0.7779577374458313
001,RF-DETRs,False,389.0,0,False,True,0.7571670413017273
001,RF-DETRs,False,390.0,0,False,True,0.7975598573684692
001,RF-DETRs,False,391.0,0,False,True,0.7987112402915955
001,RF-DETRs,False,392.0,0,False,True,0.8225419521331787
001,RF-DETRs,False,393.0,0,False,True,0.8270637392997742
001,RF-DETRs,False,394.0,0,False,True,0.828946590423584
001,RF-DETRs,False,395.0,0,False,True,0.8117406964302063
001,RF-DETRs,False,396.0,0,False,True,0.5700493454933167
001,RF-DETRs,False,399.0,0,False,True,0.4131210446357727
001,RF-DETRs,False,402.0,0,False,True,0.6723257303237915
001,RF-DETRs,False,403.0,0,False,True,0.7938070297241211
001,RF-DETRs,False,404.0,0,False,True,0.7431176900863647
001,RF-DETRs,False,405.0,0,False,True,0.7974889874458313
001,RF-DETRs,False,405.0,1,False,True,0.45109352469444275
001,RF-DETRs,False,406.0,0,True,True,0.8084763288497925
001,RF-DETRs,False,406.0,1,False,True,0.43925175070762634
001,RF-DETRs,False,407.0,0,True,True,0.8137234449386597
001,RF-DETRs,False,407.0,1,False,True,0.4762066602706909
001,RF-DETRs,False,408.0,0,True,True,0.7986438870429993
001,RF-DETRs,False,408.0,1,False,True,0.4333786964416504
001,RF-DETRs,False,409.0,0,True,True,0.8167732954025269
001,RF-DETRs,False,409.0,1,False,True,0.42834994196891785
001,RF-DETRs,False,410.0,0,True,True,0.8163625001907349
001,RF-DETRs,False,410.0,1,False,True,0.44091060757637024
001,RF-DETRs,False,411.0,0,True,True,0.8212000727653503
001,RF-DETRs,False,411.0,1,False,True,0.4449547529220581
001,RF-DETRs,False,412.0,0,True,True,0.8309344053268433
001,RF-DETRs,False,412.0,1,False,True,0.46466943621635437
001,RF-DETRs,False,413.0,0,True,True,0.8103439807891846
001,RF-DETRs,False,413.0,1,False,True,0.4628526568412781
001,RF-DETRs,False,414.0,0,True,True,0.7894613742828369
001,RF-DETRs,False,414.0,1,False,True,0.48464494943618774
001,RF-DETRs,False,415.0,0,True,True,0.8235774040222168
001,RF-DETRs,False,415.0,1,False,True,0.46695077419281006
001,RF-DETRs,False,416.0,0,True,True,0.8233333230018616
001,RF-DETRs,False,416.0,1,False,True,0.5172005891799927
001,RF-DETRs,False,417.0,0,True,True,0.8377460241317749
001,RF-DETRs,False,417.0,1,False,True,0.47561219334602356
001,RF-DETRs,False,418.0,0,True,True,0.8335637450218201
001,RF-DETRs,False,418.0,1,False,True,0.46889713406562805
001,RF-DETRs,False,419.0,0,True,True,0.8331483006477356
001,RF-DETRs,False,419.0,1,False,True,0.4635789394378662
001,RF-DETRs,False,420.0,0,True,True,0.8093051314353943
001,RF-DETRs,False,420.0,1,False,True,0.434139221906662
001,RF-DETRs,False,421.0,0,False,True,0.5588907599449158
001,RF-DETRs,False,421.0,1,False,True,0.4134899973869324
001,RF-DETRs,False,422.0,0,False,True,0.5804014205932617
001,RF-DETRs,False,423.0,0,False,True,0.5829259753227234
001,RF-DETRs,False,424.0,0,False,True,0.5049402117729187
001,RF-DETRs,False,425.0,0,False,True,0.514713704586029
001,RF-DETRs,False,426.0,0,False,True,0.5482698678970337
001,RF-DETRs,False,427.0,0,False,True,0.48012956976890564
001,RF-DETRs,False,427.0,1,False,True,0.42795005440711975
001,RF-DETRs,False,428.0,0,False,True,0.45077866315841675
001,RF-DETRs,False,428.0,1,False,True,0.4090602397918701
001,RF-DETRs,False,429.0,0,False,True,0.49853217601776123
001,RF-DETRs,False,430.0,0,False,True,0.5870829224586487
001,RF-DETRs,False,430.0,1,False,True,0.5019099712371826
001,RF-DETRs,False,431.0,0,False,True,0.5311196446418762
001,RF-DETRs,False,432.0,0,False,True,0.5219976902008057
001,RF-DETRs,False,433.0,0,False,True,0.5212917923927307
001,RF-DETRs,False,434.0,0,False,True,0.4729507863521576
001,RF-DETRs,False,435.0,0,False,True,0.46368223428726196
001,RF-DETRs,False,436.0,0,False,True,0.4904174506664276
001,RF-DETRs,False,437.0,0,True,True,0.6815909147262573
001,RF-DETRs,False,437.0,1,False,True,0.40659043192863464
001,RF-DETRs,False,438.0,0,True,True,0.7887460589408875
001,RF-DETRs,False,438.0,1,False,True,0.7288577556610107
001,RF-DETRs,False,439.0,0,True,True,0.8982263803482056
001,RF-DETRs,False,439.0,1,True,True,0.8216976523399353
001,RF-DETRs,False,439.0,2,False,True,0.466528058052063
001,RF-DETRs,False,440.0,0,True,True,0.8747642040252686
001,RF-DETRs,False,440.0,1,True,True,0.7554111480712891
001,RF-DETRs,False,440.0,2,False,True,0.4176386892795563
001,RF-DETRs,False,441.0,0,True,True,0.7968702912330627
001,RF-DETRs,False,441.0,1,False,True,0.45734429359436035
001,RF-DETRs,False,442.0,0,True,True,0.7328077554702759
001,RF-DETRs,False,443.0,0,True,True,0.7473879456520081
001,RF-DETRs,False,443.0,1,True,True,0.6708932518959045
001,RF-DETRs,False,444.0,0,True,True,0.9094262719154358
001,RF-DETRs,False,444.0,1,True,True,0.8212347030639648
001,RF-DETRs,False,445.0,0,True,True,0.8844575881958008
001,RF-DETRs,False,445.0,1,True,True,0.7725728750228882
001,RF-DETRs,False,446.0,0,True,True,0.8307632803916931
001,RF-DETRs,False,447.0,0,True,True,0.8152684569358826
001,RF-DETRs,False,447.0,1,True,True,0.8078641891479492
001,RF-DETRs,False,448.0,0,True,True,0.8184455633163452
001,RF-DETRs,False,448.0,1,True,True,0.8009217977523804
001,RF-DETRs,False,449.0,0,True,True,0.8345916867256165
001,RF-DETRs,False,449.0,1,True,True,0.7948034405708313
001,RF-DETRs,False,450.0,0,True,True,0.8493112325668335
001,RF-DETRs,False,451.0,0,True,True,0.846463680267334
001,RF-DETRs,False,452.0,0,True,True,0.8458948135375977
001,RF-DETRs,False,452.0,1,False,True,0.5990201234817505
001,RF-DETRs,False,453.0,0,True,True,0.8465404510498047
001,RF-DETRs,False,454.0,0,True,True,0.8528099656105042
001,RF-DETRs,False,455.0,0,True,True,0.8550919890403748
001,RF-DETRs,False,456.0,0,True,True,0.8554816842079163
001,RF-DETRs,False,457.0,0,True,True,0.8533100485801697
001,RF-DETRs,False,458.0,0,True,True,0.8571639060974121
001,RF-DETRs,False,459.0,0,True,True,0.8521223664283752
001,RF-DETRs,False,460.0,0,True,True,0.8513712882995605
001,RF-DETRs,False,461.0,0,True,True,0.8497230410575867
001,RF-DETRs,False,462.0,0,True,True,0.8567959666252136
001,RF-DETRs,False,463.0,0,True,True,0.8602976202964783
001,RF-DETRs,False,464.0,0,True,True,0.8577386140823364
001,RF-DETRs,False,464.0,1,False,True,0.43800270557403564
001,RF-DETRs,False,465.0,0,True,True,0.8539411425590515
001,RF-DETRs,False,465.0,1,False,True,0.422677606344223
001,RF-DETRs,False,466.0,0,True,True,0.8569948077201843
001,RF-DETRs,False,466.0,1,False,True,0.41736549139022827
001,RF-DETRs,False,466.0,2,False,True,0.4068702757358551
001,RF-DETRs,False,467.0,0,True,True,0.8604043126106262
001,RF-DETRs,False,468.0,0,True,True,0.8571974635124207
001,RF-DETRs,False,468.0,1,False,True,0.41388171911239624
001,RF-DETRs,False,468.0,2,False,True,0.408997505903244
001,RF-DETRs,False,469.0,0,True,True,0.8530269265174866
001,RF-DETRs,False,469.0,1,False,True,0.415750116109848
001,RF-DETRs,False,469.0,2,False,True,0.4058891534805298
001,RF-DETRs,False,470.0,0,True,True,0.8546299934387207
001,RF-DETRs,False,470.0,1,False,True,0.5066237449645996
001,RF-DETRs,False,471.0,0,True,True,0.8546594381332397
001,RF-DETRs,False,471.0,1,False,True,0.6179493069648743
001,RF-DETRs,False,472.0,0,True,True,0.8605223894119263
001,RF-DETRs,False,472.0,1,False,True,0.42360344529151917
001,RF-DETRs,False,473.0,0,True,True,0.8638850450515747
001,RF-DETRs,False,473.0,1,False,True,0.5137711763381958
001,RF-DETRs,False,474.0,0,True,True,0.8612983822822571
001,RF-DETRs,False,474.0,1,False,True,0.4596991240978241
001,RF-DETRs,False,475.0,0,True,True,0.8567235469818115
001,RF-DETRs,False,475.0,1,False,True,0.41055965423583984
001,RF-DETRs,False,476.0,0,True,True,0.8486829400062561
001,RF-DETRs,False,476.0,1,False,True,0.4029785692691803
001,RF-DETRs,False,477.0,0,True,True,0.8497018814086914
001,RF-DETRs,False,477.0,1,False,True,0.4439571499824524
001,RF-DETRs,False,478.0,0,True,True,0.8485873937606812
001,RF-DETRs,False,478.0,1,False,True,0.5102659463882446
001,RF-DETRs,False,479.0,0,True,True,0.8508070707321167
001,RF-DETRs,False,479.0,1,False,True,0.4160894453525543
001,RF-DETRs,False,480.0,0,True,True,0.8511413931846619
001,RF-DETRs,False,480.0,1,False,True,0.7793437242507935
001,RF-DETRs,False,480.0,2,False,True,0.45990854501724243
001,RF-DETRs,False,481.0,0,True,True,0.8503818511962891
001,RF-DETRs,False,481.0,1,False,True,0.6599696278572083
001,RF-DETRs,False,481.0,2,False,True,0.4631615877151489
001,RF-DETRs,False,482.0,0,True,True,0.851119875907898
001,RF-DETRs,False,482.0,1,False,True,0.6882535219192505
001,RF-DETRs,False,482.0,2,False,True,0.44711196422576904
001,RF-DETRs,False,483.0,0,True,True,0.8511063456535339
001,RF-DETRs,False,483.0,1,False,True,0.6793715357780457
001,RF-DETRs,False,483.0,2,False,True,0.4338228404521942
001,RF-DETRs,False,484.0,0,True,True,0.8501541018486023
001,RF-DETRs,False,484.0,1,False,True,0.5567541718482971
001,RF-DETRs,False,484.0,2,False,True,0.44137176871299744
001,RF-DETRs,False,485.0,0,True,True,0.8512639999389648
001,RF-DETRs,False,485.0,1,False,True,0.6014248728752136
001,RF-DETRs,False,485.0,2,False,True,0.4448195695877075
001,RF-DETRs,False,486.0,0,True,True,0.8514323830604553
001,RF-DETRs,False,486.0,1,False,True,0.5451536774635315
001,RF-DETRs,False,486.0,2,False,True,0.44705888628959656
001,RF-DETRs,False,487.0,0,True,True,0.8508836030960083
001,RF-DETRs,False,487.0,1,False,True,0.5125491619110107
001,RF-DETRs,False,487.0,2,False,True,0.4454527497291565
001,RF-DETRs,False,488.0,0,True,True,0.8503033518791199
001,RF-DETRs,False,488.0,1,False,True,0.490370512008667
001,RF-DETRs,False,488.0,2,False,True,0.4587039649486542
001,RF-DETRs,False,489.0,0,True,True,0.8500648140907288
001,RF-DETRs,False,489.0,1,False,True,0.4810139238834381
001,RF-DETRs,False,489.0,2,False,True,0.44477352499961853
001,RF-DETRs,False,490.0,0,True,True,0.846813976764679
001,RF-DETRs,False,490.0,1,False,True,0.48443570733070374
001,RF-DETRs,False,490.0,2,False,True,0.46300485730171204
001,RF-DETRs,False,491.0,0,True,True,0.8483794331550598
001,RF-DETRs,False,491.0,1,False,True,0.4874238073825836
001,RF-DETRs,False,491.0,2,False,True,0.4547722339630127
001,RF-DETRs,False,492.0,0,True,True,0.848987877368927
001,RF-DETRs,False,492.0,1,False,True,0.6376486420631409
001,RF-DETRs,False,492.0,2,False,True,0.4526020586490631
001,RF-DETRs,False,493.0,0,True,True,0.8466547727584839
001,RF-DETRs,False,493.0,1,False,True,0.7162935137748718
001,RF-DETRs,False,493.0,2,False,True,0.4349828362464905
001,RF-DETRs,False,494.0,0,True,True,0.847416341304779
001,RF-DETRs,False,494.0,1,False,True,0.6849991083145142
001,RF-DETRs,False,494.0,2,False,True,0.4323473870754242
001,RF-DETRs,False,495.0,0,True,True,0.8480299711227417
001,RF-DETRs,False,495.0,1,False,True,0.686625063419342
001,RF-DETRs,False,495.0,2,False,True,0.42214053869247437
001,RF-DETRs,False,496.0,0,True,True,0.8466700315475464
001,RF-DETRs,False,496.0,1,False,True,0.7387516498565674
001,RF-DETRs,False,496.0,2,False,True,0.42284196615219116
001,RF-DETRs,False,497.0,0,True,True,0.8449546098709106
001,RF-DETRs,False,497.0,1,False,True,0.6516512036323547
001,RF-DETRs,False,497.0,2,False,True,0.4263921082019806
001,RF-DETRs,False,498.0,0,True,True,0.8440046906471252
001,RF-DETRs,False,498.0,1,False,True,0.4705130159854889
001,RF-DETRs,False,498.0,2,False,True,0.4373758137226105
001,RF-DETRs,False,499.0,0,True,True,0.8426684737205505
001,RF-DETRs,False,499.0,1,False,True,0.5562715530395508
001,RF-DETRs,False,499.0,2,False,True,0.4406478703022003
001,RF-DETRs,False,500.0,0,True,True,0.8439908027648926
001,RF-DETRs,False,500.0,1,False,True,0.5611532330513
001,RF-DETRs,False,500.0,2,False,True,0.45329928398132324
001,RF-DETRs,False,501.0,0,True,True,0.8449564576148987
001,RF-DETRs,False,501.0,1,False,True,0.5827304124832153
001,RF-DETRs,False,501.0,2,False,True,0.4581816792488098
001,RF-DETRs,False,502.0,0,True,True,0.8453126549720764
001,RF-DETRs,False,502.0,1,False,True,0.5807663798332214
001,RF-DETRs,False,502.0,2,False,True,0.4484691023826599
001,RF-DETRs,False,503.0,0,True,True,0.8433729410171509
001,RF-DETRs,False,503.0,1,False,True,0.5928643345832825
001,RF-DETRs,False,503.0,2,False,True,0.4488639831542969
001,RF-DETRs,False,504.0,0,True,True,0.8479825258255005
001,RF-DETRs,False,504.0,1,False,True,0.48454511165618896
001,RF-DETRs,False,504.0,2,False,True,0.45543310046195984
001,RF-DETRs,False,505.0,0,True,True,0.8463858366012573
001,RF-DETRs,False,505.0,1,False,True,0.48021775484085083
001,RF-DETRs,False,506.0,0,True,True,0.8502733111381531
001,RF-DETRs,False,506.0,1,False,True,0.4946678578853607
001,RF-DETRs,False,507.0,0,True,True,0.8467649221420288
001,RF-DETRs,False,507.0,1,False,True,0.5044184923171997
001,RF-DETRs,False,508.0,0,True,True,0.8492788076400757
001,RF-DETRs,False,508.0,1,False,True,0.4758628010749817
001,RF-DETRs,False,509.0,0,True,True,0.8465617299079895
001,RF-DETRs,False,509.0,1,False,True,0.5036138892173767
001,RF-DETRs,False,510.0,0,True,True,0.8492501974105835
001,RF-DETRs,False,510.0,1,False,True,0.49043282866477966
001,RF-DETRs,False,511.0,0,True,True,0.8510749340057373
001,RF-DETRs,False,511.0,1,False,True,0.47618725895881653
001,RF-DETRs,False,512.0,0,True,True,0.8498014211654663
001,RF-DETRs,False,512.0,1,False,True,0.4746412932872772
001,RF-DETRs,False,513.0,0,True,True,0.84930419921875
001,RF-DETRs,False,513.0,1,False,True,0.4508928656578064
001,RF-DETRs,False,514.0,0,True,True,0.850817859172821
001,RF-DETRs,False,514.0,1,False,True,0.4616118371486664
001,RF-DETRs,False,515.0,0,True,True,0.8537967205047607
001,RF-DETRs,False,515.0,1,False,True,0.5140679478645325
001,RF-DETRs,False,515.0,2,False,True,0.4067118167877197
001,RF-DETRs,False,516.0,0,True,True,0.8546500205993652
001,RF-DETRs,False,516.0,1,False,True,0.5110930800437927
001,RF-DETRs,False,516.0,2,False,True,0.4212489426136017
001,RF-DETRs,False,517.0,0,True,True,0.8522258996963501
001,RF-DETRs,False,517.0,1,False,True,0.6106116771697998
001,RF-DETRs,False,517.0,2,False,True,0.4061903655529022
001,RF-DETRs,False,518.0,0,True,True,0.8526297211647034
001,RF-DETRs,False,518.0,1,False,True,0.6673827767372131
001,RF-DETRs,False,518.0,2,False,True,0.41474905610084534
001,RF-DETRs,False,519.0,0,True,True,0.8511521816253662
001,RF-DETRs,False,519.0,1,False,True,0.5958776473999023
001,RF-DETRs,False,519.0,2,False,True,0.40254658460617065
001,RF-DETRs,False,520.0,0,True,True,0.8525398969650269
001,RF-DETRs,False,520.0,1,False,True,0.6316798329353333
001,RF-DETRs,False,520.0,2,False,True,0.4081600606441498
001,RF-DETRs,False,521.0,0,True,True,0.8509384989738464
001,RF-DETRs,False,521.0,1,False,True,0.6185687184333801
001,RF-DETRs,False,521.0,2,False,True,0.4091181755065918
001,RF-DETRs,False,522.0,0,True,True,0.8493303060531616
001,RF-DETRs,False,522.0,1,False,True,0.7024091482162476
001,RF-DETRs,False,522.0,2,False,True,0.4261866509914398
001,RF-DETRs,False,523.0,0,True,True,0.8523021340370178
001,RF-DETRs,False,523.0,1,False,True,0.6424817442893982
001,RF-DETRs,False,523.0,2,False,True,0.4289074242115021
001,RF-DETRs,False,524.0,0,True,True,0.8569070100784302
001,RF-DETRs,False,524.0,1,False,True,0.5757558345794678
001,RF-DETRs,False,524.0,2,False,True,0.4178634583950043
001,RF-DETRs,False,525.0,0,True,True,0.8527039289474487
001,RF-DETRs,False,525.0,1,False,True,0.6386356949806213
001,RF-DETRs,False,525.0,2,False,True,0.42536449432373047
001,RF-DETRs,False,526.0,0,True,True,0.8508721590042114
001,RF-DETRs,False,526.0,1,False,True,0.6702408194541931
001,RF-DETRs,False,526.0,2,False,True,0.41962936520576477
001,RF-DETRs,False,527.0,0,True,True,0.847600519657135
001,RF-DETRs,False,527.0,1,False,True,0.5893584489822388
001,RF-DETRs,False,527.0,2,False,True,0.4451830983161926
001,RF-DETRs,False,528.0,0,True,True,0.8492975831031799
001,RF-DETRs,False,528.0,1,False,True,0.70274817943573
001,RF-DETRs,False,528.0,2,False,True,0.4304138422012329
001,RF-DETRs,False,529.0,0,True,True,0.8484364151954651
001,RF-DETRs,False,529.0,1,False,True,0.7081140279769897
001,RF-DETRs,False,529.0,2,False,True,0.4201362133026123
001,RF-DETRs,False,530.0,0,True,True,0.8527544140815735
001,RF-DETRs,False,530.0,1,False,True,0.6498599052429199
001,RF-DETRs,False,530.0,2,False,True,0.40703296661376953
001,RF-DETRs,False,531.0,0,True,True,0.850832462310791
001,RF-DETRs,False,531.0,1,False,True,0.718032717704773
001,RF-DETRs,False,531.0,2,False,True,0.43213745951652527
001,RF-DETRs,False,532.0,0,True,True,0.8535099029541016
001,RF-DETRs,False,532.0,1,False,True,0.628575325012207
001,RF-DETRs,False,532.0,2,False,True,0.41294023394584656
001,RF-DETRs,False,533.0,0,True,True,0.8549416661262512
001,RF-DETRs,False,533.0,1,False,True,0.6137533783912659
001,RF-DETRs,False,533.0,2,False,True,0.4162711799144745
001,RF-DETRs,False,534.0,0,True,True,0.8535748720169067
001,RF-DETRs,False,534.0,1,False,True,0.4609776437282562
001,RF-DETRs,False,534.0,2,False,True,0.45220986008644104
001,RF-DETRs,False,535.0,0,True,True,0.8543363213539124
001,RF-DETRs,False,535.0,1,False,True,0.47677889466285706
001,RF-DETRs,False,535.0,2,False,True,0.41054755449295044
001,RF-DETRs,False,536.0,0,True,True,0.8540892004966736
001,RF-DETRs,False,536.0,1,False,True,0.46202534437179565
001,RF-DETRs,False,536.0,2,False,True,0.41317546367645264
001,RF-DETRs,False,537.0,0,True,True,0.8549256324768066
001,RF-DETRs,False,537.0,1,False,True,0.4792225956916809
001,RF-DETRs,False,537.0,2,False,True,0.4695640802383423
001,RF-DETRs,False,538.0,0,True,True,0.8517496585845947
001,RF-DETRs,False,538.0,1,False,True,0.5797538757324219
001,RF-DETRs,False,538.0,2,False,True,0.4255549907684326
001,RF-DETRs,False,539.0,0,True,True,0.8532254695892334
001,RF-DETRs,False,539.0,1,False,True,0.6750255227088928
001,RF-DETRs,False,539.0,2,False,True,0.41487669944763184
001,RF-DETRs,False,540.0,0,True,True,0.8463183045387268
001,RF-DETRs,False,540.0,1,False,True,0.6827999353408813
001,RF-DETRs,False,540.0,2,False,True,0.4573397934436798
001,RF-DETRs,False,541.0,0,True,True,0.8457627296447754
001,RF-DETRs,False,541.0,1,False,True,0.681736409664154
001,RF-DETRs,False,541.0,2,False,True,0.45125919580459595
001,RF-DETRs,False,542.0,0,True,True,0.8427630662918091
001,RF-DETRs,False,542.0,1,False,True,0.6341210603713989
001,RF-DETRs,False,542.0,2,False,True,0.47653862833976746
001,RF-DETRs,False,543.0,0,True,True,0.8467720150947571
001,RF-DETRs,False,543.0,1,False,True,0.6161470413208008
001,RF-DETRs,False,543.0,2,False,True,0.451423317193985
001,RF-DETRs,False,544.0,0,True,True,0.8445873260498047
001,RF-DETRs,False,544.0,1,False,True,0.508960485458374
001,RF-DETRs,False,544.0,2,False,True,0.4682953953742981
001,RF-DETRs,False,545.0,0,True,True,0.8486297130584717
001,RF-DETRs,False,545.0,1,False,True,0.5258842706680298
001,RF-DETRs,False,545.0,2,False,True,0.48591652512550354
001,RF-DETRs,False,546.0,0,True,True,0.8479142189025879
001,RF-DETRs,False,546.0,1,False,True,0.5018006563186646
001,RF-DETRs,False,547.0,0,True,True,0.8472414612770081
001,RF-DETRs,False,547.0,1,False,True,0.4827931225299835
001,RF-DETRs,False,547.0,2,False,True,0.44462740421295166
001,RF-DETRs,False,548.0,0,True,True,0.8495329022407532
001,RF-DETRs,False,548.0,1,False,True,0.5939538478851318
001,RF-DETRs,False,548.0,2,False,True,0.49686840176582336
001,RF-DETRs,False,549.0,0,True,True,0.8488149642944336
001,RF-DETRs,False,549.0,1,False,True,0.684475302696228
001,RF-DETRs,False,549.0,2,False,True,0.4488910138607025
001,RF-DETRs,False,550.0,0,True,True,0.851344645023346
001,RF-DETRs,False,550.0,1,False,True,0.6903199553489685
001,RF-DETRs,False,550.0,2,False,True,0.4722306728363037
001,RF-DETRs,False,551.0,0,True,True,0.851401150226593
001,RF-DETRs,False,551.0,1,False,True,0.472250759601593
001,RF-DETRs,False,551.0,2,False,True,0.41312241554260254
001,RF-DETRs,False,552.0,0,True,True,0.8505544662475586
001,RF-DETRs,False,552.0,1,False,True,0.4786597192287445
001,RF-DETRs,False,552.0,2,False,True,0.40276598930358887
001,RF-DETRs,False,553.0,0,True,True,0.847837507724762
001,RF-DETRs,False,553.0,1,False,True,0.49316924810409546
001,RF-DETRs,False,553.0,2,False,True,0.4858062267303467
001,RF-DETRs,False,553.0,3,False,True,0.43207064270973206
001,RF-DETRs,False,554.0,0,True,True,0.8441236615180969
001,RF-DETRs,False,554.0,1,False,True,0.5247840285301208
001,RF-DETRs,False,554.0,2,False,True,0.44247594475746155
001,RF-DETRs,False,554.0,3,False,True,0.42443782091140747
001,RF-DETRs,False,555.0,0,True,True,0.8499172925949097
001,RF-DETRs,False,555.0,1,False,True,0.5390121340751648
001,RF-DETRs,False,555.0,2,False,True,0.5280610918998718
001,RF-DETRs,False,555.0,3,False,True,0.41752520203590393
001,RF-DETRs,False,556.0,0,True,True,0.8505166172981262
001,RF-DETRs,False,556.0,1,False,True,0.605962336063385
001,RF-DETRs,False,556.0,2,False,True,0.5468659996986389
001,RF-DETRs,False,557.0,0,True,True,0.8453341126441956
001,RF-DETRs,False,557.0,1,False,True,0.675446629524231
001,RF-DETRs,False,557.0,2,False,True,0.5563866496086121
001,RF-DETRs,False,557.0,3,False,True,0.40860697627067566
001,RF-DETRs,False,558.0,0,True,True,0.8418095707893372
001,RF-DETRs,False,558.0,1,False,True,0.6412774324417114
001,RF-DETRs,False,558.0,2,False,True,0.4627889394760132
001,RF-DETRs,False,559.0,0,True,True,0.839932382106781
001,RF-DETRs,False,559.0,1,False,True,0.5835029482841492
001,RF-DETRs,False,559.0,2,False,True,0.4593159258365631
001,RF-DETRs,False,559.0,3,False,True,0.4225063920021057
001,RF-DETRs,False,560.0,0,True,True,0.8410961627960205
001,RF-DETRs,False,560.0,1,False,True,0.5179440975189209
001,RF-DETRs,False,560.0,2,False,True,0.4447824954986572
001,RF-DETRs,False,560.0,3,False,True,0.4362000524997711
001,RF-DETRs,False,561.0,0,True,True,0.8467371463775635
001,RF-DETRs,False,561.0,1,False,True,0.6826042532920837
001,RF-DETRs,False,561.0,2,False,True,0.4134659469127655
001,RF-DETRs,False,562.0,0,True,True,0.8436022400856018
001,RF-DETRs,False,562.0,1,False,True,0.6722820401191711
001,RF-DETRs,False,562.0,2,False,True,0.44196560978889465
001,RF-DETRs,False,563.0,0,True,True,0.8458887934684753
001,RF-DETRs,False,563.0,1,False,True,0.6925085783004761
001,RF-DETRs,False,563.0,2,False,True,0.4294847548007965
001,RF-DETRs,False,564.0,0,True,True,0.848158597946167
001,RF-DETRs,False,564.0,1,False,True,0.6267802119255066
001,RF-DETRs,False,564.0,2,False,True,0.4274042844772339
001,RF-DETRs,False,565.0,0,True,True,0.8463939428329468
001,RF-DETRs,False,565.0,1,False,True,0.6376339793205261
001,RF-DETRs,False,565.0,2,False,True,0.43705886602401733
001,RF-DETRs,False,566.0,0,True,True,0.8451674580574036
001,RF-DETRs,False,566.0,1,False,True,0.5886515378952026
001,RF-DETRs,False,566.0,2,False,True,0.4666191637516022
001,RF-DETRs,False,567.0,0,True,True,0.841812014579773
001,RF-DETRs,False,567.0,1,False,True,0.5777550339698792
001,RF-DETRs,False,567.0,2,False,True,0.4713345468044281
001,RF-DETRs,False,568.0,0,True,True,0.8429751992225647
001,RF-DETRs,False,568.0,1,False,True,0.572385311126709
001,RF-DETRs,False,568.0,2,False,True,0.45639002323150635
001,RF-DETRs,False,569.0,0,True,True,0.845876157283783
001,RF-DETRs,False,569.0,1,False,True,0.6154853105545044
001,RF-DETRs,False,570.0,0,True,True,0.8462933897972107
001,RF-DETRs,False,570.0,1,False,True,0.6146122813224792
001,RF-DETRs,False,570.0,2,False,True,0.41382643580436707
001,RF-DETRs,False,571.0,0,True,True,0.8436228632926941
001,RF-DETRs,False,571.0,1,False,True,0.5345261693000793
001,RF-DETRs,False,571.0,2,False,True,0.4378819465637207
001,RF-DETRs,False,572.0,0,True,True,0.8469296097755432
001,RF-DETRs,False,572.0,1,False,True,0.5711216330528259
001,RF-DETRs,False,572.0,2,False,True,0.4403218924999237
001,RF-DETRs,False,573.0,0,True,True,0.8446823358535767
001,RF-DETRs,False,573.0,1,False,True,0.4608725905418396
001,RF-DETRs,False,573.0,2,False,True,0.4534665048122406
001,RF-DETRs,False,574.0,0,True,True,0.8429868817329407
001,RF-DETRs,False,574.0,1,False,True,0.45396551489830017
001,RF-DETRs,False,574.0,2,False,True,0.4514775276184082
001,RF-DETRs,False,575.0,0,True,True,0.8405959606170654
001,RF-DETRs,False,575.0,1,False,True,0.5020139217376709
001,RF-DETRs,False,575.0,2,False,True,0.46605953574180603
001,RF-DETRs,False,576.0,0,True,True,0.8412882685661316
001,RF-DETRs,False,576.0,1,False,True,0.6281037330627441
001,RF-DETRs,False,576.0,2,False,True,0.42842918634414673
001,RF-DETRs,False,576.0,3,False,True,0.41503217816352844
001,RF-DETRs,False,577.0,0,True,True,0.8478732705116272
001,RF-DETRs,False,577.0,1,False,True,0.6300813555717468
001,RF-DETRs,False,577.0,2,False,True,0.43063247203826904
001,RF-DETRs,False,578.0,0,True,True,0.8453288078308105
001,RF-DETRs,False,578.0,1,False,True,0.7154000997543335
001,RF-DETRs,False,578.0,2,False,True,0.43845057487487793
001,RF-DETRs,False,579.0,0,True,True,0.8425121903419495
001,RF-DETRs,False,579.0,1,False,True,0.7392534017562866
001,RF-DETRs,False,579.0,2,False,True,0.4391420781612396
001,RF-DETRs,False,580.0,0,True,True,0.8423522710800171
001,RF-DETRs,False,580.0,1,False,True,0.6587138772010803
001,RF-DETRs,False,580.0,2,False,True,0.44801443815231323
001,RF-DETRs,False,581.0,0,True,True,0.8399174213409424
001,RF-DETRs,False,581.0,1,False,True,0.5601320266723633
001,RF-DETRs,False,581.0,2,False,True,0.4808589816093445
001,RF-DETRs,False,582.0,0,True,True,0.8470736742019653
001,RF-DETRs,False,582.0,1,False,True,0.6055516600608826
001,RF-DETRs,False,582.0,2,False,True,0.4467109739780426
001,RF-DETRs,False,583.0,0,True,True,0.8441530466079712
001,RF-DETRs,False,583.0,1,False,True,0.545533299446106
001,RF-DETRs,False,583.0,2,False,True,0.4711708426475525
001,RF-DETRs,False,584.0,0,True,True,0.8433489203453064
001,RF-DETRs,False,584.0,1,False,True,0.5861149430274963
001,RF-DETRs,False,584.0,2,False,True,0.4449024498462677
001,RF-DETRs,False,585.0,0,True,True,0.843970000743866
001,RF-DETRs,False,585.0,1,False,True,0.5480204224586487
001,RF-DETRs,False,585.0,2,False,True,0.4345133900642395
001,RF-DETRs,False,586.0,0,True,True,0.8431115746498108
001,RF-DETRs,False,586.0,1,False,True,0.4585340917110443
001,RF-DETRs,False,586.0,2,False,True,0.44050928950309753
001,RF-DETRs,False,587.0,0,True,True,0.8435532450675964
001,RF-DETRs,False,587.0,1,False,True,0.49834609031677246
001,RF-DETRs,False,587.0,2,False,True,0.4771144688129425
001,RF-DETRs,False,588.0,0,True,True,0.8433641195297241
001,RF-DETRs,False,588.0,1,False,True,0.6056899428367615
001,RF-DETRs,False,588.0,2,False,True,0.45260941982269287
001,RF-DETRs,False,589.0,0,True,True,0.8436516523361206
001,RF-DETRs,False,589.0,1,False,True,0.6126347780227661
001,RF-DETRs,False,589.0,2,False,True,0.4533267319202423
001,RF-DETRs,False,590.0,0,True,True,0.8454113602638245
001,RF-DETRs,False,590.0,1,False,True,0.5861263871192932
001,RF-DETRs,False,590.0,2,False,True,0.4475732445716858
001,RF-DETRs,False,591.0,0,True,True,0.8438386917114258
001,RF-DETRs,False,591.0,1,False,True,0.5743483304977417
001,RF-DETRs,False,591.0,2,False,True,0.45070135593414307
001,RF-DETRs,False,592.0,0,True,True,0.8469564914703369
001,RF-DETRs,False,592.0,1,False,True,0.5811108946800232
001,RF-DETRs,False,592.0,2,False,True,0.44131699204444885
001,RF-DETRs,False,593.0,0,True,True,0.8435590863227844
001,RF-DETRs,False,593.0,1,False,True,0.5546161532402039
001,RF-DETRs,False,593.0,2,False,True,0.4419264495372772
001,RF-DETRs,False,594.0,0,True,True,0.8451438546180725
001,RF-DETRs,False,594.0,1,False,True,0.5651136040687561
001,RF-DETRs,False,594.0,2,False,True,0.4400128424167633
001,RF-DETRs,False,595.0,0,True,True,0.8454821705818176
001,RF-DETRs,False,595.0,1,False,True,0.5752298831939697
001,RF-DETRs,False,595.0,2,False,True,0.4397841989994049
002,RF-DETRs,False,160.0,0,True,True,0.5152304768562317
002,RF-DETRs,False,162.0,0,True,True,0.5886637568473816
002,RF-DETRs,False,163.0,0,True,True,0.6507573127746582
002,RF-DETRs,False,164.0,0,True,True,0.7797834873199463
002,RF-DETRs,False,165.0,0,True,True,0.7998682856559753
002,RF-DETRs,False,166.0,0,True,True,0.8309042453765869
002,RF-DETRs,False,167.0,0,True,True,0.842665433883667
002,RF-DETRs,False,168.0,0,True,True,0.8372318744659424
002,RF-DETRs,False,169.0,0,True,True,0.6969115734100342
002,RF-DETRs,False,170.0,0,True,True,0.8044058680534363
002,RF-DETRs,False,171.0,0,True,True,0.7775572538375854
002,RF-DETRs,False,172.0,0,True,True,0.6610420942306519
002,RF-DETRs,False,173.0,0,True,True,0.7504794597625732
002,RF-DETRs,False,173.0,1,True,True,0.7236739993095398
002,RF-DETRs,False,174.0,0,True,True,0.7873899340629578
002,RF-DETRs,False,175.0,0,True,True,0.7503979206085205
002,RF-DETRs,False,179.0,0,True,True,0.692955493927002
002,RF-DETRs,False,185.0,0,True,True,0.4142725169658661
002,RF-DETRs,False,196.0,0,True,True,0.5225989818572998
002,RF-DETRs,False,209.0,0,True,True,0.6430866718292236
002,RF-DETRs,False,210.0,0,True,True,0.41429853439331055
002,RF-DETRs,False,230.0,0,True,True,0.6082658767700195
002,RF-DETRs,False,262.0,0,True,True,0.6325029730796814
002,RF-DETRs,False,278.0,0,True,True,0.5180115103721619
002,RF-DETRs,False,279.0,0,True,True,0.43749478459358215
002,RF-DETRs,False,282.0,0,True,True,0.4964750409126282
002,RF-DETRs,False,283.0,0,True,True,0.444868803024292
002,RF-DETRs,False,284.0,0,True,True,0.5166142582893372
002,RF-DETRs,False,285.0,0,True,True,0.6264601349830627
002,RF-DETRs,False,286.0,0,True,True,0.5709958672523499
002,RF-DETRs,False,287.0,0,True,True,0.5493394136428833
002,RF-DETRs,False,288.0,0,True,True,0.7779937386512756
002,RF-DETRs,False,289.0,0,True,True,0.8125096559524536
002,RF-DETRs,False,290.0,0,True,True,0.8202086091041565
002,RF-DETRs,False,291.0,0,True,True,0.8258796334266663
002,RF-DETRs,False,292.0,0,True,True,0.8269916772842407
002,RF-DETRs,False,293.0,0,True,True,0.8232858180999756
002,RF-DETRs,False,294.0,0,True,True,0.8294826149940491
002,RF-DETRs,False,295.0,0,True,True,0.830001950263977
002,RF-DETRs,False,296.0,0,True,True,0.8296568393707275
002,RF-DETRs,False,297.0,0,True,True,0.833094596862793
002,RF-DETRs,False,298.0,0,True,True,0.8304339647293091
002,RF-DETRs,False,299.0,0,True,True,0.8272610902786255
002,RF-DETRs,False,300.0,0,True,True,0.8218016028404236
002,RF-DETRs,False,301.0,0,True,True,0.8223503828048706
002,RF-DETRs,False,302.0,0,True,True,0.8273935914039612
002,RF-DETRs,False,303.0,0,True,True,0.8194855451583862
002,RF-DETRs,False,304.0,0,True,True,0.8223901987075806
002,RF-DETRs,False,305.0,0,True,True,0.8240247368812561
002,RF-DETRs,False,306.0,0,True,True,0.8296984434127808
002,RF-DETRs,False,307.0,0,True,True,0.823061466217041
002,RF-DETRs,False,308.0,0,True,True,0.8302775025367737
002,RF-DETRs,False,309.0,0,True,True,0.8305627107620239
002,RF-DETRs,False,310.0,0,True,True,0.831593930721283
002,RF-DETRs,False,311.0,0,True,True,0.8295531868934631
002,RF-DETRs,False,312.0,0,True,True,0.8336840271949768
002,RF-DETRs,False,313.0,0,True,True,0.8313609957695007
002,RF-DETRs,False,314.0,0,True,True,0.8342118263244629
002,RF-DETRs,False,315.0,0,True,True,0.8303782939910889
002,RF-DETRs,False,316.0,0,True,True,0.8305066227912903
002,RF-DETRs,False,317.0,0,True,True,0.8268842101097107
002,RF-DETRs,False,318.0,0,True,True,0.8307655453681946
002,RF-DETRs,False,319.0,0,True,True,0.8221285343170166
002,RF-DETRs,False,320.0,0,True,True,0.8206274509429932
002,RF-DETRs,False,321.0,0,True,True,0.8238057494163513
002,RF-DETRs,False,322.0,0,True,True,0.8265411853790283
002,RF-DETRs,False,323.0,0,True,True,0.818702757358551
002,RF-DETRs,False,324.0,0,True,True,0.8182839751243591
002,RF-DETRs,False,325.0,0,True,True,0.8201963901519775
002,RF-DETRs,False,325.0,1,True,True,0.522983193397522
002,RF-DETRs,False,326.0,0,True,True,0.8274073600769043
002,RF-DETRs,False,327.0,0,True,True,0.8269543647766113
002,RF-DETRs,False,328.0,0,True,True,0.825024425983429
002,RF-DETRs,False,329.0,0,True,True,0.8291337490081787
002,RF-DETRs,False,330.0,0,True,True,0.8304691314697266
002,RF-DETRs,False,331.0,0,True,True,0.8330234885215759
002,RF-DETRs,False,332.0,0,True,True,0.8325335383415222
002,RF-DETRs,False,333.0,0,True,True,0.8288161158561707
002,RF-DETRs,False,334.0,0,True,True,0.825477659702301
002,RF-DETRs,False,335.0,0,True,True,0.8266323208808899
002,RF-DETRs,False,336.0,0,True,True,0.8267966508865356
002,RF-DETRs,False,337.0,0,True,True,0.8287623524665833
002,RF-DETRs,False,338.0,0,True,True,0.8236519694328308
002,RF-DETRs,False,339.0,0,True,True,0.8271021246910095
002,RF-DETRs,False,340.0,0,True,True,0.8298455476760864
002,RF-DETRs,False,341.0,0,True,True,0.8302760124206543
002,RF-DETRs,False,342.0,0,True,True,0.8277184963226318
002,RF-DETRs,False,343.0,0,True,True,0.8255727887153625
002,RF-DETRs,False,344.0,0,True,True,0.8279552459716797
002,RF-DETRs,False,345.0,0,True,True,0.8287354111671448
002,RF-DETRs,False,346.0,0,True,True,0.8328383564949036
002,RF-DETRs,False,347.0,0,True,True,0.8299450278282166
002,RF-DETRs,False,348.0,0,True,True,0.8285424709320068
002,RF-DETRs,False,349.0,0,True,True,0.8299933075904846
002,RF-DETRs,False,350.0,0,True,True,0.8277080059051514
002,RF-DETRs,False,351.0,0,True,True,0.8259094953536987
002,RF-DETRs,False,352.0,0,True,True,0.8254532217979431
002,RF-DETRs,False,353.0,0,True,True,0.8239331841468811
002,RF-DETRs,False,354.0,0,True,True,0.8231463432312012
002,RF-DETRs,False,355.0,0,True,True,0.8246222734451294
002,RF-DETRs,False,356.0,0,True,True,0.8238311409950256
002,RF-DETRs,False,357.0,0,True,True,0.8261091709136963
002,RF-DETRs,False,358.0,0,True,True,0.8292504549026489
002,RF-DETRs,False,359.0,0,True,True,0.8234739303588867
002,RF-DETRs,False,360.0,0,True,True,0.8283708095550537
002,RF-DETRs,False,361.0,0,True,True,0.8288822174072266
002,RF-DETRs,False,362.0,0,True,True,0.826283872127533
002,RF-DETRs,False,363.0,0,True,True,0.8321632146835327
002,RF-DETRs,False,364.0,0,True,True,0.8315629959106445
002,RF-DETRs,False,365.0,0,True,True,0.8318420648574829
002,RF-DETRs,False,366.0,0,True,True,0.8278961181640625
002,RF-DETRs,False,367.0,0,True,True,0.8287955522537231
002,RF-DETRs,False,368.0,0,True,True,0.8266593813896179
002,RF-DETRs,False,369.0,0,True,True,0.8289198875427246
002,RF-DETRs,False,370.0,0,True,True,0.8317385315895081
002,RF-DETRs,False,371.0,0,True,True,0.8275681138038635
002,RF-DETRs,False,372.0,0,True,True,0.8302906155586243
002,RF-DETRs,False,373.0,0,True,True,0.83042311668396
002,RF-DETRs,False,374.0,0,True,True,0.833016037940979
002,RF-DETRs,False,375.0,0,True,True,0.8347012400627136
002,RF-DETRs,False,376.0,0,True,True,0.8304261565208435
002,RF-DETRs,False,377.0,0,True,True,0.8250024318695068
002,RF-DETRs,False,377.0,1,True,True,0.7604039311408997
002,RF-DETRs,False,378.0,0,True,True,0.8280240297317505
002,RF-DETRs,False,378.0,1,True,True,0.45301514863967896
002,RF-DETRs,False,379.0,0,True,True,0.8287091851234436
002,RF-DETRs,False,380.0,0,True,True,0.8296391367912292
002,RF-DETRs,False,381.0,0,True,True,0.8289884328842163
002,RF-DETRs,False,382.0,0,True,True,0.8295764923095703
002,RF-DETRs,False,383.0,0,True,True,0.8307983875274658
002,RF-DETRs,False,384.0,0,True,True,0.8303711414337158
002,RF-DETRs,False,385.0,0,True,True,0.8298569321632385
002,RF-DETRs,False,386.0,0,True,True,0.8306828737258911
002,RF-DETRs,False,387.0,0,True,True,0.829930305480957
002,RF-DETRs,False,388.0,0,True,True,0.8303157687187195
002,RF-DETRs,False,389.0,0,True,True,0.8298760056495667
002,RF-DETRs,False,390.0,0,True,True,0.8302276730537415
002,RF-DETRs,False,391.0,0,True,True,0.8301081657409668
002,RF-DETRs,False,392.0,0,True,True,0.8300209045410156
002,RF-DETRs,False,393.0,0,True,True,0.8305481672286987
002,RF-DETRs,False,394.0,0,True,True,0.8311917185783386
002,RF-DETRs,False,395.0,0,True,True,0.8311077356338501
002,RF-DETRs,False,396.0,0,True,True,0.8328574895858765
002,RF-DETRs,False,397.0,0,True,True,0.8320181965827942
002,RF-DETRs,False,398.0,0,True,True,0.8321535587310791
002,RF-DETRs,False,399.0,0,True,True,0.8313976526260376
002,RF-DETRs,False,400.0,0,True,True,0.8337671756744385
002,RF-DETRs,False,401.0,0,True,True,0.8323042392730713
002,RF-DETRs,False,402.0,0,True,True,0.8337988257408142
002,RF-DETRs,False,403.0,0,True,True,0.8312024474143982
002,RF-DETRs,False,404.0,0,True,True,0.8302388787269592
002,RF-DETRs,False,405.0,0,True,True,0.829334020614624
002,RF-DETRs,False,406.0,0,True,True,0.8325298428535461
002,RF-DETRs,False,407.0,0,True,True,0.8335058689117432
002,RF-DETRs,False,408.0,0,True,True,0.8322435617446899
002,RF-DETRs,False,409.0,0,True,True,0.8329688906669617
002,RF-DETRs,False,410.0,0,True,True,0.8321778178215027
002,RF-DETRs,False,411.0,0,True,True,0.8299532532691956
002,RF-DETRs,False,412.0,0,True,True,0.8298690915107727
002,RF-DETRs,False,413.0,0,True,True,0.8316294550895691
002,RF-DETRs,False,414.0,0,True,True,0.8316361308097839
002,RF-DETRs,False,415.0,0,True,True,0.8325746059417725
002,RF-DETRs,False,416.0,0,True,True,0.8324770927429199
002,RF-DETRs,False,417.0,0,True,True,0.8313204050064087
002,RF-DETRs,False,418.0,0,True,True,0.8324288129806519
002,RF-DETRs,False,419.0,0,True,True,0.8340811729431152
002,RF-DETRs,False,420.0,0,True,True,0.8329973220825195
002,RF-DETRs,False,421.0,0,True,True,0.8334543704986572
002,RF-DETRs,False,422.0,0,True,True,0.8343769311904907
002,RF-DETRs,False,423.0,0,True,True,0.8332164287567139
002,RF-DETRs,False,424.0,0,True,True,0.8327083587646484
002,RF-DETRs,False,425.0,0,True,True,0.8308610320091248
002,RF-DETRs,False,426.0,0,True,True,0.8317903876304626
002,RF-DETRs,False,427.0,0,True,True,0.832789957523346
002,RF-DETRs,False,428.0,0,True,True,0.8335118889808655
002,RF-DETRs,False,429.0,0,True,True,0.8350204825401306
002,RF-DETRs,False,430.0,0,True,True,0.8339681625366211
002,RF-DETRs,False,431.0,0,True,True,0.8333559632301331
002,RF-DETRs,False,432.0,0,True,True,0.8344686031341553
002,RF-DETRs,False,433.0,0,True,True,0.8331088423728943
002,RF-DETRs,False,434.0,0,True,True,0.8316407203674316
002,RF-DETRs,False,435.0,0,True,True,0.8312119841575623
002,RF-DETRs,False,436.0,0,True,True,0.8323925137519836
002,RF-DETRs,False,437.0,0,True,True,0.8324636220932007
002,RF-DETRs,False,438.0,0,True,True,0.8317718505859375
002,RF-DETRs,False,439.0,0,True,True,0.8312076926231384
002,RF-DETRs,False,440.0,0,True,True,0.8314439058303833
002,RF-DETRs,False,441.0,0,True,True,0.8318865895271301
002,RF-DETRs,False,442.0,0,True,True,0.833305835723877
002,RF-DETRs,False,443.0,0,True,True,0.8336043357849121
002,RF-DETRs,False,444.0,0,True,True,0.8330147862434387
002,RF-DETRs,False,445.0,0,True,True,0.8331378102302551
002,RF-DETRs,False,446.0,0,True,True,0.8329811096191406
002,RF-DETRs,False,447.0,0,True,True,0.8327064514160156
002,RF-DETRs,False,448.0,0,True,True,0.8318695425987244
002,RF-DETRs,False,449.0,0,True,True,0.8319728374481201
002,RF-DETRs,False,450.0,0,True,True,0.8319544792175293
002,RF-DETRs,False,451.0,0,True,True,0.831878125667572
002,RF-DETRs,False,452.0,0,True,True,0.8317477703094482
002,RF-DETRs,False,453.0,0,True,True,0.8320617079734802
002,RF-DETRs,False,454.0,0,True,True,0.8322556018829346
002,RF-DETRs,False,455.0,0,True,True,0.8311796188354492
002,RF-DETRs,False,456.0,0,True,True,0.831508994102478
002,RF-DETRs,False,457.0,0,True,True,0.8328193426132202
002,RF-DETRs,False,458.0,0,True,True,0.8329068422317505
002,RF-DETRs,False,459.0,0,True,True,0.8330100774765015
002,RF-DETRs,False,460.0,0,True,True,0.8317323327064514
002,RF-DETRs,False,461.0,0,True,True,0.8331178426742554
002,RF-DETRs,False,462.0,0,True,True,0.8325942158699036
002,RF-DETRs,False,463.0,0,True,True,0.8329675793647766
002,RF-DETRs,False,464.0,0,True,True,0.8333932161331177
002,RF-DETRs,False,465.0,0,True,True,0.8321430087089539
002,RF-DETRs,False,466.0,0,True,True,0.8307279944419861
002,RF-DETRs,False,467.0,0,True,True,0.8307159543037415
002,RF-DETRs,False,468.0,0,True,True,0.8315925002098083
002,RF-DETRs,False,469.0,0,True,True,0.8319106698036194
002,RF-DETRs,False,470.0,0,True,True,0.8322528004646301
002,RF-DETRs,False,471.0,0,True,True,0.8315935730934143
002,RF-DETRs,False,472.0,0,True,True,0.8335615992546082
002,RF-DETRs,False,473.0,0,True,True,0.834014356136322
002,RF-DETRs,False,474.0,0,True,True,0.8321876525878906
002,RF-DETRs,False,475.0,0,True,True,0.8309159874916077
002,RF-DETRs,False,476.0,0,True,True,0.8297496438026428
002,RF-DETRs,False,477.0,0,True,True,0.8300783038139343
002,RF-DETRs,False,478.0,0,True,True,0.8291462659835815
002,RF-DETRs,False,479.0,0,True,True,0.830496609210968
002,RF-DETRs,False,480.0,0,True,True,0.8312956094741821
002,RF-DETRs,False,481.0,0,True,True,0.8319624066352844
002,RF-DETRs,False,482.0,0,True,True,0.8313359022140503
002,RF-DETRs,False,483.0,0,True,True,0.8315621614456177
002,RF-DETRs,False,484.0,0,True,True,0.8296999335289001
002,RF-DETRs,False,485.0,0,True,True,0.829810619354248
002,RF-DETRs,False,486.0,0,True,True,0.8297668695449829
002,RF-DETRs,False,487.0,0,True,True,0.8303539752960205
002,RF-DETRs,False,488.0,0,True,True,0.8303420543670654
002,RF-DETRs,False,489.0,0,True,True,0.8320849537849426
002,RF-DETRs,False,490.0,0,True,True,0.8311409950256348
002,RF-DETRs,False,491.0,0,True,True,0.8306193947792053
002,RF-DETRs,False,492.0,0,True,True,0.8302430510520935
002,RF-DETRs,False,493.0,0,True,True,0.8308232426643372
002,RF-DETRs,False,494.0,0,True,True,0.8329600095748901
002,RF-DETRs,False,495.0,0,True,True,0.8322672247886658
002,RF-DETRs,False,496.0,0,True,True,0.8325257897377014
002,RF-DETRs,False,497.0,0,True,True,0.835283637046814
002,RF-DETRs,False,498.0,0,True,True,0.8328984379768372
002,RF-DETRs,False,499.0,0,True,True,0.8327838778495789
002,RF-DETRs,False,500.0,0,True,True,0.833491861820221
002,RF-DETRs,False,501.0,0,True,True,0.8333067297935486
002,RF-DETRs,False,502.0,0,True,True,0.8334282040596008
002,RF-DETRs,False,503.0,0,True,True,0.8330033421516418
002,RF-DETRs,False,504.0,0,True,True,0.833746075630188
002,RF-DETRs,False,505.0,0,True,True,0.8343077898025513
002,RF-DETRs,False,506.0,0,True,True,0.833419680595398
002,RF-DETRs,False,507.0,0,True,True,0.8333233594894409
002,RF-DETRs,False,508.0,0,True,True,0.8340680003166199
002,RF-DETRs,False,509.0,0,True,True,0.833291232585907
002,RF-DETRs,False,510.0,0,True,True,0.8329262137413025
002,RF-DETRs,False,511.0,0,True,True,0.8319180011749268
002,RF-DETRs,False,512.0,0,True,True,0.8319692611694336
002,RF-DETRs,False,513.0,0,True,True,0.8327003717422485
002,RF-DETRs,False,514.0,0,True,True,0.8322502970695496
002,RF-DETRs,False,515.0,0,True,True,0.8318249583244324
002,RF-DETRs,False,516.0,0,True,True,0.8306772708892822
002,RF-DETRs,False,517.0,0,True,True,0.8291350603103638
002,RF-DETRs,False,518.0,0,True,True,0.8278164267539978
002,RF-DETRs,False,519.0,0,True,True,0.8292825222015381
002,RF-DETRs,False,520.0,0,True,True,0.8293705582618713
002,RF-DETRs,False,521.0,0,True,True,0.8284909725189209
002,RF-DETRs,False,522.0,0,True,True,0.8339173197746277
002,RF-DETRs,False,523.0,0,True,True,0.8301352262496948
002,RF-DETRs,False,524.0,0,True,True,0.8341420292854309
002,RF-DETRs,False,525.0,0,True,True,0.8330726027488708
002,RF-DETRs,False,526.0,0,True,True,0.8316982984542847
002,RF-DETRs,False,527.0,0,True,True,0.8340103030204773
002,RF-DETRs,False,528.0,0,True,True,0.8336586952209473
002,RF-DETRs,False,529.0,0,True,True,0.8322793841362
002,RF-DETRs,False,530.0,0,True,True,0.8323760032653809
002,RF-DETRs,False,531.0,0,True,True,0.8326665163040161
002,RF-DETRs,False,532.0,0,True,True,0.8321007490158081
002,RF-DETRs,False,533.0,0,True,True,0.8325760364532471
002,RF-DETRs,False,534.0,0,True,True,0.8298810124397278
002,RF-DETRs,False,535.0,0,True,True,0.829459547996521
002,RF-DETRs,False,536.0,0,True,True,0.8292979001998901
002,RF-DETRs,False,537.0,0,True,True,0.8259841203689575
002,RF-DETRs,False,538.0,0,True,True,0.8250941634178162
002,RF-DETRs,False,539.0,0,True,True,0.827795684337616
002,RF-DETRs,False,540.0,0,True,True,0.8278945088386536
002,RF-DETRs,False,541.0,0,True,True,0.8267568349838257
002,RF-DETRs,False,542.0,0,True,True,0.8294925093650818
002,RF-DETRs,False,543.0,0,True,True,0.8285982012748718
002,RF-DETRs,False,544.0,0,True,True,0.8308312296867371
002,RF-DETRs,False,545.0,0,True,True,0.8291444778442383
002,RF-DETRs,False,546.0,0,True,True,0.8273510932922363
002,RF-DETRs,False,547.0,0,True,True,0.8309784531593323
002,RF-DETRs,False,548.0,0,True,True,0.8292649388313293
002,RF-DETRs,False,549.0,0,True,True,0.8293865323066711
002,RF-DETRs,False,550.0,0,True,True,0.8301346898078918
002,RF-DETRs,False,551.0,0,True,True,0.8322876691818237
002,RF-DETRs,False,552.0,0,True,True,0.8296493887901306
002,RF-DETRs,False,553.0,0,True,True,0.8284146785736084
002,RF-DETRs,False,554.0,0,True,True,0.8272619247436523
002,RF-DETRs,False,555.0,0,True,True,0.8279048800468445
002,RF-DETRs,False,556.0,0,True,True,0.8316208124160767
002,RF-DETRs,False,557.0,0,True,True,0.831100583076477
002,RF-DETRs,False,558.0,0,True,True,0.8319224715232849
002,RF-DETRs,False,559.0,0,True,True,0.8310673832893372
002,RF-DETRs,False,560.0,0,True,True,0.8295114636421204
002,RF-DETRs,False,561.0,0,True,True,0.8287212252616882
002,RF-DETRs,False,562.0,0,True,True,0.8298123478889465
002,RF-DETRs,False,563.0,0,True,True,0.8295373916625977
002,RF-DETRs,False,564.0,0,True,True,0.8324151039123535
002,RF-DETRs,False,565.0,0,True,True,0.8301718235015869
002,RF-DETRs,False,566.0,0,True,True,0.8301634192466736
002,RF-DETRs,False,567.0,0,True,True,0.8310766816139221
002,RF-DETRs,False,568.0,0,True,True,0.8287238478660583
002,RF-DETRs,False,569.0,0,True,True,0.8289207816123962
002,RF-DETRs,False,570.0,0,True,True,0.8290894627571106
002,RF-DETRs,False,571.0,0,True,True,0.8267220258712769
002,RF-DETRs,False,572.0,0,True,True,0.8260001540184021
002,RF-DETRs,False,573.0,0,True,True,0.8271896243095398
002,RF-DETRs,False,574.0,0,True,True,0.828527569770813
002,RF-DETRs,False,575.0,0,True,True,0.8280654549598694
002,RF-DETRs,False,576.0,0,True,True,0.8252063393592834
002,RF-DETRs,False,577.0,0,True,True,0.8269045948982239
002,RF-DETRs,False,578.0,0,True,True,0.8275671601295471
002,RF-DETRs,False,579.0,0,True,True,0.8296263813972473
002,RF-DETRs,False,580.0,0,True,True,0.8328754305839539
002,RF-DETRs,False,581.0,0,True,True,0.8338364362716675
002,RF-DETRs,False,582.0,0,True,True,0.8328917026519775
002,RF-DETRs,False,583.0,0,True,True,0.8330478072166443
002,RF-DETRs,False,584.0,0,True,True,0.8333073258399963
002,RF-DETRs,False,585.0,0,True,True,0.8307743668556213
002,RF-DETRs,False,586.0,0,True,True,0.8327140212059021
002,RF-DETRs,False,587.0,0,True,True,0.8325952887535095
002,RF-DETRs,False,588.0,0,True,True,0.8338589072227478
002,RF-DETRs,False,589.0,0,True,True,0.8337368369102478
002,RF-DETRs,False,590.0,0,True,True,0.8335628509521484
002,RF-DETRs,False,591.0,0,True,True,0.8346714377403259
002,RF-DETRs,False,592.0,0,True,True,0.834633469581604
002,RF-DETRs,False,593.0,0,True,True,0.8341194987297058
002,RF-DETRs,False,594.0,0,True,True,0.8334075808525085
002,RF-DETRs,False,595.0,0,True,True,0.8331591486930847
002,RF-DETRs,False,596.0,0,True,True,0.8320846557617188
002,RF-DETRs,False,597.0,0,True,True,0.8324298858642578
002,RF-DETRs,False,598.0,0,True,True,0.8338710069656372
002,RF-DETRs,False,599.0,0,True,True,0.833246111869812
002,RF-DETRs,False,600.0,0,True,True,0.8323466181755066
002,RF-DETRs,False,601.0,0,True,True,0.8319639563560486
002,RF-DETRs,False,602.0,0,True,True,0.8307170271873474
002,RF-DETRs,False,603.0,0,True,True,0.8332574963569641
002,RF-DETRs,False,604.0,0,True,True,0.8328145742416382
002,RF-DETRs,False,605.0,0,True,True,0.8349891901016235
002,RF-DETRs,False,606.0,0,True,True,0.8350597023963928
002,RF-DETRs,False,607.0,0,True,True,0.8340620398521423
002,RF-DETRs,False,608.0,0,True,True,0.8329480886459351
002,RF-DETRs,False,609.0,0,True,True,0.8359959125518799
002,RF-DETRs,False,610.0,0,True,True,0.8334154486656189
002,RF-DETRs,False,611.0,0,True,True,0.8323779106140137
002,RF-DETRs,False,612.0,0,True,True,0.8341087102890015
002,RF-DETRs,False,613.0,0,True,True,0.8336510062217712
002,RF-DETRs,False,614.0,0,True,True,0.8334548473358154
002,RF-DETRs,False,615.0,0,True,True,0.833829402923584
002,RF-DETRs,False,616.0,0,True,True,0.8345470428466797
002,RF-DETRs,False,617.0,0,True,True,0.8338083624839783
002,RF-DETRs,False,618.0,0,True,True,0.8322131633758545
002,RF-DETRs,False,619.0,0,True,True,0.8312968015670776
002,RF-DETRs,False,620.0,0,True,True,0.8307475447654724
003,RF-DETRs,False,0.0,0,False,True,0.4141991436481476
003,RF-DETRs,False,1.0,0,False,True,0.6600397229194641
003,RF-DETRs,False,2.0,0,False,True,0.6332216858863831
003,RF-DETRs,False,3.0,0,False,True,0.6387230753898621
003,RF-DETRs,False,4.0,0,False,True,0.6628326177597046
003,RF-DETRs,False,5.0,0,False,True,0.7208613157272339
003,RF-DETRs,False,6.0,0,False,True,0.7145187258720398
003,RF-DETRs,False,7.0,0,False,True,0.6865240335464478
003,RF-DETRs,False,8.0,0,False,True,0.6935134530067444
003,RF-DETRs,False,9.0,0,False,True,0.6909588575363159
003,RF-DETRs,False,10.0,0,False,True,0.662746012210846
003,RF-DETRs,False,11.0,0,False,True,0.6696919202804565
003,RF-DETRs,False,12.0,0,False,True,0.6483838558197021
003,RF-DETRs,False,13.0,0,False,True,0.673246443271637
003,RF-DETRs,False,14.0,0,False,True,0.7033970952033997
003,RF-DETRs,False,15.0,0,False,True,0.6974280476570129
003,RF-DETRs,False,16.0,0,False,True,0.7014710903167725
003,RF-DETRs,False,17.0,0,False,True,0.681786060333252
003,RF-DETRs,False,18.0,0,False,True,0.7243618965148926
003,RF-DETRs,False,19.0,0,False,True,0.7046214938163757
003,RF-DETRs,False,20.0,0,False,True,0.6646906733512878
003,RF-DETRs,False,21.0,0,False,True,0.6515876054763794
003,RF-DETRs,False,22.0,0,False,True,0.6175951957702637
003,RF-DETRs,False,23.0,0,False,True,0.5845712423324585
003,RF-DETRs,False,24.0,0,False,True,0.4996117353439331
003,RF-DETRs,False,25.0,0,False,True,0.5672394633293152
003,RF-DETRs,False,26.0,0,False,True,0.5475571751594543
003,RF-DETRs,False,27.0,0,False,True,0.4751618802547455
003,RF-DETRs,False,28.0,0,False,True,0.5661953687667847
003,RF-DETRs,False,29.0,0,False,True,0.6033538579940796
003,RF-DETRs,False,30.0,0,False,True,0.6396014094352722
003,RF-DETRs,False,31.0,0,False,True,0.6332048773765564
003,RF-DETRs,False,32.0,0,False,True,0.6626414060592651
003,RF-DETRs,False,33.0,0,False,True,0.654811680316925
003,RF-DETRs,False,34.0,0,False,True,0.6951232552528381
003,RF-DETRs,False,35.0,0,False,True,0.7022573351860046
003,RF-DETRs,False,36.0,0,False,True,0.6786913871765137
003,RF-DETRs,False,37.0,0,False,True,0.6354990601539612
003,RF-DETRs,False,38.0,0,False,True,0.5874032974243164
003,RF-DETRs,False,39.0,0,False,True,0.577161431312561
003,RF-DETRs,False,40.0,0,False,True,0.5504431128501892
003,RF-DETRs,False,41.0,0,False,True,0.5957015752792358
003,RF-DETRs,False,42.0,0,False,True,0.5504470467567444
003,RF-DETRs,False,43.0,0,False,True,0.5497711300849915
003,RF-DETRs,False,44.0,0,False,True,0.6477402448654175
003,RF-DETRs,False,45.0,0,False,True,0.6892675757408142
003,RF-DETRs,False,46.0,0,False,True,0.6880654096603394
003,RF-DETRs,False,47.0,0,False,True,0.7018147706985474
003,RF-DETRs,False,48.0,0,False,True,0.7086930274963379
003,RF-DETRs,False,49.0,0,False,True,0.6724366545677185
003,RF-DETRs,False,50.0,0,False,True,0.648102879524231
003,RF-DETRs,False,51.0,0,False,True,0.6625003814697266
003,RF-DETRs,False,52.0,0,False,True,0.6736467480659485
003,RF-DETRs,False,53.0,0,False,True,0.6938561797142029
003,RF-DETRs,False,54.0,0,False,True,0.6503511667251587
003,RF-DETRs,False,55.0,0,False,True,0.6377996802330017
003,RF-DETRs,False,56.0,0,False,True,0.6843181252479553
003,RF-DETRs,False,57.0,0,False,True,0.7192084193229675
003,RF-DETRs,False,58.0,0,False,True,0.7159116864204407
003,RF-DETRs,False,59.0,0,False,True,0.6911405324935913
003,RF-DETRs,False,60.0,0,False,True,0.670497477054596
003,RF-DETRs,False,61.0,0,False,True,0.7120618224143982
003,RF-DETRs,False,62.0,0,False,True,0.7070183753967285
003,RF-DETRs,False,63.0,0,False,True,0.7238377928733826
003,RF-DETRs,False,64.0,0,False,True,0.7336935997009277
003,RF-DETRs,False,65.0,0,False,True,0.739249050617218
003,RF-DETRs,False,66.0,0,False,True,0.7490990161895752
003,RF-DETRs,False,67.0,0,False,True,0.7298151850700378
003,RF-DETRs,False,68.0,0,False,True,0.7358959317207336
003,RF-DETRs,False,69.0,0,False,True,0.7079038023948669
003,RF-DETRs,False,70.0,0,False,True,0.7012230157852173
003,RF-DETRs,False,71.0,0,False,True,0.6912208199501038
003,RF-DETRs,False,72.0,0,False,True,0.7044367790222168
003,RF-DETRs,False,73.0,0,False,True,0.7038108706474304
003,RF-DETRs,False,74.0,0,False,True,0.6917533874511719
003,RF-DETRs,False,75.0,0,False,True,0.7270979285240173
003,RF-DETRs,False,76.0,0,False,True,0.7109024524688721
003,RF-DETRs,False,77.0,0,False,True,0.7249230742454529
003,RF-DETRs,False,78.0,0,False,True,0.7348002791404724
003,RF-DETRs,False,79.0,0,False,True,0.7224008440971375
003,RF-DETRs,False,80.0,0,False,True,0.7230777144432068
003,RF-DETRs,False,81.0,0,False,True,0.7326340675354004
003,RF-DETRs,False,82.0,0,True,True,0.734653890132904
003,RF-DETRs,False,82.0,1,False,True,0.6006916761398315
003,RF-DETRs,False,83.0,0,True,True,0.7362650632858276
003,RF-DETRs,False,84.0,0,True,True,0.9011263847351074
003,RF-DETRs,False,84.0,1,False,True,0.7257415056228638
003,RF-DETRs,False,85.0,0,True,True,0.9310337901115417
003,RF-DETRs,False,85.0,1,False,True,0.7068958282470703
003,RF-DETRs,False,86.0,0,True,True,0.9357963800430298
003,RF-DETRs,False,86.0,1,False,True,0.6261955499649048
003,RF-DETRs,False,87.0,0,True,True,0.9246599078178406
003,RF-DETRs,False,88.0,0,True,True,0.8357556462287903
003,RF-DETRs,False,88.0,1,False,True,0.4209265112876892
003,RF-DETRs,False,88.0,2,False,True,0.4074694812297821
003,RF-DETRs,False,89.0,0,True,True,0.9271759986877441
003,RF-DETRs,False,89.0,1,False,True,0.40112996101379395
003,RF-DETRs,False,90.0,0,True,True,0.7853319644927979
003,RF-DETRs,False,90.0,1,False,True,0.4214784502983093
003,RF-DETRs,False,91.0,0,True,True,0.8846624493598938
003,RF-DETRs,False,92.0,0,True,True,0.890890896320343
003,RF-DETRs,False,93.0,0,True,True,0.8617581725120544
003,RF-DETRs,False,94.0,0,True,True,0.8642290234565735
003,RF-DETRs,False,94.0,1,False,True,0.46376970410346985
003,RF-DETRs,False,95.0,0,False,True,0.7068303227424622
003,RF-DETRs,False,96.0,0,True,True,0.8768885731697083
003,RF-DETRs,False,96.0,1,False,True,0.7482098340988159
003,RF-DETRs,False,97.0,0,True,True,0.8912819027900696
003,RF-DETRs,False,97.0,1,False,True,0.779391348361969
003,RF-DETRs,False,98.0,0,True,True,0.9137212634086609
003,RF-DETRs,False,98.0,1,False,True,0.8191085457801819
003,RF-DETRs,False,99.0,0,True,True,0.8938047885894775
003,RF-DETRs,False,99.0,1,False,True,0.7943411469459534
003,RF-DETRs,False,100.0,0,True,True,0.9040662050247192
003,RF-DETRs,False,100.0,1,False,True,0.8402630090713501
003,RF-DETRs,False,101.0,0,True,True,0.8863524794578552
003,RF-DETRs,False,101.0,1,False,True,0.8367471098899841
003,RF-DETRs,False,102.0,0,True,True,0.8785815834999084
003,RF-DETRs,False,102.0,1,False,True,0.7965328693389893
003,RF-DETRs,False,103.0,0,False,True,0.7547646760940552
003,RF-DETRs,False,104.0,0,False,True,0.761827290058136
003,RF-DETRs,False,105.0,0,True,True,0.8009083867073059
003,RF-DETRs,False,105.0,1,False,True,0.7125313878059387
003,RF-DETRs,False,106.0,0,True,True,0.8769586682319641
003,RF-DETRs,False,106.0,1,False,True,0.4340585470199585
003,RF-DETRs,False,107.0,0,True,True,0.8470476865768433
003,RF-DETRs,False,108.0,0,True,True,0.8771636486053467
003,RF-DETRs,False,109.0,0,True,True,0.8676928281784058
003,RF-DETRs,False,109.0,1,False,True,0.42303338646888733
003,RF-DETRs,False,110.0,0,True,True,0.860711932182312
003,RF-DETRs,False,111.0,0,True,True,0.7825103998184204
003,RF-DETRs,False,113.0,0,True,True,0.8482792377471924
003,RF-DETRs,False,114.0,0,True,True,0.8851588368415833
003,RF-DETRs,False,115.0,0,True,True,0.8877450227737427
003,RF-DETRs,False,116.0,0,True,True,0.8564336895942688
003,RF-DETRs,False,116.0,1,False,True,0.7460957765579224
003,RF-DETRs,False,117.0,0,True,True,0.8736438751220703
003,RF-DETRs,False,117.0,1,False,True,0.48574748635292053
003,RF-DETRs,False,118.0,0,True,True,0.8914141058921814
003,RF-DETRs,False,119.0,0,True,True,0.8721616864204407
003,RF-DETRs,False,120.0,0,True,True,0.8679084777832031
003,RF-DETRs,False,121.0,0,True,True,0.8771010041236877
003,RF-DETRs,False,122.0,0,True,True,0.8799498677253723
003,RF-DETRs,False,122.0,1,False,True,0.5275886654853821
003,RF-DETRs,False,123.0,0,True,True,0.8739858269691467
003,RF-DETRs,False,123.0,1,False,True,0.6178767085075378
003,RF-DETRs,False,124.0,0,True,True,0.8743986487388611
003,RF-DETRs,False,124.0,1,False,True,0.6156624555587769
003,RF-DETRs,False,125.0,0,True,True,0.8664349317550659
003,RF-DETRs,False,125.0,1,False,True,0.7272294163703918
003,RF-DETRs,False,126.0,0,True,True,0.8709158301353455
003,RF-DETRs,False,126.0,1,False,True,0.7350392937660217
003,RF-DETRs,False,127.0,0,True,True,0.8660780787467957
003,RF-DETRs,False,127.0,1,False,True,0.6769137978553772
003,RF-DETRs,False,128.0,0,True,True,0.8697962164878845
003,RF-DETRs,False,128.0,1,False,True,0.6833889484405518
003,RF-DETRs,False,129.0,0,True,True,0.8664165735244751
003,RF-DETRs,False,129.0,1,False,True,0.640681266784668
003,RF-DETRs,False,130.0,0,True,True,0.8690640926361084
003,RF-DETRs,False,130.0,1,False,True,0.6566327810287476
003,RF-DETRs,False,131.0,0,True,True,0.868323564529419
003,RF-DETRs,False,131.0,1,False,True,0.6839240789413452
003,RF-DETRs,False,132.0,0,True,True,0.8702195882797241
003,RF-DETRs,False,132.0,1,False,True,0.638822615146637
003,RF-DETRs,False,133.0,0,True,True,0.8714319467544556
003,RF-DETRs,False,133.0,1,False,True,0.6409125328063965
003,RF-DETRs,False,134.0,0,True,True,0.8701544404029846
003,RF-DETRs,False,134.0,1,False,True,0.7118598222732544
003,RF-DETRs,False,135.0,0,True,True,0.868663489818573
003,RF-DETRs,False,135.0,1,False,True,0.6144400835037231
003,RF-DETRs,False,136.0,0,True,True,0.8710959553718567
003,RF-DETRs,False,136.0,1,False,True,0.6733388304710388
003,RF-DETRs,False,137.0,0,True,True,0.8711159825325012
003,RF-DETRs,False,137.0,1,False,True,0.6898748874664307
003,RF-DETRs,False,138.0,0,True,True,0.870177686214447
003,RF-DETRs,False,138.0,1,False,True,0.7565122246742249
003,RF-DETRs,False,139.0,0,True,True,0.8715301752090454
003,RF-DETRs,False,139.0,1,False,True,0.7503636479377747
003,RF-DETRs,False,140.0,0,True,True,0.8712824583053589
003,RF-DETRs,False,140.0,1,False,True,0.7061468958854675
003,RF-DETRs,False,141.0,0,True,True,0.8697820901870728
003,RF-DETRs,False,141.0,1,False,True,0.7109463810920715
003,RF-DETRs,False,142.0,0,True,True,0.8704847097396851
003,RF-DETRs,False,142.0,1,False,True,0.6750184893608093
003,RF-DETRs,False,143.0,0,True,True,0.8721387386322021
003,RF-DETRs,False,143.0,1,False,True,0.7137546539306641
003,RF-DETRs,False,144.0,0,True,True,0.8697946071624756
003,RF-DETRs,False,144.0,1,False,True,0.6873694658279419
003,RF-DETRs,False,145.0,0,True,True,0.8743090629577637
003,RF-DETRs,False,145.0,1,False,True,0.7219303846359253
003,RF-DETRs,False,146.0,0,True,True,0.8743656277656555
003,RF-DETRs,False,146.0,1,False,True,0.7323644161224365
003,RF-DETRs,False,147.0,0,True,True,0.8729347586631775
003,RF-DETRs,False,147.0,1,False,True,0.6651414036750793
003,RF-DETRs,False,148.0,0,True,True,0.8726091384887695
003,RF-DETRs,False,148.0,1,False,True,0.7040175795555115
003,RF-DETRs,False,149.0,0,True,True,0.87385493516922
003,RF-DETRs,False,149.0,1,False,True,0.7331221103668213
003,RF-DETRs,False,150.0,0,True,True,0.8744546175003052
003,RF-DETRs,False,150.0,1,False,True,0.7590691447257996
003,RF-DETRs,False,151.0,0,True,True,0.8717262744903564
003,RF-DETRs,False,151.0,1,False,True,0.7474364042282104
003,RF-DETRs,False,152.0,0,True,True,0.8708460330963135
003,RF-DETRs,False,152.0,1,False,True,0.7691547870635986
003,RF-DETRs,False,153.0,0,True,True,0.871803343296051
003,RF-DETRs,False,153.0,1,False,True,0.7400147914886475
003,RF-DETRs,False,154.0,0,True,True,0.8716762065887451
003,RF-DETRs,False,154.0,1,False,True,0.723016619682312
003,RF-DETRs,False,155.0,0,True,True,0.8719452023506165
003,RF-DETRs,False,155.0,1,False,True,0.7096301913261414
003,RF-DETRs,False,156.0,0,True,True,0.873164176940918
003,RF-DETRs,False,156.0,1,False,True,0.718723714351654
003,RF-DETRs,False,157.0,0,True,True,0.8723194599151611
003,RF-DETRs,False,157.0,1,False,True,0.7450275421142578
003,RF-DETRs,False,158.0,0,True,True,0.8730159997940063
003,RF-DETRs,False,158.0,1,False,True,0.7282444834709167
003,RF-DETRs,False,159.0,0,True,True,0.8726213574409485
003,RF-DETRs,False,159.0,1,False,True,0.6912356615066528
003,RF-DETRs,False,160.0,0,True,True,0.8712615370750427
003,RF-DETRs,False,160.0,1,False,True,0.6576562523841858
003,RF-DETRs,False,161.0,0,True,True,0.8732364773750305
003,RF-DETRs,False,161.0,1,False,True,0.7002199292182922
003,RF-DETRs,False,162.0,0,True,True,0.8724208474159241
003,RF-DETRs,False,162.0,1,False,True,0.7198017239570618
003,RF-DETRs,False,163.0,0,True,True,0.8720468878746033
003,RF-DETRs,False,163.0,1,False,True,0.6969014406204224
003,RF-DETRs,False,164.0,0,True,True,0.8715828061103821
003,RF-DETRs,False,164.0,1,False,True,0.714459240436554
003,RF-DETRs,False,165.0,0,True,True,0.869856059551239
003,RF-DETRs,False,165.0,1,False,True,0.6991569399833679
003,RF-DETRs,False,166.0,0,True,True,0.8708803653717041
003,RF-DETRs,False,166.0,1,False,True,0.6970117688179016
003,RF-DETRs,False,167.0,0,True,True,0.8699634671211243
003,RF-DETRs,False,167.0,1,False,True,0.7187137007713318
003,RF-DETRs,False,168.0,0,True,True,0.8728846311569214
003,RF-DETRs,False,168.0,1,False,True,0.7434787154197693
003,RF-DETRs,False,169.0,0,True,True,0.8747811317443848
003,RF-DETRs,False,169.0,1,False,True,0.7310570478439331
003,RF-DETRs,False,170.0,0,True,True,0.8740832209587097
003,RF-DETRs,False,170.0,1,False,True,0.7204931378364563
003,RF-DETRs,False,171.0,0,True,True,0.8743681907653809
003,RF-DETRs,False,171.0,1,False,True,0.7204686403274536
003,RF-DETRs,False,172.0,0,True,True,0.8757491111755371
003,RF-DETRs,False,172.0,1,False,True,0.7422925233840942
003,RF-DETRs,False,173.0,0,True,True,0.8748424649238586
003,RF-DETRs,False,173.0,1,False,True,0.7247249484062195
003,RF-DETRs,False,174.0,0,True,True,0.8757813572883606
003,RF-DETRs,False,174.0,1,False,True,0.7675002813339233
003,RF-DETRs,False,175.0,0,True,True,0.8744122982025146
003,RF-DETRs,False,175.0,1,False,True,0.7139689922332764
003,RF-DETRs,False,176.0,0,True,True,0.8737680315971375
003,RF-DETRs,False,176.0,1,False,True,0.6816225051879883
003,RF-DETRs,False,177.0,0,True,True,0.8745792508125305
003,RF-DETRs,False,177.0,1,False,True,0.7384493947029114
003,RF-DETRs,False,178.0,0,True,True,0.8732402920722961
003,RF-DETRs,False,178.0,1,False,True,0.7009913325309753
003,RF-DETRs,False,179.0,0,True,True,0.8749247789382935
003,RF-DETRs,False,179.0,1,False,True,0.734133780002594
003,RF-DETRs,False,180.0,0,True,True,0.8737876415252686
003,RF-DETRs,False,180.0,1,False,True,0.7489210963249207
003,RF-DETRs,False,181.0,0,True,True,0.8746300339698792
003,RF-DETRs,False,181.0,1,False,True,0.7408695816993713
003,RF-DETRs,False,182.0,0,True,True,0.8749135136604309
003,RF-DETRs,False,182.0,1,False,True,0.7615287899971008
003,RF-DETRs,False,183.0,0,True,True,0.8730759620666504
003,RF-DETRs,False,183.0,1,False,True,0.7361571192741394
003,RF-DETRs,False,184.0,0,True,True,0.8726078867912292
003,RF-DETRs,False,184.0,1,False,True,0.7135552167892456
003,RF-DETRs,False,185.0,0,True,True,0.8717969655990601
003,RF-DETRs,False,185.0,1,False,True,0.7688650488853455
003,RF-DETRs,False,186.0,0,True,True,0.870536208152771
003,RF-DETRs,False,186.0,1,False,True,0.7880171537399292
003,RF-DETRs,False,187.0,0,True,True,0.8704861998558044
003,RF-DETRs,False,187.0,1,False,True,0.7784815430641174
003,RF-DETRs,False,188.0,0,True,True,0.8708759546279907
003,RF-DETRs,False,188.0,1,False,True,0.765364408493042
003,RF-DETRs,False,189.0,0,True,True,0.8685579895973206
003,RF-DETRs,False,189.0,1,False,True,0.7289891242980957
003,RF-DETRs,False,190.0,0,True,True,0.8714582920074463
003,RF-DETRs,False,190.0,1,False,True,0.7430370450019836
003,RF-DETRs,False,191.0,0,True,True,0.8720186352729797
003,RF-DETRs,False,191.0,1,False,True,0.7584576606750488
003,RF-DETRs,False,192.0,0,True,True,0.8713230490684509
003,RF-DETRs,False,192.0,1,False,True,0.7566734552383423
003,RF-DETRs,False,193.0,0,True,True,0.8737974166870117
003,RF-DETRs,False,193.0,1,False,True,0.7739648818969727
003,RF-DETRs,False,194.0,0,True,True,0.86884605884552
003,RF-DETRs,False,194.0,1,False,True,0.7692471742630005
003,RF-DETRs,False,195.0,0,True,True,0.8673197031021118
003,RF-DETRs,False,195.0,1,False,True,0.7728396058082581
003,RF-DETRs,False,196.0,0,True,True,0.8685671091079712
003,RF-DETRs,False,196.0,1,False,True,0.7567541599273682
003,RF-DETRs,False,197.0,0,True,True,0.8688747882843018
003,RF-DETRs,False,197.0,1,False,True,0.7710700035095215
003,RF-DETRs,False,198.0,0,True,True,0.8696845769882202
003,RF-DETRs,False,198.0,1,False,True,0.7479649782180786
003,RF-DETRs,False,199.0,0,True,True,0.868188738822937
003,RF-DETRs,False,199.0,1,False,True,0.7665945887565613
003,RF-DETRs,False,200.0,0,True,True,0.8701617121696472
003,RF-DETRs,False,200.0,1,False,True,0.7791811227798462
003,RF-DETRs,False,201.0,0,True,True,0.8707050085067749
003,RF-DETRs,False,201.0,1,False,True,0.7834075093269348
003,RF-DETRs,False,202.0,0,True,True,0.8708264231681824
003,RF-DETRs,False,202.0,1,False,True,0.7988093495368958
003,RF-DETRs,False,203.0,0,True,True,0.8735721707344055
003,RF-DETRs,False,203.0,1,False,True,0.7359412312507629
003,RF-DETRs,False,204.0,0,True,True,0.8732002973556519
003,RF-DETRs,False,204.0,1,False,True,0.6642480492591858
003,RF-DETRs,False,205.0,0,True,True,0.8738383650779724
003,RF-DETRs,False,205.0,1,False,True,0.7204033136367798
003,RF-DETRs,False,206.0,0,True,True,0.8757553100585938
003,RF-DETRs,False,206.0,1,False,True,0.7355514168739319
003,RF-DETRs,False,207.0,0,True,True,0.8755291700363159
003,RF-DETRs,False,207.0,1,False,True,0.7549534440040588
003,RF-DETRs,False,208.0,0,True,True,0.8747453093528748
003,RF-DETRs,False,208.0,1,False,True,0.7670267224311829
003,RF-DETRs,False,209.0,0,True,True,0.8760684132575989
003,RF-DETRs,False,209.0,1,False,True,0.7312642931938171
003,RF-DETRs,False,210.0,0,True,True,0.8767329454421997
003,RF-DETRs,False,210.0,1,False,True,0.7008939981460571
003,RF-DETRs,False,211.0,0,True,True,0.8764792680740356
003,RF-DETRs,False,211.0,1,False,True,0.7208787202835083
003,RF-DETRs,False,212.0,0,True,True,0.8763953447341919
003,RF-DETRs,False,212.0,1,False,True,0.7254050374031067
003,RF-DETRs,False,213.0,0,True,True,0.8775179982185364
003,RF-DETRs,False,213.0,1,False,True,0.7307372093200684
003,RF-DETRs,False,214.0,0,True,True,0.8754924535751343
003,RF-DETRs,False,214.0,1,False,True,0.7413715124130249
003,RF-DETRs,False,215.0,0,True,True,0.8744133710861206
003,RF-DETRs,False,215.0,1,False,True,0.7394893765449524
003,RF-DETRs,False,216.0,0,True,True,0.8758549690246582
003,RF-DETRs,False,216.0,1,False,True,0.7431933283805847
003,RF-DETRs,False,217.0,0,True,True,0.8754146099090576
003,RF-DETRs,False,217.0,1,False,True,0.7067360877990723
003,RF-DETRs,False,218.0,0,True,True,0.8760708570480347
003,RF-DETRs,False,218.0,1,False,True,0.7374663949012756
003,RF-DETRs,False,219.0,0,True,True,0.8771847486495972
003,RF-DETRs,False,219.0,1,False,True,0.7794885635375977
003,RF-DETRs,False,220.0,0,True,True,0.8762409090995789
003,RF-DETRs,False,220.0,1,False,True,0.7811894416809082
003,RF-DETRs,False,221.0,0,True,True,0.8743211030960083
003,RF-DETRs,False,221.0,1,False,True,0.770226240158081
003,RF-DETRs,False,222.0,0,True,True,0.8727443814277649
003,RF-DETRs,False,222.0,1,False,True,0.7342751026153564
003,RF-DETRs,False,223.0,0,True,True,0.8719163537025452
003,RF-DETRs,False,223.0,1,False,True,0.67583167552948
003,RF-DETRs,False,224.0,0,True,True,0.8694666624069214
003,RF-DETRs,False,224.0,1,False,True,0.6643023490905762
003,RF-DETRs,False,225.0,0,True,True,0.8712126612663269
003,RF-DETRs,False,225.0,1,False,True,0.6268950700759888
003,RF-DETRs,False,226.0,0,True,True,0.8735390901565552
003,RF-DETRs,False,226.0,1,False,True,0.6646243929862976
003,RF-DETRs,False,227.0,0,True,True,0.8732960224151611
003,RF-DETRs,False,227.0,1,False,True,0.6211886405944824
003,RF-DETRs,False,228.0,0,True,True,0.8744571805000305
003,RF-DETRs,False,228.0,1,False,True,0.510420560836792
003,RF-DETRs,False,229.0,0,True,True,0.8739096522331238
003,RF-DETRs,False,229.0,1,False,True,0.4899004101753235
003,RF-DETRs,False,230.0,0,True,True,0.8745459318161011
003,RF-DETRs,False,230.0,1,False,True,0.48943474888801575
003,RF-DETRs,False,231.0,0,True,True,0.8722180724143982
003,RF-DETRs,False,231.0,1,False,True,0.6779912710189819
003,RF-DETRs,False,232.0,0,True,True,0.8758670687675476
003,RF-DETRs,False,232.0,1,False,True,0.6920516490936279
003,RF-DETRs,False,233.0,0,True,True,0.8756734132766724
003,RF-DETRs,False,233.0,1,False,True,0.6288048624992371
003,RF-DETRs,False,234.0,0,True,True,0.8748538494110107
003,RF-DETRs,False,234.0,1,False,True,0.6844415068626404
003,RF-DETRs,False,235.0,0,True,True,0.8769941926002502
003,RF-DETRs,False,235.0,1,False,True,0.6458359360694885
003,RF-DETRs,False,236.0,0,True,True,0.8764078617095947
003,RF-DETRs,False,236.0,1,False,True,0.5870072841644287
003,RF-DETRs,False,237.0,0,True,True,0.8774555325508118
003,RF-DETRs,False,237.0,1,False,True,0.526604175567627
003,RF-DETRs,False,238.0,0,True,True,0.8756935000419617
003,RF-DETRs,False,238.0,1,False,True,0.609657883644104
003,RF-DETRs,False,239.0,0,True,True,0.8753820657730103
003,RF-DETRs,False,239.0,1,False,True,0.5892826318740845
003,RF-DETRs,False,240.0,0,True,True,0.8755361437797546
003,RF-DETRs,False,240.0,1,False,True,0.5580974221229553
003,RF-DETRs,False,241.0,0,True,True,0.8764016628265381
003,RF-DETRs,False,241.0,1,False,True,0.5890307426452637
003,RF-DETRs,False,242.0,0,True,True,0.874513566493988
003,RF-DETRs,False,242.0,1,False,True,0.6704772710800171
003,RF-DETRs,False,243.0,0,True,True,0.8745355606079102
003,RF-DETRs,False,243.0,1,False,True,0.6913749575614929
003,RF-DETRs,False,244.0,0,True,True,0.8734251260757446
003,RF-DETRs,False,244.0,1,False,True,0.7271872162818909
003,RF-DETRs,False,245.0,0,True,True,0.8730674982070923
003,RF-DETRs,False,245.0,1,False,True,0.7118417024612427
003,RF-DETRs,False,246.0,0,True,True,0.8746557235717773
003,RF-DETRs,False,246.0,1,False,True,0.6970506310462952
003,RF-DETRs,False,247.0,0,True,True,0.8737543821334839
003,RF-DETRs,False,247.0,1,False,True,0.6908076405525208
003,RF-DETRs,False,248.0,0,True,True,0.8738388419151306
003,RF-DETRs,False,248.0,1,False,True,0.7537976503372192
003,RF-DETRs,False,249.0,0,True,True,0.8741691708564758
003,RF-DETRs,False,249.0,1,False,True,0.7713027596473694
003,RF-DETRs,False,250.0,0,True,True,0.8735792636871338
003,RF-DETRs,False,250.0,1,False,True,0.7710505723953247
003,RF-DETRs,False,251.0,0,True,True,0.8745092749595642
003,RF-DETRs,False,251.0,1,False,True,0.759310245513916
003,RF-DETRs,False,252.0,0,True,True,0.874337911605835
003,RF-DETRs,False,252.0,1,False,True,0.7187020778656006
003,RF-DETRs,False,253.0,0,True,True,0.8738419413566589
003,RF-DETRs,False,253.0,1,False,True,0.6645784378051758
003,RF-DETRs,False,254.0,0,True,True,0.8757914304733276
003,RF-DETRs,False,254.0,1,False,True,0.6278933882713318
003,RF-DETRs,False,255.0,0,True,True,0.8757011294364929
003,RF-DETRs,False,255.0,1,False,True,0.6264163851737976
003,RF-DETRs,False,256.0,0,True,True,0.8765632510185242
003,RF-DETRs,False,256.0,1,False,True,0.6549530029296875
003,RF-DETRs,False,257.0,0,True,True,0.8760784268379211
003,RF-DETRs,False,257.0,1,False,True,0.6388874053955078
003,RF-DETRs,False,258.0,0,True,True,0.8758586645126343
003,RF-DETRs,False,258.0,1,False,True,0.6678460836410522
003,RF-DETRs,False,259.0,0,True,True,0.8761772513389587
003,RF-DETRs,False,259.0,1,False,True,0.6835746765136719
003,RF-DETRs,False,260.0,0,True,True,0.874099612236023
003,RF-DETRs,False,260.0,1,False,True,0.6854867339134216
003,RF-DETRs,False,261.0,0,True,True,0.8722817301750183
003,RF-DETRs,False,261.0,1,False,True,0.5694974064826965
003,RF-DETRs,False,262.0,0,True,True,0.8712950944900513
003,RF-DETRs,False,263.0,0,True,True,0.8729236721992493
003,RF-DETRs,False,264.0,0,True,True,0.8719351291656494
003,RF-DETRs,False,265.0,0,True,True,0.8707482218742371
003,RF-DETRs,False,265.0,1,False,True,0.4319775104522705
003,RF-DETRs,False,266.0,0,True,True,0.8701944947242737
003,RF-DETRs,False,266.0,1,False,True,0.40762075781822205
003,RF-DETRs,False,267.0,0,True,True,0.8681354522705078
003,RF-DETRs,False,267.0,1,False,True,0.5759368538856506
003,RF-DETRs,False,268.0,0,True,True,0.8661365509033203
003,RF-DETRs,False,268.0,1,False,True,0.614723265171051
003,RF-DETRs,False,269.0,0,True,True,0.8663776516914368
003,RF-DETRs,False,269.0,1,False,True,0.6948585510253906
003,RF-DETRs,False,269.0,2,False,True,0.44355544447898865
003,RF-DETRs,False,270.0,0,True,True,0.9064942598342896
003,RF-DETRs,False,270.0,1,True,True,0.8680614233016968
003,RF-DETRs,False,270.0,2,False,True,0.6511712670326233
003,RF-DETRs,False,271.0,0,True,True,0.9210531115531921
003,RF-DETRs,False,271.0,1,True,True,0.8687185645103455
003,RF-DETRs,False,271.0,2,False,True,0.6528589129447937
003,RF-DETRs,False,272.0,0,True,True,0.8690879344940186
003,RF-DETRs,False,272.0,1,False,True,0.666529655456543
003,RF-DETRs,False,273.0,0,True,True,0.8677194118499756
003,RF-DETRs,False,273.0,1,False,True,0.6501649022102356
003,RF-DETRs,False,273.0,2,False,True,0.5437511205673218
003,RF-DETRs,False,274.0,0,True,True,0.8693957328796387
003,RF-DETRs,False,274.0,1,False,True,0.703514575958252
003,RF-DETRs,False,275.0,0,True,True,0.8680446147918701
003,RF-DETRs,False,275.0,1,False,True,0.6455757021903992
003,RF-DETRs,False,276.0,0,True,True,0.8656291961669922
003,RF-DETRs,False,276.0,1,False,True,0.6232052445411682
003,RF-DETRs,False,277.0,0,True,True,0.8665831685066223
003,RF-DETRs,False,277.0,1,False,True,0.6542795300483704
003,RF-DETRs,False,278.0,0,True,True,0.8667999505996704
003,RF-DETRs,False,278.0,1,False,True,0.5863802433013916
003,RF-DETRs,False,279.0,0,True,True,0.867389976978302
003,RF-DETRs,False,279.0,1,False,True,0.5388634204864502
003,RF-DETRs,False,280.0,0,True,True,0.8731542825698853
003,RF-DETRs,False,280.0,1,False,True,0.5483414530754089
003,RF-DETRs,False,281.0,0,True,True,0.8731626272201538
003,RF-DETRs,False,281.0,1,False,True,0.6040636897087097
003,RF-DETRs,False,282.0,0,True,True,0.874572217464447
003,RF-DETRs,False,282.0,1,False,True,0.7423617243766785
003,RF-DETRs,False,283.0,0,True,True,0.8755530118942261
003,RF-DETRs,False,283.0,1,False,True,0.6999610662460327
003,RF-DETRs,False,284.0,0,True,True,0.8722531795501709
003,RF-DETRs,False,285.0,0,True,True,0.8754549026489258
003,RF-DETRs,False,285.0,1,False,True,0.5192897915840149
003,RF-DETRs,False,286.0,0,True,True,0.8846773505210876
003,RF-DETRs,False,286.0,1,True,True,0.8662753105163574
003,RF-DETRs,False,287.0,0,True,True,0.8138128519058228
003,RF-DETRs,False,288.0,0,True,True,0.6589619517326355
003,RF-DETRs,False,289.0,0,True,True,0.8613501191139221
003,RF-DETRs,False,289.0,1,True,True,0.4054242670536041
003,RF-DETRs,False,290.0,0,True,True,0.864288330078125
003,RF-DETRs,False,290.0,1,True,True,0.795949399471283
003,RF-DETRs,False,290.0,2,False,True,0.7092178463935852
003,RF-DETRs,False,291.0,0,True,True,0.8746517896652222
003,RF-DETRs,False,291.0,1,False,True,0.5036916136741638
003,RF-DETRs,False,292.0,0,True,True,0.867814838886261
003,RF-DETRs,False,292.0,1,False,True,0.5411198139190674
003,RF-DETRs,False,292.0,2,True,True,0.5068967342376709
003,RF-DETRs,False,293.0,0,True,True,0.8689104914665222
003,RF-DETRs,False,293.0,1,False,True,0.49871501326560974
003,RF-DETRs,False,294.0,0,True,True,0.8701609373092651
003,RF-DETRs,False,294.0,1,False,True,0.5075972080230713
003,RF-DETRs,False,294.0,2,True,True,0.4571440517902374
003,RF-DETRs,False,295.0,0,True,True,0.8686441779136658
003,RF-DETRs,False,295.0,1,False,True,0.5407434105873108
003,RF-DETRs,False,296.0,0,True,True,0.865806519985199
003,RF-DETRs,False,296.0,1,False,True,0.5729572772979736
003,RF-DETRs,False,297.0,0,True,True,0.8702406287193298
003,RF-DETRs,False,298.0,0,True,True,0.8819990158081055
003,RF-DETRs,False,299.0,0,True,True,0.8789336681365967
003,RF-DETRs,False,299.0,1,False,True,0.4874964654445648
003,RF-DETRs,False,300.0,0,True,True,0.875971794128418
003,RF-DETRs,False,300.0,1,True,True,0.7480331659317017
003,RF-DETRs,False,300.0,2,False,True,0.6476490497589111
003,RF-DETRs,False,301.0,0,True,True,0.8750002384185791
003,RF-DETRs,False,301.0,1,True,True,0.7884049415588379
003,RF-DETRs,False,301.0,2,False,True,0.726323664188385
003,RF-DETRs,False,302.0,0,True,True,0.8777788877487183
003,RF-DETRs,False,302.0,1,True,True,0.8177095055580139
003,RF-DETRs,False,302.0,2,False,True,0.6556321382522583
003,RF-DETRs,False,303.0,0,True,True,0.8762940764427185
003,RF-DETRs,False,303.0,1,True,True,0.830470085144043
003,RF-DETRs,False,303.0,2,False,True,0.6013100743293762
003,RF-DETRs,False,304.0,0,True,True,0.8760477900505066
003,RF-DETRs,False,304.0,1,True,True,0.8757299780845642
003,RF-DETRs,False,304.0,2,False,True,0.6834190487861633
003,RF-DETRs,False,305.0,0,True,True,0.876674234867096
003,RF-DETRs,False,305.0,1,True,True,0.8455339074134827
003,RF-DETRs,False,305.0,2,False,True,0.6758809089660645
003,RF-DETRs,False,306.0,0,True,True,0.8772541880607605
003,RF-DETRs,False,306.0,1,True,True,0.8434078097343445
003,RF-DETRs,False,306.0,2,False,True,0.6737111806869507
003,RF-DETRs,False,307.0,0,True,True,0.8778116703033447
003,RF-DETRs,False,307.0,1,True,True,0.8140471577644348
003,RF-DETRs,False,307.0,2,False,True,0.6097813844680786
003,RF-DETRs,False,308.0,0,True,True,0.8768802285194397
003,RF-DETRs,False,308.0,1,True,True,0.7964003682136536
003,RF-DETRs,False,308.0,2,False,True,0.6616005301475525
003,RF-DETRs,False,309.0,0,True,True,0.8753998875617981
003,RF-DETRs,False,309.0,1,True,True,0.7853646874427795
003,RF-DETRs,False,309.0,2,False,True,0.7056359052658081
003,RF-DETRs,False,310.0,0,True,True,0.8758323788642883
003,RF-DETRs,False,310.0,1,True,True,0.8108208179473877
003,RF-DETRs,False,310.0,2,False,True,0.5913687348365784
003,RF-DETRs,False,311.0,0,True,True,0.8751574158668518
003,RF-DETRs,False,311.0,1,True,True,0.8391802906990051
003,RF-DETRs,False,311.0,2,False,True,0.6493987441062927
003,RF-DETRs,False,312.0,0,True,True,0.8737337589263916
003,RF-DETRs,False,312.0,1,True,True,0.8316044807434082
003,RF-DETRs,False,312.0,2,False,True,0.7233976721763611
003,RF-DETRs,False,313.0,0,True,True,0.8710936307907104
003,RF-DETRs,False,313.0,1,True,True,0.80963134765625
003,RF-DETRs,False,313.0,2,False,True,0.7306553721427917
003,RF-DETRs,False,314.0,0,True,True,0.8718945384025574
003,RF-DETRs,False,314.0,1,True,True,0.80922532081604
003,RF-DETRs,False,314.0,2,False,True,0.681069016456604
003,RF-DETRs,False,315.0,0,True,True,0.8737214207649231
003,RF-DETRs,False,315.0,1,True,True,0.8008389472961426
003,RF-DETRs,False,315.0,2,False,True,0.6042532920837402
003,RF-DETRs,False,316.0,0,True,True,0.8734635710716248
003,RF-DETRs,False,316.0,1,True,True,0.8202944993972778
003,RF-DETRs,False,316.0,2,False,True,0.6936416029930115
003,RF-DETRs,False,317.0,0,True,True,0.8755332827568054
003,RF-DETRs,False,317.0,1,True,True,0.8179934024810791
003,RF-DETRs,False,317.0,2,False,True,0.6406022310256958
003,RF-DETRs,False,318.0,0,True,True,0.8765585422515869
003,RF-DETRs,False,318.0,1,True,True,0.8181838393211365
003,RF-DETRs,False,318.0,2,False,True,0.6177346706390381
003,RF-DETRs,False,319.0,0,True,True,0.884380042552948
003,RF-DETRs,False,319.0,1,True,True,0.7326084971427917
003,RF-DETRs,False,320.0,0,True,True,0.8823517560958862
003,RF-DETRs,False,320.0,1,True,True,0.729073166847229
003,RF-DETRs,False,321.0,0,True,True,0.8811631798744202
003,RF-DETRs,False,321.0,1,True,True,0.721302330493927
003,RF-DETRs,False,322.0,0,True,True,0.8817030787467957
003,RF-DETRs,False,322.0,1,True,True,0.7449468970298767
003,RF-DETRs,False,323.0,0,True,True,0.8809796571731567
003,RF-DETRs,False,323.0,1,True,True,0.7447365522384644
003,RF-DETRs,False,324.0,0,True,True,0.877959668636322
003,RF-DETRs,False,324.0,1,True,True,0.7464329600334167
003,RF-DETRs,False,325.0,0,True,True,0.8785170316696167
003,RF-DETRs,False,325.0,1,True,True,0.7617977857589722
003,RF-DETRs,False,326.0,0,True,True,0.8783406019210815
003,RF-DETRs,False,326.0,1,True,True,0.7496981620788574
003,RF-DETRs,False,327.0,0,True,True,0.8792006373405457
003,RF-DETRs,False,327.0,1,True,True,0.7396599650382996
003,RF-DETRs,False,328.0,0,True,True,0.876000702381134
003,RF-DETRs,False,328.0,1,True,True,0.7544687986373901
003,RF-DETRs,False,328.0,2,False,True,0.40177685022354126
003,RF-DETRs,False,329.0,0,True,True,0.8768426179885864
003,RF-DETRs,False,329.0,1,True,True,0.7642964720726013
003,RF-DETRs,False,330.0,0,True,True,0.8767794966697693
003,RF-DETRs,False,330.0,1,True,True,0.7610729336738586
003,RF-DETRs,False,330.0,2,False,True,0.4177010953426361
003,RF-DETRs,False,331.0,0,True,True,0.8785235285758972
003,RF-DETRs,False,331.0,1,True,True,0.7611339688301086
003,RF-DETRs,False,332.0,0,True,True,0.8800251483917236
003,RF-DETRs,False,332.0,1,True,True,0.7779202461242676
003,RF-DETRs,False,333.0,0,True,True,0.878596842288971
003,RF-DETRs,False,333.0,1,True,True,0.7856466770172119
003,RF-DETRs,False,333.0,2,False,True,0.4011787474155426
003,RF-DETRs,False,334.0,0,True,True,0.8786266446113586
003,RF-DETRs,False,334.0,1,True,True,0.7931684255599976
003,RF-DETRs,False,334.0,2,False,True,0.4215666949748993
003,RF-DETRs,False,335.0,0,True,True,0.8796209096908569
003,RF-DETRs,False,335.0,1,True,True,0.8140305280685425
003,RF-DETRs,False,336.0,0,True,True,0.8779875040054321
003,RF-DETRs,False,336.0,1,True,True,0.828863799571991
003,RF-DETRs,False,336.0,2,False,True,0.4236239194869995
003,RF-DETRs,False,337.0,0,True,True,0.8793427348136902
003,RF-DETRs,False,337.0,1,True,True,0.8223932981491089
003,RF-DETRs,False,338.0,0,True,True,0.8808181285858154
003,RF-DETRs,False,338.0,1,True,True,0.8243966698646545
003,RF-DETRs,False,339.0,0,True,True,0.8794203996658325
003,RF-DETRs,False,339.0,1,True,True,0.8183229565620422
003,RF-DETRs,False,340.0,0,True,True,0.879672110080719
003,RF-DETRs,False,340.0,1,True,True,0.8106793761253357
003,RF-DETRs,False,341.0,0,True,True,0.8762727379798889
003,RF-DETRs,False,341.0,1,True,True,0.8127366304397583
003,RF-DETRs,False,341.0,2,False,True,0.5106756091117859
003,RF-DETRs,False,342.0,0,True,True,0.8760062456130981
003,RF-DETRs,False,342.0,1,True,True,0.821162223815918
003,RF-DETRs,False,342.0,2,False,True,0.4806130528450012
003,RF-DETRs,False,343.0,0,True,True,0.8741863369941711
003,RF-DETRs,False,343.0,1,True,True,0.8294113874435425
003,RF-DETRs,False,343.0,2,False,True,0.5369962453842163
003,RF-DETRs,False,344.0,0,True,True,0.8767083883285522
003,RF-DETRs,False,344.0,1,True,True,0.8209523558616638
003,RF-DETRs,False,344.0,2,False,True,0.45974722504615784
003,RF-DETRs,False,345.0,0,True,True,0.8757635354995728
003,RF-DETRs,False,345.0,1,True,True,0.8138023614883423
003,RF-DETRs,False,345.0,2,False,True,0.4767944812774658
003,RF-DETRs,False,346.0,0,True,True,0.8751966953277588
003,RF-DETRs,False,346.0,1,True,True,0.8348325490951538
003,RF-DETRs,False,346.0,2,False,True,0.5815658569335938
003,RF-DETRs,False,347.0,0,True,True,0.8751580715179443
003,RF-DETRs,False,347.0,1,True,True,0.8219118118286133
003,RF-DETRs,False,347.0,2,False,True,0.5579048991203308
003,RF-DETRs,False,348.0,0,True,True,0.8828285932540894
003,RF-DETRs,False,348.0,1,True,True,0.7917811870574951
003,RF-DETRs,False,349.0,0,True,True,0.8825376033782959
003,RF-DETRs,False,349.0,1,True,True,0.7985442876815796
003,RF-DETRs,False,350.0,0,True,True,0.8817297220230103
003,RF-DETRs,False,350.0,1,True,True,0.8039168119430542
003,RF-DETRs,False,351.0,0,True,True,0.8805170059204102
003,RF-DETRs,False,351.0,1,True,True,0.7936923503875732
003,RF-DETRs,False,352.0,0,True,True,0.8787251114845276
003,RF-DETRs,False,352.0,1,True,True,0.8012984395027161
003,RF-DETRs,False,353.0,0,True,True,0.8782527446746826
003,RF-DETRs,False,353.0,1,True,True,0.8070598840713501
003,RF-DETRs,False,354.0,0,True,True,0.8777432441711426
003,RF-DETRs,False,354.0,1,True,True,0.8108564019203186
003,RF-DETRs,False,355.0,0,True,True,0.8788279891014099
003,RF-DETRs,False,355.0,1,True,True,0.814228355884552
003,RF-DETRs,False,356.0,0,True,True,0.8803231120109558
003,RF-DETRs,False,356.0,1,True,True,0.7924671769142151
003,RF-DETRs,False,357.0,0,True,True,0.8777462840080261
003,RF-DETRs,False,357.0,1,True,True,0.7828767895698547
003,RF-DETRs,False,357.0,2,False,True,0.4398747980594635
003,RF-DETRs,False,358.0,0,True,True,0.8793609142303467
003,RF-DETRs,False,358.0,1,True,True,0.7898996472358704
003,RF-DETRs,False,358.0,2,False,True,0.42973047494888306
003,RF-DETRs,False,359.0,0,True,True,0.8776117563247681
003,RF-DETRs,False,359.0,1,True,True,0.8025580644607544
003,RF-DETRs,False,359.0,2,False,True,0.559430718421936
003,RF-DETRs,False,360.0,0,True,True,0.878297746181488
003,RF-DETRs,False,360.0,1,True,True,0.7730076313018799
003,RF-DETRs,False,360.0,2,False,True,0.4634060561656952
003,RF-DETRs,False,361.0,0,True,True,0.8782899379730225
003,RF-DETRs,False,361.0,1,True,True,0.7811940908432007
003,RF-DETRs,False,361.0,2,False,True,0.4631260335445404
003,RF-DETRs,False,362.0,0,True,True,0.8792320489883423
003,RF-DETRs,False,362.0,1,True,True,0.7803895473480225
003,RF-DETRs,False,362.0,2,False,True,0.46167701482772827
003,RF-DETRs,False,363.0,0,True,True,0.8797449469566345
003,RF-DETRs,False,363.0,1,True,True,0.7813395857810974
003,RF-DETRs,False,363.0,2,False,True,0.4368591010570526
003,RF-DETRs,False,364.0,0,True,True,0.8800420165061951
003,RF-DETRs,False,364.0,1,True,True,0.7840403914451599
003,RF-DETRs,False,364.0,2,False,True,0.48859915137290955
003,RF-DETRs,False,365.0,0,True,True,0.8789033889770508
003,RF-DETRs,False,365.0,1,True,True,0.7911708950996399
003,RF-DETRs,False,365.0,2,False,True,0.5234248638153076
003,RF-DETRs,False,366.0,0,True,True,0.879380464553833
003,RF-DETRs,False,366.0,1,True,True,0.7768246531486511
003,RF-DETRs,False,366.0,2,False,True,0.44389474391937256
003,RF-DETRs,False,367.0,0,True,True,0.8820807933807373
003,RF-DETRs,False,367.0,1,True,True,0.790699303150177
003,RF-DETRs,False,368.0,0,True,True,0.8818517923355103
003,RF-DETRs,False,368.0,1,True,True,0.8078742027282715
003,RF-DETRs,False,368.0,2,False,True,0.4327930808067322
003,RF-DETRs,False,369.0,0,True,True,0.8803160190582275
003,RF-DETRs,False,369.0,1,True,True,0.7911113500595093
003,RF-DETRs,False,369.0,2,False,True,0.4223291873931885
003,RF-DETRs,False,370.0,0,True,True,0.881012499332428
003,RF-DETRs,False,370.0,1,True,True,0.7972733378410339
003,RF-DETRs,False,370.0,2,False,True,0.4143460988998413
003,RF-DETRs,False,371.0,0,True,True,0.8805806636810303
003,RF-DETRs,False,371.0,1,True,True,0.7955706119537354
003,RF-DETRs,False,371.0,2,False,True,0.43169599771499634
003,RF-DETRs,False,372.0,0,True,True,0.8810640573501587
003,RF-DETRs,False,372.0,1,True,True,0.7941088676452637
003,RF-DETRs,False,372.0,2,False,True,0.49418842792510986
003,RF-DETRs,False,373.0,0,True,True,0.8796614408493042
003,RF-DETRs,False,373.0,1,True,True,0.7923969626426697
003,RF-DETRs,False,373.0,2,False,True,0.5402616262435913
003,RF-DETRs,False,374.0,0,True,True,0.8810259699821472
003,RF-DETRs,False,374.0,1,True,True,0.7929657101631165
003,RF-DETRs,False,374.0,2,False,True,0.453593909740448
003,RF-DETRs,False,375.0,0,True,True,0.8822558522224426
003,RF-DETRs,False,375.0,1,True,True,0.7775071859359741
003,RF-DETRs,False,375.0,2,False,True,0.45817849040031433
003,RF-DETRs,False,376.0,0,True,True,0.8817658424377441
003,RF-DETRs,False,376.0,1,True,True,0.8008259534835815
003,RF-DETRs,False,376.0,2,False,True,0.4325786530971527
003,RF-DETRs,False,377.0,0,True,True,0.8784860372543335
003,RF-DETRs,False,377.0,1,True,True,0.8432689309120178
003,RF-DETRs,False,377.0,2,False,True,0.5319920182228088
003,RF-DETRs,False,378.0,0,True,True,0.8775142431259155
003,RF-DETRs,False,378.0,1,True,True,0.8253206014633179
003,RF-DETRs,False,378.0,2,False,True,0.5198571681976318
003,RF-DETRs,False,379.0,0,True,True,0.8795652985572815
003,RF-DETRs,False,379.0,1,True,True,0.8345891237258911
003,RF-DETRs,False,379.0,2,False,True,0.4911215007305145
003,RF-DETRs,False,380.0,0,True,True,0.8773199915885925
003,RF-DETRs,False,380.0,1,True,True,0.8417585492134094
003,RF-DETRs,False,380.0,2,False,True,0.5504748821258545
003,RF-DETRs,False,381.0,0,True,True,0.8751266598701477
003,RF-DETRs,False,381.0,1,True,True,0.8391350507736206
003,RF-DETRs,False,381.0,2,False,True,0.5714917182922363
003,RF-DETRs,False,382.0,0,True,True,0.8775174617767334
003,RF-DETRs,False,382.0,1,True,True,0.8328519463539124
003,RF-DETRs,False,382.0,2,False,True,0.5110862255096436
003,RF-DETRs,False,383.0,0,True,True,0.8784746527671814
003,RF-DETRs,False,383.0,1,True,True,0.8188855648040771
003,RF-DETRs,False,383.0,2,False,True,0.44921189546585083
003,RF-DETRs,False,384.0,0,True,True,0.8778563141822815
003,RF-DETRs,False,384.0,1,True,True,0.8165764808654785
003,RF-DETRs,False,384.0,2,False,True,0.46471938490867615
003,RF-DETRs,False,385.0,0,True,True,0.878562867641449
003,RF-DETRs,False,385.0,1,True,True,0.8155580163002014
003,RF-DETRs,False,385.0,2,False,True,0.4815376400947571
003,RF-DETRs,False,386.0,0,True,True,0.8768525123596191
003,RF-DETRs,False,386.0,1,True,True,0.8255741596221924
003,RF-DETRs,False,386.0,2,False,True,0.526831328868866
003,RF-DETRs,False,387.0,0,True,True,0.8760715126991272
003,RF-DETRs,False,387.0,1,True,True,0.8274675011634827
003,RF-DETRs,False,387.0,2,False,True,0.5496665835380554
003,RF-DETRs,False,388.0,0,True,True,0.8774188756942749
003,RF-DETRs,False,388.0,1,True,True,0.8241196274757385
003,RF-DETRs,False,388.0,2,False,True,0.5809738636016846
003,RF-DETRs,False,389.0,0,True,True,0.8779129981994629
003,RF-DETRs,False,389.0,1,True,True,0.8365135192871094
003,RF-DETRs,False,389.0,2,False,True,0.6229261755943298
003,RF-DETRs,False,390.0,0,True,True,0.878378689289093
003,RF-DETRs,False,390.0,1,True,True,0.8367778658866882
003,RF-DETRs,False,390.0,2,False,True,0.548000693321228
003,RF-DETRs,False,391.0,0,True,True,0.877297580242157
003,RF-DETRs,False,391.0,1,True,True,0.8419255614280701
003,RF-DETRs,False,391.0,2,False,True,0.5750005841255188
003,RF-DETRs,False,392.0,0,True,True,0.8773819208145142
003,RF-DETRs,False,392.0,1,True,True,0.8358237743377686
003,RF-DETRs,False,392.0,2,False,True,0.5412452220916748
003,RF-DETRs,False,393.0,0,True,True,0.8775041699409485
003,RF-DETRs,False,393.0,1,True,True,0.8434407114982605
003,RF-DETRs,False,393.0,2,False,True,0.48665425181388855
003,RF-DETRs,False,394.0,0,True,True,0.8762081265449524
003,RF-DETRs,False,394.0,1,True,True,0.8395412564277649
003,RF-DETRs,False,394.0,2,False,True,0.5254069566726685
003,RF-DETRs,False,395.0,0,True,True,0.8756974339485168
003,RF-DETRs,False,395.0,1,True,True,0.8474579453468323
003,RF-DETRs,False,395.0,2,False,True,0.5853797793388367
004,RF-DETRs,False,24.0,0,False,True,0.40297234058380127
004,RF-DETRs,False,144.0,0,True,True,0.5425463914871216
004,RF-DETRs,False,146.0,0,True,True,0.645057737827301
004,RF-DETRs,False,148.0,0,True,True,0.6083433032035828
004,RF-DETRs,False,149.0,0,True,True,0.8156294822692871
004,RF-DETRs,False,150.0,0,True,True,0.7885684370994568
004,RF-DETRs,False,151.0,0,True,True,0.8325974345207214
004,RF-DETRs,False,152.0,0,True,True,0.828865647315979
004,RF-DETRs,False,153.0,0,True,True,0.5471046566963196
004,RF-DETRs,False,154.0,0,True,True,0.7751674056053162
004,RF-DETRs,False,155.0,0,True,True,0.7692342400550842
004,RF-DETRs,False,156.0,0,True,True,0.7241424322128296
004,RF-DETRs,False,158.0,0,True,True,0.45467737317085266
004,RF-DETRs,False,159.0,0,True,True,0.5893541574478149
004,RF-DETRs,False,160.0,0,True,True,0.5705498456954956
004,RF-DETRs,False,161.0,0,True,True,0.47873303294181824
004,RF-DETRs,False,162.0,0,True,True,0.7443031668663025
004,RF-DETRs,False,163.0,0,True,True,0.7859534025192261
004,RF-DETRs,False,163.0,1,True,True,0.41272756457328796
004,RF-DETRs,False,164.0,0,True,True,0.8037559390068054
004,RF-DETRs,False,165.0,0,True,True,0.8040256500244141
004,RF-DETRs,False,166.0,0,True,True,0.7276936769485474
004,RF-DETRs,False,167.0,0,True,True,0.7685663104057312
004,RF-DETRs,False,168.0,0,True,True,0.769384503364563
004,RF-DETRs,False,169.0,0,True,True,0.7376217246055603
004,RF-DETRs,False,170.0,0,True,True,0.6742220520973206
004,RF-DETRs,False,171.0,0,True,True,0.7428790926933289
004,RF-DETRs,False,172.0,0,True,True,0.7404906153678894
004,RF-DETRs,False,173.0,0,True,True,0.6596992611885071
004,RF-DETRs,False,174.0,0,True,True,0.7427505254745483
004,RF-DETRs,False,175.0,0,True,True,0.7401115894317627
004,RF-DETRs,False,176.0,0,True,True,0.5857688188552856
004,RF-DETRs,False,177.0,0,True,True,0.540367841720581
004,RF-DETRs,False,178.0,0,True,True,0.6871885061264038
004,RF-DETRs,False,179.0,0,True,True,0.7335938811302185
004,RF-DETRs,False,180.0,0,True,True,0.748619794845581
004,RF-DETRs,False,181.0,0,True,True,0.7058307528495789
004,RF-DETRs,False,182.0,0,True,True,0.7690122127532959
004,RF-DETRs,False,183.0,0,True,True,0.4778061509132385
004,RF-DETRs,False,190.0,0,True,True,0.5315365195274353
004,RF-DETRs,False,204.0,0,False,True,0.5836808085441589
004,RF-DETRs,False,205.0,0,False,True,0.7484207153320312
004,RF-DETRs,False,206.0,0,False,True,0.7627196907997131
004,RF-DETRs,False,206.0,1,False,True,0.4353955388069153
004,RF-DETRs,False,207.0,0,False,True,0.587160587310791
004,RF-DETRs,False,207.0,1,False,True,0.4385876953601837
004,RF-DETRs,False,208.0,0,False,True,0.7807774543762207
004,RF-DETRs,False,208.0,1,False,True,0.5956944227218628
004,RF-DETRs,False,208.0,2,False,True,0.4967537522315979
004,RF-DETRs,False,210.0,0,False,True,0.6981834173202515
004,RF-DETRs,False,227.0,0,True,True,0.5030255913734436
004,RF-DETRs,False,232.0,0,False,True,0.5951590538024902
004,RF-DETRs,False,236.0,0,True,True,0.5218971371650696
004,RF-DETRs,False,237.0,0,True,True,0.6369503140449524
004,RF-DETRs,False,240.0,0,True,True,0.6480293869972229
004,RF-DETRs,False,241.0,0,True,True,0.718762993812561
004,RF-DETRs,False,241.0,1,False,True,0.5639354586601257
004,RF-DETRs,False,265.0,0,True,True,0.5185388326644897
004,RF-DETRs,False,266.0,0,True,True,0.6097420454025269
004,RF-DETRs,False,267.0,0,True,True,0.6373903751373291
004,RF-DETRs,False,268.0,0,True,True,0.6141309142112732
004,RF-DETRs,False,269.0,0,True,True,0.5120893716812134
004,RF-DETRs,False,270.0,0,True,True,0.4742392897605896
004,RF-DETRs,False,271.0,0,True,True,0.5193507075309753
004,RF-DETRs,False,272.0,0,True,True,0.48461803793907166
004,RF-DETRs,False,273.0,0,True,True,0.5631411671638489
004,RF-DETRs,False,274.0,0,True,True,0.6296704411506653
004,RF-DETRs,False,275.0,0,True,True,0.6289507150650024
004,RF-DETRs,False,276.0,0,True,True,0.6032081246376038
004,RF-DETRs,False,277.0,0,True,True,0.5990622639656067
004,RF-DETRs,False,278.0,0,True,True,0.6646640300750732
004,RF-DETRs,False,279.0,0,True,True,0.6294633746147156
004,RF-DETRs,False,280.0,0,True,True,0.6185250282287598
004,RF-DETRs,False,281.0,0,True,True,0.5308614373207092
004,RF-DETRs,False,282.0,0,True,True,0.7181549072265625
004,RF-DETRs,False,283.0,0,True,True,0.7315806150436401
004,RF-DETRs,False,284.0,0,True,True,0.7254974842071533
004,RF-DETRs,False,285.0,0,True,True,0.7224453687667847
004,RF-DETRs,False,286.0,0,True,True,0.6887480020523071
004,RF-DETRs,False,287.0,0,True,True,0.7109019756317139
004,RF-DETRs,False,288.0,0,True,True,0.7166677117347717
004,RF-DETRs,False,289.0,0,True,True,0.6644585728645325
004,RF-DETRs,False,290.0,0,True,True,0.6636570692062378
004,RF-DETRs,False,291.0,0,True,True,0.6956901550292969
004,RF-DETRs,False,292.0,0,True,True,0.7147022485733032
004,RF-DETRs,False,293.0,0,True,True,0.6935304999351501
004,RF-DETRs,False,294.0,0,True,True,0.7024062871932983
004,RF-DETRs,False,295.0,0,True,True,0.5427602529525757
004,RF-DETRs,False,296.0,0,True,True,0.5782350301742554
004,RF-DETRs,False,297.0,0,True,True,0.5867673754692078
004,RF-DETRs,False,298.0,0,True,True,0.5419336557388306
004,RF-DETRs,False,299.0,0,True,True,0.5911040902137756
004,RF-DETRs,False,300.0,0,True,True,0.5587312579154968
004,RF-DETRs,False,301.0,0,True,True,0.48220089077949524
004,RF-DETRs,False,302.0,0,True,True,0.5487263798713684
004,RF-DETRs,False,303.0,0,True,True,0.5870465040206909
004,RF-DETRs,False,304.0,0,True,True,0.5741899013519287
004,RF-DETRs,False,305.0,0,True,True,0.6488280296325684
004,RF-DETRs,False,306.0,0,True,True,0.6793956756591797
004,RF-DETRs,False,307.0,0,True,True,0.6676329970359802
004,RF-DETRs,False,308.0,0,True,True,0.603921115398407
004,RF-DETRs,False,309.0,0,True,True,0.5669320821762085
004,RF-DETRs,False,310.0,0,True,True,0.5747532248497009
004,RF-DETRs,False,311.0,0,True,True,0.6429024338722229
004,RF-DETRs,False,312.0,0,True,True,0.6415253281593323
004,RF-DETRs,False,313.0,0,True,True,0.6031423807144165
004,RF-DETRs,False,314.0,0,True,True,0.5901211500167847
004,RF-DETRs,False,315.0,0,True,True,0.5675632953643799
004,RF-DETRs,False,316.0,0,True,True,0.5713027119636536
004,RF-DETRs,False,317.0,0,True,True,0.5224602222442627
004,RF-DETRs,False,318.0,0,True,True,0.43902111053466797
004,RF-DETRs,False,320.0,0,True,True,0.4866275489330292
004,RF-DETRs,False,321.0,0,True,True,0.44090235233306885
004,RF-DETRs,False,322.0,0,True,True,0.4445044994354248
004,RF-DETRs,False,323.0,0,True,True,0.48719364404678345
004,RF-DETRs,False,324.0,0,True,True,0.4504874646663666
004,RF-DETRs,False,325.0,0,True,True,0.46612489223480225
004,RF-DETRs,False,326.0,0,True,True,0.45811885595321655
004,RF-DETRs,False,327.0,0,True,True,0.42828965187072754
004,RF-DETRs,False,328.0,0,True,True,0.43602579832077026
004,RF-DETRs,False,329.0,0,True,True,0.5271552205085754
004,RF-DETRs,False,330.0,0,True,True,0.4784299433231354
004,RF-DETRs,False,331.0,0,True,True,0.46146315336227417
004,RF-DETRs,False,332.0,0,True,True,0.5263925790786743
004,RF-DETRs,False,333.0,0,True,True,0.48244157433509827
004,RF-DETRs,False,334.0,0,True,True,0.4677343964576721
004,RF-DETRs,False,336.0,0,True,True,0.44656094908714294
004,RF-DETRs,False,337.0,0,True,True,0.4142787456512451
004,RF-DETRs,False,338.0,0,True,True,0.49651509523391724
004,RF-DETRs,False,339.0,0,True,True,0.462211549282074
004,RF-DETRs,False,340.0,0,True,True,0.45523014664649963
004,RF-DETRs,False,341.0,0,True,True,0.430868923664093
004,RF-DETRs,False,342.0,0,True,True,0.5001965761184692
004,RF-DETRs,False,343.0,0,True,True,0.5047091245651245
004,RF-DETRs,False,344.0,0,True,True,0.5548179149627686
004,RF-DETRs,False,345.0,0,True,True,0.5283271074295044
004,RF-DETRs,False,346.0,0,True,True,0.5069950819015503
004,RF-DETRs,False,347.0,0,True,True,0.5146282911300659
004,RF-DETRs,False,348.0,0,True,True,0.5655947327613831
004,RF-DETRs,False,349.0,0,True,True,0.5104148387908936
004,RF-DETRs,False,350.0,0,True,True,0.5267707109451294
004,RF-DETRs,False,351.0,0,True,True,0.47339046001434326
004,RF-DETRs,False,352.0,0,True,True,0.4788420498371124
004,RF-DETRs,False,353.0,0,True,True,0.4100470244884491
004,RF-DETRs,False,356.0,0,True,True,0.44605177640914917
004,RF-DETRs,False,356.0,1,False,True,0.4202237129211426
004,RF-DETRs,False,357.0,0,False,True,0.5985577702522278
004,RF-DETRs,False,358.0,0,True,True,0.5420399904251099
004,RF-DETRs,False,358.0,1,False,True,0.4275480806827545
004,RF-DETRs,False,359.0,0,True,True,0.727091372013092
004,RF-DETRs,False,360.0,0,True,True,0.7754326462745667
004,RF-DETRs,False,360.0,1,False,True,0.46563130617141724
004,RF-DETRs,False,361.0,0,True,True,0.41681644320487976
004,RF-DETRs,False,363.0,0,True,True,0.4340817332267761
004,RF-DETRs,False,372.0,0,True,True,0.4013943672180176
004,RF-DETRs,False,373.0,0,True,True,0.42161670327186584
004,RF-DETRs,False,374.0,0,True,True,0.44850751757621765
004,RF-DETRs,False,381.0,0,True,True,0.4595910310745239
004,RF-DETRs,False,382.0,0,True,True,0.4641321301460266
004,RF-DETRs,False,383.0,0,True,True,0.46944352984428406
004,RF-DETRs,False,384.0,0,True,True,0.4702318608760834
004,RF-DETRs,False,385.0,0,True,True,0.4550246596336365
004,RF-DETRs,False,386.0,0,True,True,0.47786661982536316
004,RF-DETRs,False,387.0,0,True,True,0.47730740904808044
004,RF-DETRs,False,388.0,0,True,True,0.48416832089424133
004,RF-DETRs,False,389.0,0,True,True,0.45083674788475037
004,RF-DETRs,False,394.0,0,True,True,0.4075569808483124
004,RF-DETRs,False,395.0,0,True,True,0.4135544002056122
004,RF-DETRs,False,396.0,0,True,True,0.4108017683029175
004,RF-DETRs,False,397.0,0,True,True,0.4001249670982361
004,RF-DETRs,False,398.0,0,True,True,0.4020625948905945
004,RF-DETRs,False,405.0,0,True,True,0.459913432598114
004,RF-DETRs,False,406.0,0,True,True,0.5393476486206055
004,RF-DETRs,False,407.0,0,True,True,0.5405636429786682
004,RF-DETRs,False,408.0,0,True,True,0.5244146585464478
004,RF-DETRs,False,409.0,0,True,True,0.5168097019195557
004,RF-DETRs,False,410.0,0,True,True,0.5136266350746155
004,RF-DETRs,False,411.0,0,True,True,0.5171428322792053
004,RF-DETRs,False,412.0,0,True,True,0.5334993004798889
004,RF-DETRs,False,413.0,0,True,True,0.49610382318496704
004,RF-DETRs,False,414.0,0,True,True,0.4998903274536133
004,RF-DETRs,False,415.0,0,True,True,0.5039414763450623
004,RF-DETRs,False,416.0,0,True,True,0.5430463552474976
004,RF-DETRs,False,417.0,0,True,True,0.47878679633140564
004,RF-DETRs,False,418.0,0,True,True,0.4501781761646271
004,RF-DETRs,False,419.0,0,True,True,0.45991864800453186
004,RF-DETRs,False,420.0,0,True,True,0.44784680008888245
004,RF-DETRs,False,421.0,0,True,True,0.4306461811065674
004,RF-DETRs,False,422.0,0,True,True,0.4151190221309662
004,RF-DETRs,False,433.0,0,True,True,0.4024414122104645
004,RF-DETRs,False,434.0,0,True,True,0.4071817994117737
005,RF-DETRs,False,40.0,0,False,True,0.7905213832855225
005,RF-DETRs,False,41.0,0,False,True,0.819462239742279
005,RF-DETRs,False,42.0,0,False,True,0.8277477622032166
005,RF-DETRs,False,43.0,0,False,True,0.5877120494842529
005,RF-DETRs,False,44.0,0,False,True,0.4981366693973541
005,RF-DETRs,False,73.0,0,True,True,0.7020530104637146
005,RF-DETRs,False,84.0,0,False,True,0.567566990852356
005,RF-DETRs,False,85.0,0,False,True,0.7385203838348389
005,RF-DETRs,False,90.0,0,False,True,0.4769226014614105
005,RF-DETRs,False,93.0,0,True,True,0.5928870439529419
005,RF-DETRs,False,103.0,0,True,True,0.5576876997947693
005,RF-DETRs,False,108.0,0,False,True,0.46763184666633606
005,RF-DETRs,False,109.0,0,False,True,0.5081957578659058
005,RF-DETRs,False,110.0,0,False,True,0.41709408164024353
005,RF-DETRs,False,112.0,0,True,True,0.42387378215789795
005,RF-DETRs,False,114.0,0,True,True,0.4567398726940155
005,RF-DETRs,False,116.0,0,True,True,0.5012613534927368
005,RF-DETRs,False,122.0,0,True,True,0.7054874300956726
005,RF-DETRs,False,123.0,0,True,True,0.7582305669784546
005,RF-DETRs,False,124.0,0,True,True,0.553901195526123
005,RF-DETRs,False,125.0,0,True,True,0.5464165210723877
005,RF-DETRs,False,126.0,0,True,True,0.44860565662384033
005,RF-DETRs,False,127.0,0,True,True,0.40456143021583557
005,RF-DETRs,False,128.0,0,True,True,0.42246076464653015
005,RF-DETRs,False,131.0,0,True,True,0.5876522064208984
005,RF-DETRs,False,132.0,0,True,True,0.4696228802204132
005,RF-DETRs,False,133.0,0,True,True,0.6035560369491577
005,RF-DETRs,False,133.0,1,True,True,0.5598140358924866
005,RF-DETRs,False,134.0,0,True,True,0.5859800577163696
005,RF-DETRs,False,135.0,0,True,True,0.5686951279640198
005,RF-DETRs,False,136.0,0,True,True,0.6277514696121216
005,RF-DETRs,False,137.0,0,True,True,0.6677362322807312
005,RF-DETRs,False,138.0,0,True,True,0.635252058506012
005,RF-DETRs,False,139.0,0,True,True,0.586701512336731
005,RF-DETRs,False,140.0,0,True,True,0.7523021697998047
005,RF-DETRs,False,141.0,0,True,True,0.688231348991394
005,RF-DETRs,False,142.0,0,True,True,0.7132855653762817
005,RF-DETRs,False,143.0,0,True,True,0.7448709607124329
005,RF-DETRs,False,144.0,0,True,True,0.5402110815048218
005,RF-DETRs,False,144.0,1,True,True,0.512825071811676
005,RF-DETRs,False,160.0,0,True,True,0.4678051471710205
005,RF-DETRs,False,161.0,0,True,True,0.5904363393783569
005,RF-DETRs,False,162.0,0,False,True,0.7803323864936829
005,RF-DETRs,False,162.0,1,True,True,0.650789201259613
005,RF-DETRs,False,163.0,0,False,True,0.7845109701156616
005,RF-DETRs,False,163.0,1,True,True,0.6993662118911743
005,RF-DETRs,False,164.0,0,True,True,0.4888220727443695
005,RF-DETRs,False,165.0,0,True,True,0.43040230870246887
005,RF-DETRs,False,172.0,0,True,True,0.5554788112640381
005,RF-DETRs,False,173.0,0,True,True,0.6120784878730774
005,RF-DETRs,False,174.0,0,True,True,0.5687053203582764
005,RF-DETRs,False,175.0,0,True,True,0.4969152510166168
005,RF-DETRs,False,176.0,0,True,True,0.483893483877182
005,RF-DETRs,False,177.0,0,True,True,0.5616779923439026
005,RF-DETRs,False,178.0,0,True,True,0.6267581582069397
005,RF-DETRs,False,179.0,0,True,True,0.4992035925388336
005,RF-DETRs,False,180.0,0,True,True,0.49367737770080566
005,RF-DETRs,False,181.0,0,True,True,0.5280469655990601
005,RF-DETRs,False,181.0,1,True,True,0.451019287109375
005,RF-DETRs,False,182.0,0,True,True,0.5243237018585205
005,RF-DETRs,False,182.0,1,True,True,0.4520561993122101
005,RF-DETRs,False,183.0,0,True,True,0.47175103425979614
005,RF-DETRs,False,184.0,0,True,True,0.47516772150993347
005,RF-DETRs,False,188.0,0,True,True,0.4417896568775177
005,RF-DETRs,False,202.0,0,True,True,0.46313735842704773
005,RF-DETRs,False,203.0,0,True,True,0.42536652088165283
005,RF-DETRs,False,221.0,0,True,True,0.4222371578216553
005,RF-DETRs,False,225.0,0,True,True,0.5171683430671692
005,RF-DETRs,False,226.0,0,True,True,0.4630270302295685
005,RF-DETRs,False,227.0,0,True,True,0.5400844812393188
005,RF-DETRs,False,228.0,0,True,True,0.5492923855781555
005,RF-DETRs,False,229.0,0,True,True,0.47796306014060974
005,RF-DETRs,False,230.0,0,True,True,0.501257061958313
005,RF-DETRs,False,231.0,0,True,True,0.4408494830131531
005,RF-DETRs,False,233.0,0,True,True,0.40902334451675415
005,RF-DETRs,False,234.0,0,True,True,0.407464861869812
005,RF-DETRs,False,235.0,0,True,True,0.49505355954170227
005,RF-DETRs,False,236.0,0,True,True,0.5025112628936768
005,RF-DETRs,False,237.0,0,True,True,0.4864431619644165
006,RF-DETRs,False,89.0,0,False,True,0.48000115156173706
006,RF-DETRs,False,90.0,0,False,True,0.4677309989929199
006,RF-DETRs,False,93.0,0,False,True,0.4353058338165283
006,RF-DETRs,False,102.0,0,False,True,0.47973957657814026
006,RF-DETRs,False,134.0,0,False,True,0.7251378893852234
006,RF-DETRs,False,135.0,0,False,True,0.849946141242981
006,RF-DETRs,False,136.0,0,False,True,0.8359146118164062
006,RF-DETRs,False,137.0,0,False,True,0.6605420112609863
006,RF-DETRs,False,138.0,0,False,True,0.4336521327495575
006,RF-DETRs,False,139.0,0,False,True,0.6618540287017822
006,RF-DETRs,False,140.0,0,False,True,0.850683867931366
006,RF-DETRs,False,141.0,0,False,True,0.8187119960784912
006,RF-DETRs,False,142.0,0,False,True,0.8282176852226257
006,RF-DETRs,False,143.0,0,False,True,0.8548603057861328
006,RF-DETRs,False,144.0,0,False,True,0.8136372566223145
006,RF-DETRs,False,172.0,0,False,True,0.5440217852592468
006,RF-DETRs,False,173.0,0,False,True,0.4241977632045746
006,RF-DETRs,False,187.0,0,False,True,0.8407630920410156
006,RF-DETRs,False,198.0,0,False,True,0.41080647706985474
006,RF-DETRs,False,199.0,0,False,True,0.47244662046432495
006,RF-DETRs,False,205.0,0,False,True,0.4647924602031708
006,RF-DETRs,False,207.0,0,False,True,0.8200213313102722
006,RF-DETRs,False,208.0,0,False,True,0.831171989440918
006,RF-DETRs,False,209.0,0,False,True,0.6654217839241028
006,RF-DETRs,False,210.0,0,False,True,0.5265047550201416
006,RF-DETRs,False,211.0,0,False,True,0.46659716963768005
006,RF-DETRs,False,211.0,1,False,True,0.4345344007015228
006,RF-DETRs,False,220.0,0,False,True,0.6062986254692078
006,RF-DETRs,False,221.0,0,False,True,0.7803542613983154
006,RF-DETRs,False,222.0,0,False,True,0.4106959104537964
006,RF-DETRs,False,223.0,0,False,True,0.6049355864524841
006,RF-DETRs,False,238.0,0,False,True,0.5955018997192383
006,RF-DETRs,False,239.0,0,False,True,0.745862603187561
006,RF-DETRs,False,241.0,0,False,True,0.6563221216201782
006,RF-DETRs,False,242.0,0,False,True,0.6524894833564758
006,RF-DETRs,False,242.0,1,False,True,0.5001580715179443
006,RF-DETRs,False,243.0,0,False,True,0.5601895451545715
006,RF-DETRs,False,243.0,1,False,True,0.49910128116607666
006,RF-DETRs,False,245.0,0,False,True,0.4287661015987396
006,RF-DETRs,False,250.0,0,False,True,0.7606070637702942
006,RF-DETRs,False,251.0,0,False,True,0.409616619348526
006,RF-DETRs,False,252.0,0,False,True,0.7692650556564331
006,RF-DETRs,False,255.0,0,False,True,0.4682110846042633
006,RF-DETRs,False,256.0,0,False,True,0.41507619619369507
006,RF-DETRs,False,259.0,0,False,True,0.556706964969635
006,RF-DETRs,False,260.0,0,False,True,0.5482190847396851
006,RF-DETRs,False,266.0,0,True,True,0.5054150819778442
006,RF-DETRs,False,267.0,0,True,True,0.8172057271003723
006,RF-DETRs,False,268.0,0,True,True,0.8054547905921936
006,RF-DETRs,False,269.0,0,True,True,0.7711963653564453
006,RF-DETRs,False,270.0,0,True,True,0.6147802472114563
006,RF-DETRs,False,272.0,0,True,True,0.5230520367622375
006,RF-DETRs,False,272.0,1,False,True,0.42763760685920715
006,RF-DETRs,False,273.0,0,False,True,0.5380209684371948
006,RF-DETRs,False,274.0,0,False,True,0.4033220708370209
006,RF-DETRs,False,277.0,0,True,True,0.4653651714324951
006,RF-DETRs,False,280.0,0,True,True,0.4196923077106476
006,RF-DETRs,False,282.0,0,True,True,0.4383736550807953
006,RF-DETRs,False,284.0,0,True,True,0.4037131071090698
006,RF-DETRs,False,286.0,0,True,True,0.6735527515411377
006,RF-DETRs,False,287.0,0,True,True,0.8050472140312195
006,RF-DETRs,False,288.0,0,True,True,0.8146128058433533
006,RF-DETRs,False,289.0,0,True,True,0.7191489338874817
006,RF-DETRs,False,294.0,0,True,True,0.5335180759429932
006,RF-DETRs,False,295.0,0,True,True,0.7245444059371948
006,RF-DETRs,False,295.0,1,True,True,0.4734731912612915
006,RF-DETRs,False,296.0,0,True,True,0.7475398778915405
006,RF-DETRs,False,297.0,0,True,True,0.8290926218032837
006,RF-DETRs,False,298.0,0,True,True,0.8104148507118225
006,RF-DETRs,False,299.0,0,True,True,0.8148385286331177
006,RF-DETRs,False,300.0,0,True,True,0.7823867201805115
006,RF-DETRs,False,301.0,0,True,True,0.7943275570869446
006,RF-DETRs,False,302.0,0,True,True,0.8085346221923828
006,RF-DETRs,False,303.0,0,True,True,0.8003842234611511
006,RF-DETRs,False,304.0,0,True,True,0.7987639904022217
006,RF-DETRs,False,305.0,0,True,True,0.7944347858428955
006,RF-DETRs,False,306.0,0,True,True,0.7811097502708435
006,RF-DETRs,False,307.0,0,True,True,0.7984055876731873
006,RF-DETRs,False,308.0,0,True,True,0.7960856556892395
006,RF-DETRs,False,309.0,0,True,True,0.7993829250335693
006,RF-DETRs,False,309.0,1,True,True,0.41379427909851074
006,RF-DETRs,False,310.0,0,True,True,0.6063756346702576
006,RF-DETRs,False,311.0,0,False,True,0.6918021440505981
006,RF-DETRs,False,311.0,1,True,True,0.456201434135437
006,RF-DETRs,False,312.0,0,True,True,0.5001729726791382
006,RF-DETRs,False,312.0,1,True,True,0.40709835290908813
006,RF-DETRs,False,313.0,0,True,True,0.536342442035675
006,RF-DETRs,False,313.0,1,True,True,0.5205690264701843
006,RF-DETRs,False,314.0,0,True,True,0.4419831931591034
006,RF-DETRs,False,314.0,1,True,True,0.4092537462711334
006,RF-DETRs,False,316.0,0,True,True,0.46794724464416504
006,RF-DETRs,False,320.0,0,True,True,0.458685040473938
006,RF-DETRs,False,321.0,0,True,True,0.6371821165084839
006,RF-DETRs,False,322.0,0,True,True,0.6983888149261475
006,RF-DETRs,False,323.0,0,True,True,0.7340853810310364
006,RF-DETRs,False,324.0,0,True,True,0.7994945049285889
006,RF-DETRs,False,325.0,0,True,True,0.732244610786438
006,RF-DETRs,False,326.0,0,True,True,0.6500264406204224
006,RF-DETRs,False,326.0,1,True,True,0.4614281952381134
006,RF-DETRs,False,327.0,0,True,True,0.5326200127601624
006,RF-DETRs,False,328.0,0,True,True,0.7105839252471924
006,RF-DETRs,False,329.0,0,True,True,0.776462197303772
006,RF-DETRs,False,330.0,0,True,True,0.8017140030860901
006,RF-DETRs,False,331.0,0,True,True,0.814751386642456
006,RF-DETRs,False,332.0,0,True,True,0.8159388899803162
006,RF-DETRs,False,333.0,0,True,True,0.7919459939002991
006,RF-DETRs,False,334.0,0,True,True,0.7882195115089417
006,RF-DETRs,False,335.0,0,True,True,0.7927467823028564
006,RF-DETRs,False,336.0,0,True,True,0.8139880895614624
006,RF-DETRs,False,337.0,0,True,True,0.8104066848754883
006,RF-DETRs,False,338.0,0,True,True,0.7455825805664062
006,RF-DETRs,False,339.0,0,True,True,0.73764967918396
006,RF-DETRs,False,340.0,0,True,True,0.7645671963691711
006,RF-DETRs,False,341.0,0,True,True,0.7883702516555786
006,RF-DETRs,False,342.0,0,True,True,0.7422516345977783
006,RF-DETRs,False,343.0,0,True,True,0.6685001254081726
006,RF-DETRs,False,344.0,0,True,True,0.6461657881736755
006,RF-DETRs,False,344.0,1,False,True,0.5642098784446716
006,RF-DETRs,False,345.0,0,True,True,0.6557830572128296
006,RF-DETRs,False,346.0,0,True,True,0.7096277475357056
006,RF-DETRs,False,347.0,0,True,True,0.6645330190658569
006,RF-DETRs,False,348.0,0,True,True,0.7037135362625122
006,RF-DETRs,False,349.0,0,True,True,0.6169965863227844
006,RF-DETRs,False,350.0,0,True,True,0.7148320078849792
006,RF-DETRs,False,350.0,1,True,True,0.6176266670227051
006,RF-DETRs,False,352.0,0,False,True,0.4318264424800873
006,RF-DETRs,False,353.0,0,True,True,0.4386153817176819
006,RF-DETRs,False,361.0,0,False,True,0.5506139397621155
006,RF-DETRs,False,362.0,0,False,True,0.5176389813423157
006,RF-DETRs,False,364.0,0,False,True,0.47835788130760193
006,RF-DETRs,False,365.0,0,True,True,0.6425368785858154
006,RF-DETRs,False,366.0,0,True,True,0.6930210590362549
006,RF-DETRs,False,367.0,0,True,True,0.7603880167007446
006,RF-DETRs,False,368.0,0,True,True,0.782558262348175
006,RF-DETRs,False,369.0,0,True,True,0.7527915835380554
006,RF-DETRs,False,369.0,1,False,True,0.4604472815990448
006,RF-DETRs,False,370.0,0,True,True,0.7814813256263733
006,RF-DETRs,False,370.0,1,False,True,0.5292285084724426
006,RF-DETRs,False,371.0,0,True,True,0.7810506820678711
006,RF-DETRs,False,372.0,0,True,True,0.7861695289611816
006,RF-DETRs,False,373.0,0,True,True,0.7696607708930969
006,RF-DETRs,False,374.0,0,True,True,0.7967039942741394
006,RF-DETRs,False,375.0,0,True,True,0.7788869738578796
006,RF-DETRs,False,376.0,0,True,True,0.773886501789093
006,RF-DETRs,False,377.0,0,True,True,0.788943350315094
006,RF-DETRs,False,378.0,0,True,True,0.7438083291053772
006,RF-DETRs,False,378.0,1,False,True,0.5755943059921265
006,RF-DETRs,False,379.0,0,True,True,0.7372514009475708
006,RF-DETRs,False,379.0,1,False,True,0.41851168870925903
006,RF-DETRs,False,380.0,0,True,True,0.7897610664367676
006,RF-DETRs,False,381.0,0,True,True,0.8080630898475647
006,RF-DETRs,False,382.0,0,True,True,0.7932170033454895
006,RF-DETRs,False,383.0,0,True,True,0.802009105682373
006,RF-DETRs,False,384.0,0,True,True,0.8084753155708313
006,RF-DETRs,False,385.0,0,True,True,0.8084147572517395
006,RF-DETRs,False,386.0,0,True,True,0.792568564414978
006,RF-DETRs,False,387.0,0,True,True,0.7888050675392151
006,RF-DETRs,False,388.0,0,True,True,0.78703773021698
006,RF-DETRs,False,389.0,0,True,True,0.7722604274749756
006,RF-DETRs,False,390.0,0,True,True,0.7753419876098633
006,RF-DETRs,False,390.0,1,False,True,0.4213537871837616
006,RF-DETRs,False,391.0,0,True,True,0.7874906659126282
006,RF-DETRs,False,391.0,1,False,True,0.5142041444778442
006,RF-DETRs,False,392.0,0,True,True,0.7599693536758423
006,RF-DETRs,False,392.0,1,False,True,0.5524560213088989
006,RF-DETRs,False,393.0,0,True,True,0.7704986333847046
006,RF-DETRs,False,394.0,0,True,True,0.7795717120170593
006,RF-DETRs,False,394.0,1,False,True,0.537445604801178
006,RF-DETRs,False,395.0,0,True,True,0.776107668876648
006,RF-DETRs,False,396.0,0,True,True,0.791943371295929
006,RF-DETRs,False,397.0,0,True,True,0.7742155194282532
006,RF-DETRs,False,398.0,0,True,True,0.7384892702102661
006,RF-DETRs,False,399.0,0,True,True,0.7423581480979919
006,RF-DETRs,False,400.0,0,True,True,0.7808722853660583
006,RF-DETRs,False,401.0,0,True,True,0.7717805504798889
006,RF-DETRs,False,402.0,0,True,True,0.7772887945175171
006,RF-DETRs,False,403.0,0,True,True,0.7714526653289795
006,RF-DETRs,False,404.0,0,True,True,0.7511967420578003
006,RF-DETRs,False,405.0,0,True,True,0.7487354278564453
006,RF-DETRs,False,406.0,0,True,True,0.7439240217208862
006,RF-DETRs,False,407.0,0,True,True,0.7477693557739258
006,RF-DETRs,False,408.0,0,True,True,0.7487736940383911
006,RF-DETRs,False,409.0,0,True,True,0.773243248462677
006,RF-DETRs,False,410.0,0,True,True,0.72269207239151
006,RF-DETRs,False,410.0,1,False,True,0.7032444477081299
006,RF-DETRs,False,410.0,2,False,True,0.48879024386405945
006,RF-DETRs,False,411.0,0,False,True,0.716395914554596
006,RF-DETRs,False,411.0,1,True,True,0.7116423845291138
006,RF-DETRs,False,411.0,2,False,True,0.46704572439193726
006,RF-DETRs,False,412.0,0,False,True,0.707935631275177
006,RF-DETRs,False,412.0,1,True,True,0.6739580631256104
006,RF-DETRs,False,412.0,2,False,True,0.5222773551940918
006,RF-DETRs,False,413.0,0,True,True,0.6613156795501709
006,RF-DETRs,False,413.0,1,False,True,0.5967334508895874
006,RF-DETRs,False,413.0,2,False,True,0.5157973766326904
006,RF-DETRs,False,414.0,0,True,True,0.6676222681999207
006,RF-DETRs,False,414.0,1,False,True,0.6526229977607727
006,RF-DETRs,False,414.0,2,False,True,0.5860433578491211
006,RF-DETRs,False,415.0,0,True,True,0.6863270401954651
006,RF-DETRs,False,415.0,1,False,True,0.6786001920700073
006,RF-DETRs,False,415.0,2,False,True,0.42905983328819275
006,RF-DETRs,False,416.0,0,True,True,0.6984228491783142
006,RF-DETRs,False,416.0,1,False,True,0.6310967803001404
006,RF-DETRs,False,417.0,0,True,True,0.6751439571380615
006,RF-DETRs,False,417.0,1,False,True,0.5183157324790955
006,RF-DETRs,False,418.0,0,True,True,0.8241703510284424
006,RF-DETRs,False,418.0,1,False,True,0.5597496628761292
006,RF-DETRs,False,419.0,0,True,True,0.6626471281051636
006,RF-DETRs,False,419.0,1,False,True,0.4593226909637451
006,RF-DETRs,False,420.0,0,False,True,0.7420996427536011
006,RF-DETRs,False,420.0,1,True,True,0.6478927135467529
006,RF-DETRs,False,421.0,0,False,True,0.7662848234176636
006,RF-DETRs,False,421.0,1,False,True,0.6324200630187988
006,RF-DETRs,False,421.0,2,True,True,0.5266999006271362
006,RF-DETRs,False,422.0,0,False,True,0.611849844455719
006,RF-DETRs,False,422.0,1,False,True,0.6014007329940796
006,RF-DETRs,False,422.0,2,True,True,0.6010324954986572
006,RF-DETRs,False,423.0,0,True,True,0.6572508215904236
006,RF-DETRs,False,424.0,0,True,True,0.6509628891944885
006,RF-DETRs,False,424.0,1,False,True,0.40499937534332275
006,RF-DETRs,False,425.0,0,True,True,0.648402214050293
006,RF-DETRs,False,426.0,0,True,True,0.6331655383110046
006,RF-DETRs,False,427.0,0,True,True,0.6166795492172241
006,RF-DETRs,False,428.0,0,True,True,0.6470310091972351
006,RF-DETRs,False,429.0,0,True,True,0.6442357301712036
006,RF-DETRs,False,430.0,0,True,True,0.6350721120834351
006,RF-DETRs,False,431.0,0,True,True,0.661062479019165
006,RF-DETRs,False,432.0,0,False,True,0.7805182933807373
006,RF-DETRs,False,432.0,1,True,True,0.5842831134796143
006,RF-DETRs,False,433.0,0,True,True,0.6226164102554321
006,RF-DETRs,False,433.0,1,False,True,0.4036189615726471
006,RF-DETRs,False,434.0,0,True,True,0.6209603548049927
006,RF-DETRs,False,434.0,1,False,True,0.44216999411582947
006,RF-DETRs,False,435.0,0,True,True,0.6166574954986572
006,RF-DETRs,False,436.0,0,True,True,0.6656054258346558
006,RF-DETRs,False,437.0,0,True,True,0.6716023683547974
006,RF-DETRs,False,438.0,0,True,True,0.6829726099967957
006,RF-DETRs,False,439.0,0,False,True,0.6764311194419861
006,RF-DETRs,False,439.0,1,True,True,0.6585215330123901
006,RF-DETRs,False,440.0,0,True,True,0.6756447553634644
006,RF-DETRs,False,441.0,0,False,True,0.6981599926948547
006,RF-DETRs,False,441.0,1,True,True,0.6975475549697876
006,RF-DETRs,False,442.0,0,False,True,0.819726824760437
006,RF-DETRs,False,442.0,1,False,True,0.7785722613334656
006,RF-DETRs,False,442.0,2,True,True,0.6384626030921936
006,RF-DETRs,False,443.0,0,True,True,0.6641917824745178
006,RF-DETRs,False,443.0,1,False,True,0.6600027084350586
006,RF-DETRs,False,443.0,2,False,True,0.4998610019683838
006,RF-DETRs,False,444.0,0,False,True,0.7805991172790527
006,RF-DETRs,False,444.0,1,False,True,0.7562622427940369
006,RF-DETRs,False,444.0,2,True,True,0.6038571000099182
006,RF-DETRs,False,445.0,0,True,True,0.6116786599159241
006,RF-DETRs,False,445.0,1,False,True,0.4867386817932129
006,RF-DETRs,False,445.0,2,False,True,0.47791728377342224
006,RF-DETRs,False,446.0,0,False,True,0.6505255699157715
006,RF-DETRs,False,446.0,1,True,True,0.5637685060501099
006,RF-DETRs,False,447.0,0,True,True,0.5947144627571106
006,RF-DETRs,False,448.0,0,False,True,0.8928059935569763
006,RF-DETRs,False,448.0,1,True,True,0.4286840856075287
006,RF-DETRs,False,449.0,0,False,True,0.8446484804153442
006,RF-DETRs,False,449.0,1,True,True,0.5378350019454956
006,RF-DETRs,False,450.0,0,False,True,0.7441948056221008
006,RF-DETRs,False,450.0,1,True,True,0.62794429063797
006,RF-DETRs,False,451.0,0,False,True,0.767110288143158
006,RF-DETRs,False,451.0,1,True,True,0.6538683772087097
006,RF-DETRs,False,452.0,0,False,True,0.7562769055366516
006,RF-DETRs,False,452.0,1,True,True,0.5838927626609802
006,RF-DETRs,False,453.0,0,False,True,0.731792151927948
006,RF-DETRs,False,453.0,1,True,True,0.5269317030906677
006,RF-DETRs,False,454.0,0,True,True,0.6211379170417786
006,RF-DETRs,False,454.0,1,False,True,0.564015805721283
006,RF-DETRs,False,454.0,2,False,True,0.4018668234348297
006,RF-DETRs,False,455.0,0,True,True,0.6358817219734192
006,RF-DETRs,False,455.0,1,False,True,0.5447935461997986
006,RF-DETRs,False,456.0,0,True,True,0.6461265683174133
006,RF-DETRs,False,456.0,1,False,True,0.5738920569419861
006,RF-DETRs,False,456.0,2,False,True,0.4078730642795563
006,RF-DETRs,False,457.0,0,True,True,0.6558765172958374
006,RF-DETRs,False,458.0,0,True,True,0.6788004636764526
006,RF-DETRs,False,458.0,1,False,True,0.4352627396583557
006,RF-DETRs,False,459.0,0,True,True,0.6730716824531555
006,RF-DETRs,False,459.0,1,False,True,0.40778404474258423
006,RF-DETRs,False,460.0,0,False,True,0.8681623339653015
006,RF-DETRs,False,460.0,1,True,True,0.45242440700531006
006,RF-DETRs,False,461.0,0,False,True,0.7793857455253601
006,RF-DETRs,False,461.0,1,True,True,0.5893476009368896
006,RF-DETRs,False,461.0,2,False,True,0.5445972681045532
006,RF-DETRs,False,461.0,3,False,True,0.4019027054309845
006,RF-DETRs,False,462.0,0,True,True,0.8776945471763611
006,RF-DETRs,False,462.0,1,False,True,0.5739563703536987
006,RF-DETRs,False,463.0,0,True,True,0.6911057829856873
006,RF-DETRs,False,464.0,0,True,True,0.6773741841316223
006,RF-DETRs,False,465.0,0,False,True,0.8673930764198303
006,RF-DETRs,False,465.0,1,True,True,0.5512962937355042
006,RF-DETRs,False,466.0,0,False,True,0.836633026599884
006,RF-DETRs,False,466.0,1,True,True,0.498020201921463
006,RF-DETRs,False,467.0,0,False,True,0.8217329382896423
006,RF-DETRs,False,467.0,1,True,True,0.5193578004837036
006,RF-DETRs,False,468.0,0,False,True,0.6695770025253296
006,RF-DETRs,False,468.0,1,True,True,0.6482740640640259
006,RF-DETRs,False,468.0,2,False,True,0.4440991282463074
006,RF-DETRs,False,469.0,0,True,True,0.606692373752594
006,RF-DETRs,False,469.0,1,False,True,0.588850200176239
006,RF-DETRs,False,469.0,2,False,True,0.4679194986820221
006,RF-DETRs,False,469.0,3,False,True,0.4342307448387146
006,RF-DETRs,False,469.0,4,False,True,0.4081006348133087
006,RF-DETRs,False,470.0,0,True,True,0.6508378386497498
006,RF-DETRs,False,470.0,1,False,True,0.5694571733474731
006,RF-DETRs,False,471.0,0,True,True,0.6534181237220764
006,RF-DETRs,False,471.0,1,False,True,0.6236220002174377
006,RF-DETRs,False,471.0,2,False,True,0.5231940746307373
006,RF-DETRs,False,472.0,0,True,True,0.6361467838287354
006,RF-DETRs,False,472.0,1,False,True,0.5671461820602417
006,RF-DETRs,False,472.0,2,False,True,0.4135205149650574
006,RF-DETRs,False,473.0,0,True,True,0.6521822214126587
006,RF-DETRs,False,474.0,0,True,True,0.6791111826896667
006,RF-DETRs,False,474.0,1,False,True,0.4775085747241974
006,RF-DETRs,False,475.0,0,True,True,0.7162648439407349
006,RF-DETRs,False,475.0,1,False,True,0.4441782534122467
006,RF-DETRs,False,476.0,0,True,True,0.6934796571731567
006,RF-DETRs,False,476.0,1,False,True,0.4178284704685211
006,RF-DETRs,False,477.0,0,False,True,0.8976773619651794
006,RF-DETRs,False,477.0,1,True,True,0.588511049747467
006,RF-DETRs,False,478.0,0,False,True,0.8891541361808777
006,RF-DETRs,False,478.0,1,True,True,0.6121076345443726
006,RF-DETRs,False,479.0,0,False,True,0.8738638758659363
006,RF-DETRs,False,479.0,1,True,True,0.6418746709823608
006,RF-DETRs,False,479.0,2,False,True,0.4354042112827301
006,RF-DETRs,False,480.0,0,False,True,0.8523802161216736
006,RF-DETRs,False,480.0,1,True,True,0.629228413105011
006,RF-DETRs,False,481.0,0,True,True,0.6991959810256958
006,RF-DETRs,False,481.0,1,False,True,0.46682730317115784
006,RF-DETRs,False,482.0,0,True,True,0.694156289100647
006,RF-DETRs,False,482.0,1,False,True,0.42812058329582214
006,RF-DETRs,False,483.0,0,True,True,0.7020727396011353
006,RF-DETRs,False,483.0,1,False,True,0.43188929557800293
006,RF-DETRs,False,484.0,0,True,True,0.7037060856819153
006,RF-DETRs,False,484.0,1,False,True,0.4257611930370331
006,RF-DETRs,False,485.0,0,True,True,0.6969115138053894
006,RF-DETRs,False,486.0,0,True,True,0.7072861194610596
006,RF-DETRs,False,486.0,1,False,True,0.4080771505832672
006,RF-DETRs,False,487.0,0,True,True,0.7152882814407349
006,RF-DETRs,False,487.0,1,False,True,0.413248211145401
006,RF-DETRs,False,488.0,0,True,True,0.6812987923622131
006,RF-DETRs,False,488.0,1,False,True,0.45193928480148315
006,RF-DETRs,False,489.0,0,True,True,0.6826603412628174
006,RF-DETRs,False,490.0,0,True,True,0.7188963890075684
006,RF-DETRs,False,490.0,1,False,True,0.4518989026546478
006,RF-DETRs,False,491.0,0,True,True,0.7307282090187073
006,RF-DETRs,False,492.0,0,True,True,0.724245011806488
006,RF-DETRs,False,493.0,0,True,True,0.7259700894355774
006,RF-DETRs,False,494.0,0,True,True,0.710468053817749
006,RF-DETRs,False,495.0,0,True,True,0.6947314143180847
006,RF-DETRs,False,496.0,0,True,True,0.707042396068573
006,RF-DETRs,False,497.0,0,True,True,0.7543596029281616
006,RF-DETRs,False,498.0,0,True,True,0.7584981918334961
006,RF-DETRs,False,499.0,0,True,True,0.7625841498374939
006,RF-DETRs,False,500.0,0,True,True,0.7526682615280151
006,RF-DETRs,False,501.0,0,True,True,0.7509927153587341
006,RF-DETRs,False,502.0,0,True,True,0.750423789024353
006,RF-DETRs,False,503.0,0,True,True,0.7464993000030518
006,RF-DETRs,False,504.0,0,True,True,0.7430101633071899
006,RF-DETRs,False,505.0,0,True,True,0.7161682844161987
006,RF-DETRs,False,506.0,0,False,True,0.8198984861373901
006,RF-DETRs,False,506.0,1,True,True,0.7047353386878967
006,RF-DETRs,False,507.0,0,True,True,0.7243443727493286
006,RF-DETRs,False,508.0,0,True,True,0.71055668592453
006,RF-DETRs,False,509.0,0,True,True,0.6978247165679932
006,RF-DETRs,False,510.0,0,True,True,0.6963992118835449
006,RF-DETRs,False,511.0,0,True,True,0.6962101459503174
006,RF-DETRs,False,512.0,0,True,True,0.7089225053787231
006,RF-DETRs,False,512.0,1,False,True,0.41569212079048157
006,RF-DETRs,False,513.0,0,True,True,0.7100725173950195
006,RF-DETRs,False,513.0,1,False,True,0.441183865070343
006,RF-DETRs,False,514.0,0,True,True,0.7128143906593323
006,RF-DETRs,False,515.0,0,True,True,0.7210167050361633
006,RF-DETRs,False,516.0,0,True,True,0.718878448009491
006,RF-DETRs,False,517.0,0,True,True,0.7284517884254456
006,RF-DETRs,False,518.0,0,True,True,0.7311240434646606
006,RF-DETRs,False,519.0,0,True,True,0.720297634601593
006,RF-DETRs,False,520.0,0,True,True,0.7193196415901184
006,RF-DETRs,False,521.0,0,True,True,0.7259641289710999
006,RF-DETRs,False,522.0,0,True,True,0.7149033546447754
006,RF-DETRs,False,523.0,0,True,True,0.7175424695014954
006,RF-DETRs,False,524.0,0,True,True,0.6952748894691467
006,RF-DETRs,False,525.0,0,True,True,0.7108967900276184
006,RF-DETRs,False,526.0,0,True,True,0.7264107465744019
006,RF-DETRs,False,527.0,0,True,True,0.7378391027450562
006,RF-DETRs,False,528.0,0,True,True,0.714012086391449
006,RF-DETRs,False,529.0,0,True,True,0.7143738269805908
006,RF-DETRs,False,530.0,0,True,True,0.7202122211456299
006,RF-DETRs,False,531.0,0,False,True,0.8515380620956421
006,RF-DETRs,False,531.0,1,True,True,0.6382723450660706
006,RF-DETRs,False,532.0,0,False,True,0.7587451338768005
006,RF-DETRs,False,532.0,1,True,True,0.6574949622154236
006,RF-DETRs,False,533.0,0,True,True,0.7088243961334229
006,RF-DETRs,False,534.0,0,True,True,0.7189703583717346
006,RF-DETRs,False,535.0,0,True,True,0.7246655821800232
006,RF-DETRs,False,536.0,0,True,True,0.734092652797699
006,RF-DETRs,False,537.0,0,True,True,0.7148987650871277
006,RF-DETRs,False,538.0,0,True,True,0.7090627551078796
006,RF-DETRs,False,539.0,0,True,True,0.6987293362617493
006,RF-DETRs,False,540.0,0,True,True,0.7005898952484131
006,RF-DETRs,False,541.0,0,True,True,0.6904062032699585
006,RF-DETRs,False,542.0,0,True,True,0.6871164441108704
006,RF-DETRs,False,542.0,1,True,True,0.6175276041030884
006,RF-DETRs,False,543.0,0,True,True,0.6774755716323853
006,RF-DETRs,False,544.0,0,True,True,0.694025456905365
006,RF-DETRs,False,545.0,0,True,True,0.6870197653770447
006,RF-DETRs,False,546.0,0,True,True,0.6737890243530273
006,RF-DETRs,False,547.0,0,True,True,0.6642643213272095
006,RF-DETRs,False,548.0,0,True,True,0.6790794730186462
006,RF-DETRs,False,548.0,1,False,True,0.43711134791374207
006,RF-DETRs,False,549.0,0,True,True,0.6667982339859009
006,RF-DETRs,False,549.0,1,False,True,0.5190091133117676
006,RF-DETRs,False,550.0,0,True,True,0.6678924560546875
006,RF-DETRs,False,550.0,1,False,True,0.495564341545105
006,RF-DETRs,False,551.0,0,True,True,0.6634207963943481
006,RF-DETRs,False,551.0,1,False,True,0.5147942900657654
006,RF-DETRs,False,552.0,0,True,True,0.6383199095726013
006,RF-DETRs,False,552.0,1,False,True,0.46303829550743103
007,RF-DETRs,False,0.0,0,False,True,0.9303753972053528
007,RF-DETRs,False,1.0,0,False,True,0.9207484126091003
007,RF-DETRs,False,2.0,0,False,True,0.9226146340370178
007,RF-DETRs,False,3.0,0,False,True,0.9174575805664062
007,RF-DETRs,False,4.0,0,False,True,0.9063544869422913
007,RF-DETRs,False,5.0,0,False,True,0.9149904847145081
007,RF-DETRs,False,6.0,0,False,True,0.9168775677680969
007,RF-DETRs,False,7.0,0,False,True,0.9074473977088928
007,RF-DETRs,False,8.0,0,False,True,0.9069135785102844
007,RF-DETRs,False,9.0,0,False,True,0.8996398448944092
007,RF-DETRs,False,10.0,0,False,True,0.9036058783531189
007,RF-DETRs,False,11.0,0,False,True,0.8973971009254456
007,RF-DETRs,False,12.0,0,False,True,0.8969519138336182
007,RF-DETRs,False,13.0,0,False,True,0.9125782251358032
007,RF-DETRs,False,14.0,0,False,True,0.9220474362373352
007,RF-DETRs,False,15.0,0,False,True,0.9239404797554016
007,RF-DETRs,False,16.0,0,False,True,0.9170979857444763
007,RF-DETRs,False,17.0,0,False,True,0.9165180325508118
007,RF-DETRs,False,18.0,0,False,True,0.9073752760887146
007,RF-DETRs,False,19.0,0,False,True,0.9203220009803772
007,RF-DETRs,False,20.0,0,False,True,0.9236563444137573
007,RF-DETRs,False,21.0,0,False,True,0.9224059581756592
007,RF-DETRs,False,22.0,0,False,True,0.90279221534729
007,RF-DETRs,False,23.0,0,False,True,0.897555947303772
007,RF-DETRs,False,24.0,0,False,True,0.9012742042541504
007,RF-DETRs,False,25.0,0,False,True,0.9103406667709351
007,RF-DETRs,False,26.0,0,False,True,0.9040562510490417
007,RF-DETRs,False,27.0,0,False,True,0.904788076877594
007,RF-DETRs,False,28.0,0,False,True,0.9076260924339294
007,RF-DETRs,False,29.0,0,False,True,0.9325217008590698
007,RF-DETRs,False,30.0,0,False,True,0.936072587966919
007,RF-DETRs,False,31.0,0,False,True,0.9318163990974426
007,RF-DETRs,False,32.0,0,False,True,0.9291897416114807
007,RF-DETRs,False,33.0,0,False,True,0.9249629378318787
007,RF-DETRs,False,34.0,0,False,True,0.9328700304031372
007,RF-DETRs,False,35.0,0,False,True,0.9310491681098938
007,RF-DETRs,False,36.0,0,False,True,0.9237457513809204
007,RF-DETRs,False,37.0,0,False,True,0.9195408821105957
007,RF-DETRs,False,38.0,0,False,True,0.9262645244598389
007,RF-DETRs,False,39.0,0,False,True,0.9230318069458008
007,RF-DETRs,False,40.0,0,False,True,0.9190234541893005
007,RF-DETRs,False,41.0,0,False,True,0.9251063466072083
007,RF-DETRs,False,42.0,0,False,True,0.9248793125152588
007,RF-DETRs,False,43.0,0,False,True,0.9227918386459351
007,RF-DETRs,False,44.0,0,False,True,0.9219709634780884
007,RF-DETRs,False,45.0,0,False,True,0.9216915369033813
007,RF-DETRs,False,46.0,0,False,True,0.9227927923202515
007,RF-DETRs,False,47.0,0,False,True,0.9258073568344116
007,RF-DETRs,False,48.0,0,False,True,0.9246715307235718
007,RF-DETRs,False,49.0,0,False,True,0.9133735299110413
007,RF-DETRs,False,50.0,0,False,True,0.9160588979721069
007,RF-DETRs,False,51.0,0,False,True,0.9170768857002258
007,RF-DETRs,False,52.0,0,False,True,0.9236583709716797
007,RF-DETRs,False,53.0,0,False,True,0.9186713099479675
007,RF-DETRs,False,54.0,0,False,True,0.9211882948875427
007,RF-DETRs,False,55.0,0,False,True,0.9179025888442993
007,RF-DETRs,False,56.0,0,False,True,0.9133370518684387
007,RF-DETRs,False,57.0,0,False,True,0.9158223867416382
007,RF-DETRs,False,58.0,0,False,True,0.9095633625984192
007,RF-DETRs,False,59.0,0,False,True,0.913642942905426
007,RF-DETRs,False,60.0,0,False,True,0.9189262986183167
007,RF-DETRs,False,61.0,0,False,True,0.9126584529876709
007,RF-DETRs,False,62.0,0,False,True,0.9173628687858582
007,RF-DETRs,False,63.0,0,False,True,0.9238836169242859
007,RF-DETRs,False,64.0,0,False,True,0.9271724224090576
007,RF-DETRs,False,65.0,0,False,True,0.9201487898826599
007,RF-DETRs,False,66.0,0,False,True,0.9155237078666687
007,RF-DETRs,False,67.0,0,False,True,0.9198644161224365
007,RF-DETRs,False,68.0,0,False,True,0.9209343791007996
007,RF-DETRs,False,69.0,0,False,True,0.9257438778877258
007,RF-DETRs,False,70.0,0,False,True,0.9274463057518005
007,RF-DETRs,False,71.0,0,False,True,0.923812747001648
007,RF-DETRs,False,72.0,0,False,True,0.9098191261291504
007,RF-DETRs,False,73.0,0,False,True,0.919977605342865
007,RF-DETRs,False,74.0,0,False,True,0.9154621958732605
007,RF-DETRs,False,75.0,0,False,True,0.9168415665626526
007,RF-DETRs,False,76.0,0,False,True,0.9200605750083923
007,RF-DETRs,False,77.0,0,False,True,0.9121030569076538
007,RF-DETRs,False,78.0,0,False,True,0.9152722358703613
007,RF-DETRs,False,79.0,0,False,True,0.9239548444747925
007,RF-DETRs,False,80.0,0,False,True,0.9152549505233765
007,RF-DETRs,False,81.0,0,False,True,0.9147033095359802
007,RF-DETRs,False,82.0,0,False,True,0.9101547598838806
007,RF-DETRs,False,83.0,0,False,True,0.9153204560279846
007,RF-DETRs,False,84.0,0,False,True,0.917543351650238
007,RF-DETRs,False,85.0,0,False,True,0.9158409833908081
007,RF-DETRs,False,86.0,0,False,True,0.9228108525276184
007,RF-DETRs,False,87.0,0,False,True,0.9293817281723022
007,RF-DETRs,False,88.0,0,False,True,0.9301409125328064
007,RF-DETRs,False,89.0,0,False,True,0.9239553213119507
007,RF-DETRs,False,90.0,0,False,True,0.9242095351219177
007,RF-DETRs,False,91.0,0,False,True,0.9210320711135864
007,RF-DETRs,False,92.0,0,False,True,0.9139429330825806
007,RF-DETRs,False,93.0,0,False,True,0.9134379029273987
007,RF-DETRs,False,94.0,0,False,True,0.9159460663795471
007,RF-DETRs,False,95.0,0,False,True,0.9279190301895142
007,RF-DETRs,False,96.0,0,False,True,0.920289158821106
007,RF-DETRs,False,97.0,0,False,True,0.9237568378448486
007,RF-DETRs,False,98.0,0,False,True,0.9230872392654419
007,RF-DETRs,False,99.0,0,False,True,0.9206928014755249
007,RF-DETRs,False,100.0,0,False,True,0.9110414981842041
007,RF-DETRs,False,101.0,0,False,True,0.9073436260223389
007,RF-DETRs,False,102.0,0,False,True,0.9043064713478088
007,RF-DETRs,False,103.0,0,False,True,0.9039738774299622
007,RF-DETRs,False,104.0,0,False,True,0.9012171626091003
007,RF-DETRs,False,105.0,0,False,True,0.9117631912231445
007,RF-DETRs,False,106.0,0,False,True,0.9158732891082764
007,RF-DETRs,False,107.0,0,False,True,0.9096299409866333
007,RF-DETRs,False,108.0,0,False,True,0.9065478444099426
007,RF-DETRs,False,109.0,0,False,True,0.8933824896812439
007,RF-DETRs,False,110.0,0,False,True,0.9133690595626831
007,RF-DETRs,False,111.0,0,False,True,0.9199182987213135
007,RF-DETRs,False,112.0,0,False,True,0.9133872389793396
007,RF-DETRs,False,113.0,0,False,True,0.9044933915138245
007,RF-DETRs,False,114.0,0,False,True,0.9118229746818542
007,RF-DETRs,False,115.0,0,False,True,0.9136183261871338
007,RF-DETRs,False,116.0,0,False,True,0.9298382997512817
007,RF-DETRs,False,117.0,0,False,True,0.9276126623153687
007,RF-DETRs,False,118.0,0,False,True,0.9212328195571899
007,RF-DETRs,False,119.0,0,False,True,0.9256532192230225
007,RF-DETRs,False,120.0,0,False,True,0.9320834875106812
007,RF-DETRs,False,121.0,0,False,True,0.9215990900993347
007,RF-DETRs,False,122.0,0,False,True,0.9265872836112976
007,RF-DETRs,False,123.0,0,False,True,0.93015456199646
007,RF-DETRs,False,124.0,0,False,True,0.9294989109039307
007,RF-DETRs,False,125.0,0,False,True,0.9238221645355225
007,RF-DETRs,False,126.0,0,False,True,0.9250081181526184
007,RF-DETRs,False,127.0,0,False,True,0.928626298904419
007,RF-DETRs,False,128.0,0,False,True,0.9194836020469666
007,RF-DETRs,False,129.0,0,False,True,0.9181157946586609
007,RF-DETRs,False,130.0,0,False,True,0.9216897487640381
007,RF-DETRs,False,131.0,0,False,True,0.9172173142433167
007,RF-DETRs,False,132.0,0,False,True,0.9304315447807312
007,RF-DETRs,False,133.0,0,False,True,0.9265267252922058
007,RF-DETRs,False,134.0,0,False,True,0.9121955633163452
007,RF-DETRs,False,135.0,0,False,True,0.9253538250923157
007,RF-DETRs,False,136.0,0,False,True,0.9257281422615051
007,RF-DETRs,False,137.0,0,False,True,0.9201557040214539
007,RF-DETRs,False,138.0,0,False,True,0.9170585870742798
007,RF-DETRs,False,139.0,0,False,True,0.9086849689483643
007,RF-DETRs,False,140.0,0,False,True,0.9209500551223755
007,RF-DETRs,False,141.0,0,False,True,0.9249444603919983
007,RF-DETRs,False,142.0,0,False,True,0.916675865650177
007,RF-DETRs,False,143.0,0,False,True,0.9249489307403564
007,RF-DETRs,False,144.0,0,False,True,0.9070943593978882
007,RF-DETRs,False,145.0,0,False,True,0.9271607995033264
007,RF-DETRs,False,146.0,0,False,True,0.9315987825393677
007,RF-DETRs,False,147.0,0,False,True,0.9351330399513245
007,RF-DETRs,False,148.0,0,False,True,0.9304336905479431
007,RF-DETRs,False,149.0,0,False,True,0.9331435561180115
007,RF-DETRs,False,150.0,0,False,True,0.9303567409515381
007,RF-DETRs,False,151.0,0,False,True,0.9297886490821838
007,RF-DETRs,False,152.0,0,False,True,0.9299315810203552
007,RF-DETRs,False,153.0,0,False,True,0.9322739243507385
007,RF-DETRs,False,154.0,0,False,True,0.9252522587776184
007,RF-DETRs,False,155.0,0,False,True,0.9223190546035767
007,RF-DETRs,False,156.0,0,False,True,0.9306628704071045
007,RF-DETRs,False,157.0,0,False,True,0.9284365177154541
007,RF-DETRs,False,158.0,0,False,True,0.9238332509994507
007,RF-DETRs,False,159.0,0,False,True,0.9256186485290527
007,RF-DETRs,False,160.0,0,False,True,0.9229335784912109
007,RF-DETRs,False,161.0,0,False,True,0.9309337735176086
007,RF-DETRs,False,162.0,0,False,True,0.9246187210083008
007,RF-DETRs,False,163.0,0,False,True,0.9337528944015503
007,RF-DETRs,False,164.0,0,False,True,0.9337548613548279
007,RF-DETRs,False,165.0,0,False,True,0.9331768155097961
007,RF-DETRs,False,166.0,0,False,True,0.9255053997039795
007,RF-DETRs,False,167.0,0,False,True,0.9270060062408447
007,RF-DETRs,False,168.0,0,False,True,0.9256111979484558
007,RF-DETRs,False,169.0,0,False,True,0.9131633639335632
007,RF-DETRs,False,170.0,0,False,True,0.9009867310523987
007,RF-DETRs,False,171.0,0,False,True,0.9115362167358398
007,RF-DETRs,False,172.0,0,False,True,0.9205625653266907
007,RF-DETRs,False,173.0,0,False,True,0.9252914190292358
007,RF-DETRs,False,174.0,0,False,True,0.9219353795051575
007,RF-DETRs,False,175.0,0,False,True,0.9136480093002319
007,RF-DETRs,False,176.0,0,False,True,0.9098368883132935
007,RF-DETRs,False,177.0,0,False,True,0.8957048058509827
007,RF-DETRs,False,178.0,0,False,True,0.8821196556091309
007,RF-DETRs,False,179.0,0,False,True,0.8757869601249695
007,RF-DETRs,False,180.0,0,False,True,0.8563677072525024
007,RF-DETRs,False,181.0,0,False,True,0.8683879971504211
007,RF-DETRs,False,182.0,0,False,True,0.8630013465881348
007,RF-DETRs,False,183.0,0,False,True,0.8542160987854004
007,RF-DETRs,False,184.0,0,False,True,0.8607363104820251
007,RF-DETRs,False,185.0,0,False,True,0.8491631746292114
007,RF-DETRs,False,185.0,1,False,True,0.5243031978607178
007,RF-DETRs,False,186.0,0,False,True,0.8443217277526855
007,RF-DETRs,False,186.0,1,False,True,0.49593639373779297
007,RF-DETRs,False,187.0,0,False,True,0.8368340134620667
007,RF-DETRs,False,187.0,1,False,True,0.5233873128890991
007,RF-DETRs,False,188.0,0,False,True,0.8097208142280579
007,RF-DETRs,False,188.0,1,False,True,0.60035640001297
007,RF-DETRs,False,189.0,0,False,True,0.7930043935775757
007,RF-DETRs,False,189.0,1,False,True,0.5669036507606506
007,RF-DETRs,False,190.0,0,False,True,0.8014810085296631
007,RF-DETRs,False,190.0,1,False,True,0.591110348701477
007,RF-DETRs,False,191.0,0,False,True,0.819035530090332
007,RF-DETRs,False,191.0,1,False,True,0.4620218276977539
007,RF-DETRs,False,192.0,0,False,True,0.8423770666122437
007,RF-DETRs,False,192.0,1,False,True,0.6362137198448181
007,RF-DETRs,False,193.0,0,False,True,0.8386523127555847
007,RF-DETRs,False,193.0,1,False,True,0.5084732174873352
007,RF-DETRs,False,194.0,0,False,True,0.8052682876586914
007,RF-DETRs,False,195.0,0,False,True,0.8044471144676208
007,RF-DETRs,False,196.0,0,False,True,0.8496764898300171
007,RF-DETRs,False,197.0,0,False,True,0.8060852885246277
007,RF-DETRs,False,198.0,0,False,True,0.7835084795951843
007,RF-DETRs,False,199.0,0,False,True,0.8300386667251587
007,RF-DETRs,False,200.0,0,False,True,0.8174338936805725
007,RF-DETRs,False,201.0,0,False,True,0.8215894103050232
007,RF-DETRs,False,202.0,0,False,True,0.8036737442016602
007,RF-DETRs,False,203.0,0,False,True,0.8011395335197449
007,RF-DETRs,False,203.0,1,False,True,0.40097472071647644
007,RF-DETRs,False,204.0,0,False,True,0.8395974040031433
007,RF-DETRs,False,204.0,1,False,True,0.5109280943870544
007,RF-DETRs,False,205.0,0,False,True,0.8322035670280457
007,RF-DETRs,False,206.0,0,False,True,0.8425535559654236
007,RF-DETRs,False,206.0,1,False,True,0.518009603023529
007,RF-DETRs,False,207.0,0,False,True,0.883080780506134
007,RF-DETRs,False,207.0,1,False,True,0.4280281662940979
007,RF-DETRs,False,208.0,0,False,True,0.8937181830406189
007,RF-DETRs,False,209.0,0,False,True,0.8741146326065063
007,RF-DETRs,False,210.0,0,False,True,0.8507789969444275
007,RF-DETRs,False,210.0,1,False,True,0.4408954083919525
007,RF-DETRs,False,210.0,2,False,True,0.423979789018631
007,RF-DETRs,False,211.0,0,False,True,0.8250024318695068
007,RF-DETRs,False,212.0,0,False,True,0.8243993520736694
007,RF-DETRs,False,213.0,0,False,True,0.8317430019378662
007,RF-DETRs,False,214.0,0,False,True,0.7496967911720276
007,RF-DETRs,False,214.0,1,False,True,0.5333462357521057
007,RF-DETRs,False,215.0,0,False,True,0.7856999039649963
007,RF-DETRs,False,215.0,1,False,True,0.6901267170906067
007,RF-DETRs,False,216.0,0,False,True,0.8441065549850464
007,RF-DETRs,False,216.0,1,False,True,0.5465676188468933
007,RF-DETRs,False,217.0,0,False,True,0.7342810034751892
007,RF-DETRs,False,217.0,1,True,True,0.6810434460639954
007,RF-DETRs,False,217.0,2,False,True,0.5392796397209167
007,RF-DETRs,False,217.0,3,False,True,0.5069084763526917
007,RF-DETRs,False,218.0,0,False,True,0.789923906326294
007,RF-DETRs,False,218.0,1,False,True,0.704004168510437
007,RF-DETRs,False,219.0,0,False,True,0.7975605726242065
007,RF-DETRs,False,219.0,1,False,True,0.5695598125457764
007,RF-DETRs,False,220.0,0,False,True,0.7207925319671631
007,RF-DETRs,False,220.0,1,False,True,0.48235055804252625
007,RF-DETRs,False,221.0,0,False,True,0.7962552309036255
007,RF-DETRs,False,221.0,1,True,True,0.6823892593383789
007,RF-DETRs,False,221.0,2,False,True,0.4823096692562103
007,RF-DETRs,False,222.0,0,False,True,0.7877103686332703
007,RF-DETRs,False,222.0,1,True,True,0.5299579501152039
007,RF-DETRs,False,222.0,2,False,True,0.4812847971916199
007,RF-DETRs,False,223.0,0,False,True,0.7930349707603455
007,RF-DETRs,False,223.0,1,False,True,0.5670599937438965
007,RF-DETRs,False,224.0,0,False,True,0.7529777884483337
007,RF-DETRs,False,224.0,1,False,True,0.4758724570274353
007,RF-DETRs,False,225.0,0,False,True,0.5297119617462158
007,RF-DETRs,False,225.0,1,False,True,0.5229212045669556
007,RF-DETRs,False,226.0,0,False,True,0.6979997754096985
007,RF-DETRs,False,226.0,1,False,True,0.407882958650589
007,RF-DETRs,False,227.0,0,False,True,0.8314852118492126
007,RF-DETRs,False,228.0,0,False,True,0.6402961611747742
007,RF-DETRs,False,228.0,1,False,True,0.5628933310508728
007,RF-DETRs,False,229.0,0,False,True,0.7950518727302551
007,RF-DETRs,False,230.0,0,False,True,0.6197040677070618
007,RF-DETRs,False,230.0,1,False,True,0.5940981507301331
007,RF-DETRs,False,230.0,2,False,True,0.532027542591095
007,RF-DETRs,False,231.0,0,False,True,0.6324561834335327
007,RF-DETRs,False,231.0,1,False,True,0.6121911406517029
007,RF-DETRs,False,231.0,2,False,True,0.47605061531066895
007,RF-DETRs,False,232.0,0,False,True,0.6233789324760437
007,RF-DETRs,False,232.0,1,False,True,0.5697588920593262
007,RF-DETRs,False,233.0,0,False,True,0.7197068333625793
007,RF-DETRs,False,233.0,1,False,True,0.672902524471283
007,RF-DETRs,False,234.0,0,False,True,0.8129234910011292
007,RF-DETRs,False,235.0,0,False,True,0.8726407885551453
007,RF-DETRs,False,235.0,1,False,True,0.4048973619937897
007,RF-DETRs,False,236.0,0,False,True,0.8111139535903931
007,RF-DETRs,False,237.0,0,False,True,0.7558952569961548
007,RF-DETRs,False,238.0,0,False,True,0.6386304497718811
007,RF-DETRs,False,239.0,0,False,True,0.7982307076454163
007,RF-DETRs,False,240.0,0,False,True,0.7723168134689331
007,RF-DETRs,False,241.0,0,False,True,0.6796282529830933
007,RF-DETRs,False,244.0,0,False,True,0.5512617826461792
007,RF-DETRs,False,245.0,0,False,True,0.8226589560508728
007,RF-DETRs,False,245.0,1,False,True,0.4851957857608795
007,RF-DETRs,False,246.0,0,False,True,0.8566884994506836
007,RF-DETRs,False,246.0,1,False,True,0.4348083436489105
007,RF-DETRs,False,247.0,0,True,True,0.8449191451072693
007,RF-DETRs,False,247.0,1,False,True,0.47825804352760315
007,RF-DETRs,False,248.0,0,True,True,0.8453912138938904
007,RF-DETRs,False,249.0,0,True,True,0.8572385311126709
007,RF-DETRs,False,249.0,1,False,True,0.5008630752563477
007,RF-DETRs,False,250.0,0,True,True,0.8554393649101257
007,RF-DETRs,False,250.0,1,False,True,0.41775524616241455
007,RF-DETRs,False,251.0,0,True,True,0.860537052154541
007,RF-DETRs,False,251.0,1,False,True,0.45236319303512573
007,RF-DETRs,False,252.0,0,True,True,0.8607325553894043
007,RF-DETRs,False,252.0,1,False,True,0.4442388713359833
007,RF-DETRs,False,253.0,0,True,True,0.8653308153152466
007,RF-DETRs,False,253.0,1,False,True,0.4244619607925415
007,RF-DETRs,False,254.0,0,True,True,0.868386447429657
007,RF-DETRs,False,255.0,0,True,True,0.8693504929542542
007,RF-DETRs,False,256.0,0,True,True,0.8696183562278748
007,RF-DETRs,False,256.0,1,False,True,0.46713554859161377
007,RF-DETRs,False,257.0,0,False,True,0.8659446239471436
007,RF-DETRs,False,257.0,1,False,True,0.5009264945983887
007,RF-DETRs,False,258.0,0,False,True,0.8673999309539795
007,RF-DETRs,False,258.0,1,False,True,0.48621419072151184
007,RF-DETRs,False,259.0,0,False,True,0.8620591759681702
007,RF-DETRs,False,259.0,1,False,True,0.4013656973838806
007,RF-DETRs,False,260.0,0,False,True,0.8581570386886597
007,RF-DETRs,False,260.0,1,False,True,0.4427488148212433
007,RF-DETRs,False,261.0,0,False,True,0.8459479212760925
007,RF-DETRs,False,261.0,1,False,True,0.4868384003639221
007,RF-DETRs,False,262.0,0,False,True,0.8505176305770874
007,RF-DETRs,False,262.0,1,False,True,0.5058677792549133
007,RF-DETRs,False,263.0,0,False,True,0.8562790751457214
007,RF-DETRs,False,263.0,1,False,True,0.46150973439216614
008,RF-DETRs,False,0.0,0,False,True,0.9346222877502441
008,RF-DETRs,False,0.0,1,False,True,0.8910195827484131
008,RF-DETRs,False,0.0,2,False,True,0.8075835108757019
008,RF-DETRs,False,0.0,3,False,True,0.6591814756393433
008,RF-DETRs,False,0.0,4,False,True,0.6396499872207642
008,RF-DETRs,False,0.0,5,False,True,0.6332607865333557
008,RF-DETRs,False,0.0,6,False,True,0.5744046568870544
008,RF-DETRs,False,0.0,7,False,True,0.5082648396492004
008,RF-DETRs,False,0.0,8,False,True,0.4306418299674988
008,RF-DETRs,False,1.0,0,False,True,0.9384970664978027
008,RF-DETRs,False,1.0,1,False,True,0.900659441947937
008,RF-DETRs,False,1.0,2,False,True,0.8241998553276062
008,RF-DETRs,False,1.0,3,False,True,0.7796258926391602
008,RF-DETRs,False,1.0,4,False,True,0.6887561678886414
008,RF-DETRs,False,1.0,5,False,True,0.6704947352409363
008,RF-DETRs,False,1.0,6,False,True,0.6496134400367737
008,RF-DETRs,False,1.0,7,False,True,0.6333635449409485
008,RF-DETRs,False,1.0,8,False,True,0.6276444792747498
008,RF-DETRs,False,1.0,9,False,True,0.42739763855934143
008,RF-DETRs,False,2.0,0,False,True,0.9359493255615234
008,RF-DETRs,False,2.0,1,False,True,0.9026881456375122
008,RF-DETRs,False,2.0,2,False,True,0.8572346568107605
008,RF-DETRs,False,2.0,3,False,True,0.7727224230766296
008,RF-DETRs,False,2.0,4,False,True,0.7711849808692932
008,RF-DETRs,False,2.0,5,False,True,0.7349429726600647
008,RF-DETRs,False,2.0,6,False,True,0.6408131122589111
008,RF-DETRs,False,2.0,7,False,True,0.6266167759895325
008,RF-DETRs,False,2.0,8,False,True,0.6012250185012817
008,RF-DETRs,False,2.0,9,False,True,0.4144686460494995
008,RF-DETRs,False,3.0,0,False,True,0.9409124255180359
008,RF-DETRs,False,3.0,1,False,True,0.9026600122451782
008,RF-DETRs,False,3.0,2,False,True,0.8264977931976318
008,RF-DETRs,False,3.0,3,False,True,0.777239978313446
008,RF-DETRs,False,3.0,4,False,True,0.7228626012802124
008,RF-DETRs,False,3.0,5,False,True,0.684508204460144
008,RF-DETRs,False,3.0,6,False,True,0.6270638704299927
008,RF-DETRs,False,3.0,7,False,True,0.6008316874504089
008,RF-DETRs,False,3.0,8,False,True,0.5419280529022217
008,RF-DETRs,False,3.0,9,False,True,0.4027675688266754
008,RF-DETRs,False,4.0,0,False,True,0.9412703514099121
008,RF-DETRs,False,4.0,1,False,True,0.9013229012489319
008,RF-DETRs,False,4.0,2,False,True,0.822668731212616
008,RF-DETRs,False,4.0,3,False,True,0.7741652131080627
008,RF-DETRs,False,4.0,4,False,True,0.6836827993392944
008,RF-DETRs,False,4.0,5,False,True,0.6411474347114563
008,RF-DETRs,False,4.0,6,False,True,0.6098291873931885
008,RF-DETRs,False,4.0,7,False,True,0.571052074432373
008,RF-DETRs,False,4.0,8,False,True,0.5398330092430115
008,RF-DETRs,False,5.0,0,False,True,0.9344594478607178
008,RF-DETRs,False,5.0,1,False,True,0.8991127014160156
008,RF-DETRs,False,5.0,2,False,True,0.8497018218040466
008,RF-DETRs,False,5.0,3,False,True,0.7628175020217896
008,RF-DETRs,False,5.0,4,False,True,0.6968017220497131
008,RF-DETRs,False,5.0,5,False,True,0.6940324902534485
008,RF-DETRs,False,5.0,6,False,True,0.6063259243965149
008,RF-DETRs,False,5.0,7,False,True,0.6047609448432922
008,RF-DETRs,False,5.0,8,False,True,0.5598924160003662
008,RF-DETRs,False,12.0,0,False,True,0.94007807970047
008,RF-DETRs,False,12.0,1,False,True,0.8997699022293091
008,RF-DETRs,False,12.0,2,False,True,0.8161851167678833
008,RF-DETRs,False,12.0,3,False,True,0.7211418151855469
008,RF-DETRs,False,12.0,4,False,True,0.6898931264877319
008,RF-DETRs,False,12.0,5,False,True,0.5928956866264343
008,RF-DETRs,False,12.0,6,False,True,0.5630367398262024
008,RF-DETRs,False,12.0,7,False,True,0.49346280097961426
008,RF-DETRs,False,12.0,8,False,True,0.46016615629196167
008,RF-DETRs,False,12.0,9,False,True,0.45747894048690796
008,RF-DETRs,False,13.0,0,False,True,0.9425085783004761
008,RF-DETRs,False,13.0,1,False,True,0.9024463295936584
008,RF-DETRs,False,13.0,2,False,True,0.8270662426948547
008,RF-DETRs,False,13.0,3,False,True,0.7303043007850647
008,RF-DETRs,False,13.0,4,False,True,0.7035130262374878
008,RF-DETRs,False,13.0,5,False,True,0.5928632020950317
008,RF-DETRs,False,13.0,6,False,True,0.5369178652763367
008,RF-DETRs,False,13.0,7,False,True,0.48783206939697266
008,RF-DETRs,False,14.0,0,False,True,0.9351081252098083
008,RF-DETRs,False,14.0,1,False,True,0.9014677405357361
008,RF-DETRs,False,14.0,2,False,True,0.8534891605377197
008,RF-DETRs,False,14.0,3,False,True,0.780458390712738
008,RF-DETRs,False,14.0,4,False,True,0.690401554107666
008,RF-DETRs,False,14.0,5,False,True,0.6119177341461182
008,RF-DETRs,False,14.0,6,False,True,0.5339673161506653
008,RF-DETRs,False,14.0,7,False,True,0.5299951434135437
008,RF-DETRs,False,14.0,8,False,True,0.4906131327152252
008,RF-DETRs,False,16.0,0,False,True,0.9335722923278809
008,RF-DETRs,False,16.0,1,False,True,0.8984761238098145
008,RF-DETRs,False,16.0,2,False,True,0.884765625
008,RF-DETRs,False,16.0,3,False,True,0.7345104217529297
008,RF-DETRs,False,16.0,4,False,True,0.6639410853385925
008,RF-DETRs,False,16.0,5,False,True,0.5663573741912842
008,RF-DETRs,False,16.0,6,False,True,0.5317406058311462
008,RF-DETRs,False,16.0,7,False,True,0.4681095778942108
008,RF-DETRs,False,16.0,8,False,True,0.4508517384529114
008,RF-DETRs,False,16.0,9,False,True,0.4421606957912445
008,RF-DETRs,False,16.0,10,False,True,0.4011780619621277
008,RF-DETRs,False,17.0,0,False,True,0.9344257116317749
008,RF-DETRs,False,17.0,1,False,True,0.8974369764328003
008,RF-DETRs,False,17.0,2,False,True,0.8603229522705078
008,RF-DETRs,False,17.0,3,False,True,0.7228040099143982
008,RF-DETRs,False,17.0,4,False,True,0.6457993388175964
008,RF-DETRs,False,17.0,5,False,True,0.5921335220336914
008,RF-DETRs,False,17.0,6,False,True,0.5370733141899109
008,RF-DETRs,False,17.0,7,False,True,0.5127800703048706
008,RF-DETRs,False,17.0,8,False,True,0.46108314394950867
008,RF-DETRs,False,17.0,9,False,True,0.44383442401885986
008,RF-DETRs,False,17.0,10,False,True,0.40915563702583313
008,RF-DETRs,False,18.0,0,False,True,0.9398409724235535
008,RF-DETRs,False,18.0,1,False,True,0.8987528085708618
008,RF-DETRs,False,18.0,2,False,True,0.8358607888221741
008,RF-DETRs,False,18.0,3,False,True,0.7594248056411743
008,RF-DETRs,False,18.0,4,False,True,0.6206254363059998
008,RF-DETRs,False,18.0,5,False,True,0.5969457626342773
008,RF-DETRs,False,18.0,6,False,True,0.5811967253684998
008,RF-DETRs,False,18.0,7,False,True,0.4764443039894104
008,RF-DETRs,False,18.0,8,False,True,0.4731651842594147
008,RF-DETRs,False,18.0,9,False,True,0.46820181608200073
008,RF-DETRs,False,18.0,10,False,True,0.4665922224521637
008,RF-DETRs,False,20.0,0,False,True,0.9354670643806458
008,RF-DETRs,False,20.0,1,False,True,0.8991655707359314
008,RF-DETRs,False,20.0,2,False,True,0.8648701310157776
008,RF-DETRs,False,20.0,3,False,True,0.7593674659729004
008,RF-DETRs,False,20.0,4,False,True,0.7263110280036926
008,RF-DETRs,False,20.0,5,False,True,0.697401762008667
008,RF-DETRs,False,20.0,6,False,True,0.6433505415916443
008,RF-DETRs,False,20.0,7,False,True,0.5811471343040466
008,RF-DETRs,False,20.0,8,False,True,0.5024711489677429
008,RF-DETRs,False,20.0,9,False,True,0.5021214485168457
008,RF-DETRs,False,21.0,0,False,True,0.9364783763885498
008,RF-DETRs,False,21.0,1,False,True,0.9019084572792053
008,RF-DETRs,False,21.0,2,False,True,0.8648699522018433
008,RF-DETRs,False,21.0,3,False,True,0.7302067875862122
008,RF-DETRs,False,21.0,4,False,True,0.5737379193305969
008,RF-DETRs,False,21.0,5,False,True,0.5734816789627075
008,RF-DETRs,False,21.0,6,False,True,0.563990592956543
008,RF-DETRs,False,21.0,7,False,True,0.4775172770023346
008,RF-DETRs,False,21.0,8,False,True,0.4610729515552521
008,RF-DETRs,False,21.0,9,False,True,0.43648892641067505
008,RF-DETRs,False,22.0,0,False,True,0.9402282238006592
008,RF-DETRs,False,22.0,1,False,True,0.901378333568573
008,RF-DETRs,False,22.0,2,False,True,0.8383552432060242
008,RF-DETRs,False,22.0,3,False,True,0.7159159183502197
008,RF-DETRs,False,22.0,4,False,True,0.641406774520874
008,RF-DETRs,False,22.0,5,False,True,0.6260087490081787
008,RF-DETRs,False,22.0,6,False,True,0.5750938057899475
008,RF-DETRs,False,22.0,7,False,True,0.5236700177192688
008,RF-DETRs,False,22.0,8,False,True,0.5087200403213501
008,RF-DETRs,False,23.0,0,False,True,0.9378340840339661
008,RF-DETRs,False,23.0,1,False,True,0.8981789350509644
008,RF-DETRs,False,23.0,2,False,True,0.8686423897743225
008,RF-DETRs,False,23.0,3,False,True,0.7103554606437683
008,RF-DETRs,False,23.0,4,False,True,0.6035375595092773
008,RF-DETRs,False,23.0,5,False,True,0.6020998358726501
008,RF-DETRs,False,23.0,6,False,True,0.536090075969696
008,RF-DETRs,False,23.0,7,False,True,0.510081946849823
008,RF-DETRs,False,23.0,8,False,True,0.4895949959754944
008,RF-DETRs,False,24.0,0,False,True,0.9364712834358215
008,RF-DETRs,False,24.0,1,False,True,0.8992074131965637
008,RF-DETRs,False,24.0,2,False,True,0.8723238110542297
008,RF-DETRs,False,24.0,3,False,True,0.7411923408508301
008,RF-DETRs,False,24.0,4,False,True,0.6211883425712585
008,RF-DETRs,False,24.0,5,False,True,0.5712064504623413
008,RF-DETRs,False,24.0,6,False,True,0.5629180669784546
008,RF-DETRs,False,24.0,7,False,True,0.5275838971138
008,RF-DETRs,False,24.0,8,False,True,0.5275671482086182
008,RF-DETRs,False,24.0,9,False,True,0.4624723196029663
008,RF-DETRs,False,25.0,0,False,True,0.9423655271530151
008,RF-DETRs,False,25.0,1,False,True,0.8988291621208191
008,RF-DETRs,False,25.0,2,False,True,0.8459007143974304
008,RF-DETRs,False,25.0,3,False,True,0.7469097375869751
008,RF-DETRs,False,25.0,4,False,True,0.6453933119773865
008,RF-DETRs,False,25.0,5,False,True,0.6170580983161926
008,RF-DETRs,False,25.0,6,False,True,0.6104724407196045
008,RF-DETRs,False,25.0,7,False,True,0.538008987903595
008,RF-DETRs,False,25.0,8,False,True,0.4870990812778473
008,RF-DETRs,False,26.0,0,False,True,0.9410399794578552
008,RF-DETRs,False,26.0,1,False,True,0.8997982144355774
008,RF-DETRs,False,26.0,2,False,True,0.8541626930236816
008,RF-DETRs,False,26.0,3,False,True,0.7429665327072144
008,RF-DETRs,False,26.0,4,False,True,0.6120057702064514
008,RF-DETRs,False,26.0,5,False,True,0.580882728099823
008,RF-DETRs,False,26.0,6,False,True,0.5703542232513428
008,RF-DETRs,False,26.0,7,False,True,0.4937794804573059
008,RF-DETRs,False,26.0,8,False,True,0.47389617562294006
008,RF-DETRs,False,26.0,9,False,True,0.4215785562992096
008,RF-DETRs,False,27.0,0,False,True,0.9412756562232971
008,RF-DETRs,False,27.0,1,False,True,0.9022818207740784
008,RF-DETRs,False,27.0,2,False,True,0.8638007044792175
008,RF-DETRs,False,27.0,3,False,True,0.7282620668411255
008,RF-DETRs,False,27.0,4,False,True,0.6821210384368896
008,RF-DETRs,False,27.0,5,False,True,0.6681875586509705
008,RF-DETRs,False,27.0,6,False,True,0.6201350092887878
008,RF-DETRs,False,27.0,7,False,True,0.5744972229003906
008,RF-DETRs,False,27.0,8,False,True,0.5576232075691223
008,RF-DETRs,False,27.0,9,False,True,0.4996916353702545
008,RF-DETRs,False,28.0,0,False,True,0.9420953989028931
008,RF-DETRs,False,28.0,1,False,True,0.9012823700904846
008,RF-DETRs,False,28.0,2,False,True,0.8568620085716248
008,RF-DETRs,False,28.0,3,False,True,0.7193478941917419
008,RF-DETRs,False,28.0,4,False,True,0.6988579630851746
008,RF-DETRs,False,28.0,5,False,True,0.6670830845832825
008,RF-DETRs,False,28.0,6,False,True,0.5872140526771545
008,RF-DETRs,False,28.0,7,False,True,0.5784755945205688
008,RF-DETRs,False,28.0,8,False,True,0.5168545842170715
008,RF-DETRs,False,28.0,9,False,True,0.5079208016395569
008,RF-DETRs,False,29.0,0,False,True,0.942558228969574
008,RF-DETRs,False,29.0,1,False,True,0.9007275700569153
008,RF-DETRs,False,29.0,2,False,True,0.8322868943214417
008,RF-DETRs,False,29.0,3,False,True,0.7804341316223145
008,RF-DETRs,False,29.0,4,False,True,0.7777988314628601
008,RF-DETRs,False,29.0,5,False,True,0.7266111373901367
008,RF-DETRs,False,29.0,6,False,True,0.6222673654556274
008,RF-DETRs,False,29.0,7,False,True,0.5723201632499695
008,RF-DETRs,False,29.0,8,False,True,0.5190584063529968
008,RF-DETRs,False,30.0,0,False,True,0.9424074292182922
008,RF-DETRs,False,30.0,1,False,True,0.8962068557739258
008,RF-DETRs,False,30.0,2,False,True,0.8366116285324097
008,RF-DETRs,False,30.0,3,False,True,0.8122947812080383
008,RF-DETRs,False,30.0,4,False,True,0.7854803204536438
008,RF-DETRs,False,30.0,5,False,True,0.7321708798408508
008,RF-DETRs,False,30.0,6,False,True,0.6090036630630493
008,RF-DETRs,False,30.0,7,False,True,0.5810652375221252
008,RF-DETRs,False,30.0,8,False,True,0.5490562915802002
008,RF-DETRs,False,31.0,0,False,True,0.9422030448913574
008,RF-DETRs,False,31.0,1,False,True,0.8975875377655029
008,RF-DETRs,False,31.0,2,False,True,0.8567021489143372
008,RF-DETRs,False,31.0,3,False,True,0.8191699981689453
008,RF-DETRs,False,31.0,4,False,True,0.7669750452041626
008,RF-DETRs,False,31.0,5,False,True,0.760319173336029
008,RF-DETRs,False,31.0,6,False,True,0.6507557034492493
008,RF-DETRs,False,31.0,7,False,True,0.5859369039535522
008,RF-DETRs,False,31.0,8,False,True,0.5410065054893494
008,RF-DETRs,False,32.0,0,False,True,0.9390710592269897
008,RF-DETRs,False,32.0,1,False,True,0.896434485912323
008,RF-DETRs,False,32.0,2,False,True,0.8863633871078491
008,RF-DETRs,False,32.0,3,False,True,0.8382473587989807
008,RF-DETRs,False,32.0,4,False,True,0.8285256624221802
008,RF-DETRs,False,32.0,5,False,True,0.7612906098365784
008,RF-DETRs,False,32.0,6,False,True,0.6315640211105347
008,RF-DETRs,False,32.0,7,False,True,0.5785267353057861
008,RF-DETRs,False,32.0,8,False,True,0.566434383392334
008,RF-DETRs,False,33.0,0,False,True,0.9418656826019287
008,RF-DETRs,False,33.0,1,False,True,0.8965168595314026
008,RF-DETRs,False,33.0,2,False,True,0.8405668139457703
008,RF-DETRs,False,33.0,3,False,True,0.8159986138343811
008,RF-DETRs,False,33.0,4,False,True,0.7707809805870056
008,RF-DETRs,False,33.0,5,False,True,0.7569546699523926
008,RF-DETRs,False,33.0,6,False,True,0.6421566009521484
008,RF-DETRs,False,33.0,7,False,True,0.5978968143463135
008,RF-DETRs,False,33.0,8,False,True,0.5740200877189636
008,RF-DETRs,False,34.0,0,False,True,0.9413586854934692
008,RF-DETRs,False,34.0,1,False,True,0.8981741666793823
008,RF-DETRs,False,34.0,2,False,True,0.8563429713249207
008,RF-DETRs,False,34.0,3,False,True,0.7737815976142883
008,RF-DETRs,False,34.0,4,False,True,0.7495154142379761
008,RF-DETRs,False,34.0,5,False,True,0.7467294931411743
008,RF-DETRs,False,34.0,6,False,True,0.6242055892944336
008,RF-DETRs,False,34.0,7,False,True,0.6058307886123657
008,RF-DETRs,False,34.0,8,False,True,0.5819670557975769
008,RF-DETRs,False,34.0,9,False,True,0.40036603808403015
008,RF-DETRs,False,35.0,0,False,True,0.941380500793457
008,RF-DETRs,False,35.0,1,False,True,0.8983583450317383
008,RF-DETRs,False,35.0,2,False,True,0.852473795413971
008,RF-DETRs,False,35.0,3,False,True,0.7534527778625488
008,RF-DETRs,False,35.0,4,False,True,0.7402593493461609
008,RF-DETRs,False,35.0,5,False,True,0.7352007031440735
008,RF-DETRs,False,35.0,6,False,True,0.6435548663139343
008,RF-DETRs,False,35.0,7,False,True,0.6353856325149536
008,RF-DETRs,False,35.0,8,False,True,0.616438627243042
008,RF-DETRs,False,36.0,0,False,True,0.936751127243042
008,RF-DETRs,False,36.0,1,False,True,0.8968349099159241
008,RF-DETRs,False,36.0,2,False,True,0.8677183389663696
008,RF-DETRs,False,36.0,3,False,True,0.7582880258560181
008,RF-DETRs,False,36.0,4,False,True,0.7325401902198792
008,RF-DETRs,False,36.0,5,False,True,0.6941726207733154
008,RF-DETRs,False,36.0,6,False,True,0.6556913256645203
008,RF-DETRs,False,36.0,7,False,True,0.5789974927902222
008,RF-DETRs,False,36.0,8,False,True,0.5523697137832642
008,RF-DETRs,False,36.0,9,False,True,0.4116271138191223
008,RF-DETRs,False,37.0,0,False,True,0.9373697638511658
008,RF-DETRs,False,37.0,1,False,True,0.8978565335273743
008,RF-DETRs,False,37.0,2,False,True,0.8620238304138184
008,RF-DETRs,False,37.0,3,False,True,0.8183385133743286
008,RF-DETRs,False,37.0,4,False,True,0.779279887676239
008,RF-DETRs,False,37.0,5,False,True,0.7597930431365967
008,RF-DETRs,False,37.0,6,False,True,0.6725385189056396
008,RF-DETRs,False,37.0,7,False,True,0.6705397963523865
008,RF-DETRs,False,37.0,8,False,True,0.644100546836853
008,RF-DETRs,False,37.0,9,False,True,0.4245494604110718
008,RF-DETRs,False,38.0,0,False,True,0.9410827159881592
008,RF-DETRs,False,38.0,1,False,True,0.898218035697937
008,RF-DETRs,False,38.0,2,False,True,0.8310149312019348
008,RF-DETRs,False,38.0,3,False,True,0.7790793180465698
008,RF-DETRs,False,38.0,4,False,True,0.7137672305107117
008,RF-DETRs,False,38.0,5,False,True,0.6550292372703552
008,RF-DETRs,False,38.0,6,False,True,0.64593905210495
008,RF-DETRs,False,38.0,7,False,True,0.6350372433662415
008,RF-DETRs,False,38.0,8,False,True,0.43817752599716187
008,RF-DETRs,False,39.0,0,False,True,0.9415176510810852
008,RF-DETRs,False,39.0,1,False,True,0.8972494602203369
008,RF-DETRs,False,39.0,2,False,True,0.8403674364089966
008,RF-DETRs,False,39.0,3,False,True,0.8080425262451172
008,RF-DETRs,False,39.0,4,False,True,0.7904455661773682
008,RF-DETRs,False,39.0,5,False,True,0.7792225480079651
008,RF-DETRs,False,39.0,6,False,True,0.6692432165145874
008,RF-DETRs,False,39.0,7,False,True,0.5652936100959778
008,RF-DETRs,False,39.0,8,False,True,0.5401600003242493
008,RF-DETRs,False,39.0,9,False,True,0.434319406747818
008,RF-DETRs,False,40.0,0,False,True,0.9407662749290466
008,RF-DETRs,False,40.0,1,False,True,0.8982160687446594
008,RF-DETRs,False,40.0,2,False,True,0.8318365812301636
008,RF-DETRs,False,40.0,3,False,True,0.7763891220092773
008,RF-DETRs,False,40.0,4,False,True,0.7674334645271301
008,RF-DETRs,False,40.0,5,False,True,0.7593890428543091
008,RF-DETRs,False,40.0,6,False,True,0.6553342938423157
008,RF-DETRs,False,40.0,7,False,True,0.6468442678451538
008,RF-DETRs,False,40.0,8,False,True,0.6285728812217712
008,RF-DETRs,False,41.0,0,False,True,0.9391298294067383
008,RF-DETRs,False,41.0,1,False,True,0.8997430801391602
008,RF-DETRs,False,41.0,2,False,True,0.833825409412384
008,RF-DETRs,False,41.0,3,False,True,0.7618088126182556
008,RF-DETRs,False,41.0,4,False,True,0.7614519000053406
008,RF-DETRs,False,41.0,5,False,True,0.7441056966781616
008,RF-DETRs,False,41.0,6,False,True,0.6131875514984131
008,RF-DETRs,False,41.0,7,False,True,0.6113094687461853
008,RF-DETRs,False,41.0,8,False,True,0.5848289132118225
008,RF-DETRs,False,42.0,0,False,True,0.9390671253204346
008,RF-DETRs,False,42.0,1,False,True,0.899777352809906
008,RF-DETRs,False,42.0,2,False,True,0.8368796706199646
008,RF-DETRs,False,42.0,3,False,True,0.8264132738113403
008,RF-DETRs,False,42.0,4,False,True,0.7549076676368713
008,RF-DETRs,False,42.0,5,False,True,0.7184551358222961
008,RF-DETRs,False,42.0,6,False,True,0.7090117931365967
008,RF-DETRs,False,42.0,7,False,True,0.6977728605270386
008,RF-DETRs,False,42.0,8,False,True,0.6220371127128601
008,RF-DETRs,False,42.0,9,False,True,0.44196078181266785
008,RF-DETRs,False,43.0,0,False,True,0.9421800971031189
008,RF-DETRs,False,43.0,1,False,True,0.9032145738601685
008,RF-DETRs,False,43.0,2,False,True,0.845684289932251
008,RF-DETRs,False,43.0,3,False,True,0.7623252272605896
008,RF-DETRs,False,43.0,4,False,True,0.7097564935684204
008,RF-DETRs,False,43.0,5,False,True,0.6342543363571167
008,RF-DETRs,False,43.0,6,False,True,0.6270964741706848
008,RF-DETRs,False,43.0,7,False,True,0.6188246607780457
008,RF-DETRs,False,43.0,8,False,True,0.5754512548446655
008,RF-DETRs,False,44.0,0,False,True,0.9379878044128418
008,RF-DETRs,False,44.0,1,False,True,0.9012155532836914
008,RF-DETRs,False,44.0,2,False,True,0.890751838684082
008,RF-DETRs,False,44.0,3,False,True,0.7849764227867126
008,RF-DETRs,False,44.0,4,False,True,0.7701379060745239
008,RF-DETRs,False,44.0,5,False,True,0.7524937987327576
008,RF-DETRs,False,44.0,6,False,True,0.631275475025177
008,RF-DETRs,False,44.0,7,False,True,0.6029587984085083
008,RF-DETRs,False,44.0,8,False,True,0.5879578590393066
008,RF-DETRs,False,45.0,0,False,True,0.9413607716560364
008,RF-DETRs,False,45.0,1,False,True,0.9001719355583191
008,RF-DETRs,False,45.0,2,False,True,0.870101273059845
008,RF-DETRs,False,45.0,3,False,True,0.7978823781013489
008,RF-DETRs,False,45.0,4,False,True,0.764820396900177
008,RF-DETRs,False,45.0,5,False,True,0.7287124991416931
008,RF-DETRs,False,45.0,6,False,True,0.6431989669799805
008,RF-DETRs,False,45.0,7,False,True,0.6033889651298523
008,RF-DETRs,False,45.0,8,False,True,0.5518508553504944
008,RF-DETRs,False,45.0,9,False,True,0.4229472577571869
008,RF-DETRs,False,46.0,0,False,True,0.9384811520576477
008,RF-DETRs,False,46.0,1,False,True,0.905218780040741
008,RF-DETRs,False,46.0,2,False,True,0.90517258644104
008,RF-DETRs,False,46.0,3,False,True,0.8142954707145691
008,RF-DETRs,False,46.0,4,False,True,0.7902705669403076
008,RF-DETRs,False,46.0,5,False,True,0.7515787482261658
008,RF-DETRs,False,46.0,6,False,True,0.6601091623306274
008,RF-DETRs,False,46.0,7,False,True,0.635177731513977
008,RF-DETRs,False,46.0,8,False,True,0.6122574806213379
008,RF-DETRs,False,47.0,0,False,True,0.9418643116950989
008,RF-DETRs,False,47.0,1,False,True,0.9038866758346558
008,RF-DETRs,False,47.0,2,False,True,0.8542554974555969
008,RF-DETRs,False,47.0,3,False,True,0.8385248780250549
008,RF-DETRs,False,47.0,4,False,True,0.8172516226768494
008,RF-DETRs,False,47.0,5,False,True,0.7323861718177795
008,RF-DETRs,False,47.0,6,False,True,0.6549023985862732
008,RF-DETRs,False,47.0,7,False,True,0.6121837496757507
008,RF-DETRs,False,47.0,8,False,True,0.5921980142593384
008,RF-DETRs,False,47.0,9,False,True,0.427543967962265
008,RF-DETRs,False,48.0,0,False,True,0.9368306994438171
008,RF-DETRs,False,48.0,1,False,True,0.9003743529319763
008,RF-DETRs,False,48.0,2,False,True,0.8830099105834961
008,RF-DETRs,False,48.0,3,False,True,0.8225312232971191
008,RF-DETRs,False,48.0,4,False,True,0.7935290932655334
008,RF-DETRs,False,48.0,5,False,True,0.7466017603874207
008,RF-DETRs,False,48.0,6,False,True,0.6665281057357788
008,RF-DETRs,False,48.0,7,False,True,0.6639863848686218
008,RF-DETRs,False,48.0,8,False,True,0.5960213541984558
008,RF-DETRs,False,49.0,0,False,True,0.9359870553016663
008,RF-DETRs,False,49.0,1,False,True,0.900695264339447
008,RF-DETRs,False,49.0,2,False,True,0.8834685683250427
008,RF-DETRs,False,49.0,3,False,True,0.8191456198692322
008,RF-DETRs,False,49.0,4,False,True,0.7689011096954346
008,RF-DETRs,False,49.0,5,False,True,0.7385677099227905
008,RF-DETRs,False,49.0,6,False,True,0.6389343738555908
008,RF-DETRs,False,49.0,7,False,True,0.6157435178756714
008,RF-DETRs,False,49.0,8,False,True,0.6033672094345093
008,RF-DETRs,False,50.0,0,False,True,0.93650221824646
008,RF-DETRs,False,50.0,1,False,True,0.898518979549408
008,RF-DETRs,False,50.0,2,False,True,0.8934710025787354
008,RF-DETRs,False,50.0,3,False,True,0.7568113207817078
008,RF-DETRs,False,50.0,4,False,True,0.752282977104187
008,RF-DETRs,False,50.0,5,False,True,0.6517053246498108
008,RF-DETRs,False,50.0,6,False,True,0.6165290474891663
008,RF-DETRs,False,50.0,7,False,True,0.6037173867225647
008,RF-DETRs,False,50.0,8,False,True,0.5949752330780029
008,RF-DETRs,False,50.0,9,False,True,0.5666457414627075
008,RF-DETRs,False,51.0,0,False,True,0.9404841661453247
008,RF-DETRs,False,51.0,1,False,True,0.8952853679656982
008,RF-DETRs,False,51.0,2,False,True,0.8378629088401794
008,RF-DETRs,False,51.0,3,False,True,0.8223288059234619
008,RF-DETRs,False,51.0,4,False,True,0.8221545219421387
008,RF-DETRs,False,51.0,5,False,True,0.7938213348388672
008,RF-DETRs,False,51.0,6,False,True,0.7368229031562805
008,RF-DETRs,False,51.0,7,False,True,0.6309189796447754
008,RF-DETRs,False,51.0,8,False,True,0.6069849133491516
008,RF-DETRs,False,51.0,9,False,True,0.5906184911727905
008,RF-DETRs,False,51.0,10,False,True,0.4447774291038513
008,RF-DETRs,False,52.0,0,False,True,0.9391771554946899
008,RF-DETRs,False,52.0,1,False,True,0.892333447933197
008,RF-DETRs,False,52.0,2,False,True,0.8752046227455139
008,RF-DETRs,False,52.0,3,False,True,0.7774695754051208
008,RF-DETRs,False,52.0,4,False,True,0.7687705755233765
008,RF-DETRs,False,52.0,5,False,True,0.7318429350852966
008,RF-DETRs,False,52.0,6,False,True,0.5867844820022583
008,RF-DETRs,False,52.0,7,False,True,0.5797688961029053
008,RF-DETRs,False,52.0,8,False,True,0.5228387713432312
008,RF-DETRs,False,53.0,0,False,True,0.9380670189857483
008,RF-DETRs,False,53.0,1,False,True,0.8862031698226929
008,RF-DETRs,False,53.0,2,False,True,0.8496535420417786
008,RF-DETRs,False,53.0,3,False,True,0.7574868202209473
008,RF-DETRs,False,53.0,4,False,True,0.7059593200683594
008,RF-DETRs,False,53.0,5,False,True,0.6958366632461548
008,RF-DETRs,False,53.0,6,False,True,0.6912925839424133
008,RF-DETRs,False,53.0,7,False,True,0.6553300023078918
008,RF-DETRs,False,53.0,8,False,True,0.5693062543869019
008,RF-DETRs,False,53.0,9,False,True,0.40937793254852295
008,RF-DETRs,False,54.0,0,False,True,0.9393731355667114
008,RF-DETRs,False,54.0,1,False,True,0.8873260021209717
008,RF-DETRs,False,54.0,2,False,True,0.8603072166442871
008,RF-DETRs,False,54.0,3,False,True,0.7287376523017883
008,RF-DETRs,False,54.0,4,False,True,0.6452674269676208
008,RF-DETRs,False,54.0,5,False,True,0.6317014098167419
008,RF-DETRs,False,54.0,6,False,True,0.607761025428772
008,RF-DETRs,False,54.0,7,False,True,0.5971498489379883
008,RF-DETRs,False,54.0,8,False,True,0.5763834118843079
008,RF-DETRs,False,54.0,9,False,True,0.48238611221313477
008,RF-DETRs,False,54.0,10,False,True,0.4331898093223572
008,RF-DETRs,False,55.0,0,False,True,0.9419540762901306
008,RF-DETRs,False,55.0,1,False,True,0.8924545645713806
008,RF-DETRs,False,55.0,2,False,True,0.8192681074142456
008,RF-DETRs,False,55.0,3,False,True,0.7427825331687927
008,RF-DETRs,False,55.0,4,False,True,0.694575309753418
008,RF-DETRs,False,55.0,5,False,True,0.6530269384384155
008,RF-DETRs,False,55.0,6,False,True,0.6473160982131958
008,RF-DETRs,False,55.0,7,False,True,0.6324699521064758
008,RF-DETRs,False,55.0,8,False,True,0.5882631540298462
008,RF-DETRs,False,55.0,9,False,True,0.5388435125350952
008,RF-DETRs,False,55.0,10,False,True,0.4793972671031952
008,RF-DETRs,False,56.0,0,False,True,0.9404594898223877
008,RF-DETRs,False,56.0,1,False,True,0.8931743502616882
008,RF-DETRs,False,56.0,2,False,True,0.8270533084869385
008,RF-DETRs,False,56.0,3,False,True,0.7725529670715332
008,RF-DETRs,False,56.0,4,False,True,0.7578818202018738
008,RF-DETRs,False,56.0,5,False,True,0.6952940225601196
008,RF-DETRs,False,56.0,6,False,True,0.6367686986923218
008,RF-DETRs,False,56.0,7,False,True,0.5818712115287781
008,RF-DETRs,False,56.0,8,False,True,0.5775253772735596
008,RF-DETRs,False,56.0,9,False,True,0.4870392680168152
008,RF-DETRs,False,57.0,0,False,True,0.9427304863929749
008,RF-DETRs,False,57.0,1,False,True,0.8971051573753357
008,RF-DETRs,False,57.0,2,False,True,0.7960711717605591
008,RF-DETRs,False,57.0,3,False,True,0.7407304644584656
008,RF-DETRs,False,57.0,4,False,True,0.7337990999221802
008,RF-DETRs,False,57.0,5,False,True,0.7124556303024292
008,RF-DETRs,False,57.0,6,False,True,0.6475996375083923
008,RF-DETRs,False,57.0,7,False,True,0.6025311350822449
008,RF-DETRs,False,57.0,8,False,True,0.5990761518478394
008,RF-DETRs,False,57.0,9,False,True,0.5288676619529724
008,RF-DETRs,False,58.0,0,False,True,0.9417325854301453
008,RF-DETRs,False,58.0,1,False,True,0.8962569832801819
008,RF-DETRs,False,58.0,2,False,True,0.8607568144798279
008,RF-DETRs,False,58.0,3,False,True,0.7772191166877747
008,RF-DETRs,False,58.0,4,False,True,0.6760968565940857
008,RF-DETRs,False,58.0,5,False,True,0.6587249040603638
008,RF-DETRs,False,58.0,6,False,True,0.5929917097091675
008,RF-DETRs,False,58.0,7,False,True,0.5670506358146667
008,RF-DETRs,False,58.0,8,False,True,0.5055966377258301
008,RF-DETRs,False,58.0,9,False,True,0.5026801824569702
008,RF-DETRs,False,59.0,0,False,True,0.9379369616508484
008,RF-DETRs,False,59.0,1,False,True,0.8918959498405457
008,RF-DETRs,False,59.0,2,False,True,0.8703675866127014
008,RF-DETRs,False,59.0,3,False,True,0.6907950043678284
008,RF-DETRs,False,59.0,4,False,True,0.6835458278656006
008,RF-DETRs,False,59.0,5,False,True,0.6826568841934204
008,RF-DETRs,False,59.0,6,False,True,0.615017831325531
008,RF-DETRs,False,59.0,7,False,True,0.5776252150535583
008,RF-DETRs,False,59.0,8,False,True,0.5576287508010864
008,RF-DETRs,False,59.0,9,False,True,0.4395298957824707
008,RF-DETRs,False,60.0,0,False,True,0.9385877251625061
008,RF-DETRs,False,60.0,1,False,True,0.8884294033050537
008,RF-DETRs,False,60.0,2,False,True,0.8574648499488831
008,RF-DETRs,False,60.0,3,False,True,0.8143102526664734
008,RF-DETRs,False,60.0,4,False,True,0.7614054083824158
008,RF-DETRs,False,60.0,5,False,True,0.707220733165741
008,RF-DETRs,False,60.0,6,False,True,0.5803530812263489
008,RF-DETRs,False,60.0,7,False,True,0.57215815782547
008,RF-DETRs,False,60.0,8,False,True,0.5296204686164856
008,RF-DETRs,False,60.0,9,False,True,0.41401752829551697
008,RF-DETRs,False,61.0,0,False,True,0.9420448541641235
008,RF-DETRs,False,61.0,1,False,True,0.8824700117111206
008,RF-DETRs,False,61.0,2,False,True,0.7654183506965637
008,RF-DETRs,False,61.0,3,False,True,0.7497707009315491
008,RF-DETRs,False,61.0,4,False,True,0.7283040881156921
008,RF-DETRs,False,61.0,5,False,True,0.7036052346229553
008,RF-DETRs,False,61.0,6,False,True,0.629528284072876
008,RF-DETRs,False,61.0,7,False,True,0.5976865291595459
008,RF-DETRs,False,61.0,8,False,True,0.542944610118866
008,RF-DETRs,False,61.0,9,False,True,0.4262201488018036
008,RF-DETRs,False,62.0,0,False,True,0.9411011934280396
008,RF-DETRs,False,62.0,1,False,True,0.8816334009170532
008,RF-DETRs,False,62.0,2,False,True,0.7940677404403687
008,RF-DETRs,False,62.0,3,False,True,0.7183164954185486
008,RF-DETRs,False,62.0,4,False,True,0.6514371037483215
008,RF-DETRs,False,62.0,5,False,True,0.6119333505630493
008,RF-DETRs,False,62.0,6,False,True,0.5501587390899658
008,RF-DETRs,False,62.0,7,False,True,0.5460297465324402
008,RF-DETRs,False,62.0,8,False,True,0.5376094579696655
008,RF-DETRs,False,62.0,9,False,True,0.49773120880126953
008,RF-DETRs,False,62.0,10,False,True,0.46507343649864197
008,RF-DETRs,False,63.0,0,False,True,0.9387791156768799
008,RF-DETRs,False,63.0,1,False,True,0.8801413774490356
008,RF-DETRs,False,63.0,2,False,True,0.6865960359573364
008,RF-DETRs,False,63.0,3,False,True,0.6376831531524658
008,RF-DETRs,False,63.0,4,False,True,0.6261236667633057
008,RF-DETRs,False,63.0,5,False,True,0.6167514324188232
008,RF-DETRs,False,63.0,6,False,True,0.5641195774078369
008,RF-DETRs,False,63.0,7,False,True,0.5581148266792297
008,RF-DETRs,False,63.0,8,False,True,0.5459960103034973
008,RF-DETRs,False,63.0,9,False,True,0.5035552382469177
008,RF-DETRs,False,63.0,10,False,True,0.4366317689418793
008,RF-DETRs,False,64.0,0,False,True,0.9383752942085266
008,RF-DETRs,False,64.0,1,False,True,0.871435284614563
008,RF-DETRs,False,64.0,2,False,True,0.7656142711639404
008,RF-DETRs,False,64.0,3,False,True,0.6689602732658386
008,RF-DETRs,False,64.0,4,False,True,0.6102172136306763
008,RF-DETRs,False,64.0,5,False,True,0.6036056876182556
008,RF-DETRs,False,64.0,6,False,True,0.5720536708831787
008,RF-DETRs,False,64.0,7,False,True,0.5494822263717651
008,RF-DETRs,False,64.0,8,False,True,0.4743659496307373
008,RF-DETRs,False,64.0,9,False,True,0.4304748773574829
008,RF-DETRs,False,65.0,0,False,True,0.9382604956626892
008,RF-DETRs,False,65.0,1,False,True,0.8795186877250671
008,RF-DETRs,False,65.0,2,False,True,0.6512714624404907
008,RF-DETRs,False,65.0,3,False,True,0.5541447401046753
008,RF-DETRs,False,65.0,4,False,True,0.5397314429283142
008,RF-DETRs,False,65.0,5,False,True,0.5133739709854126
008,RF-DETRs,False,65.0,6,False,True,0.4822028875350952
008,RF-DETRs,False,65.0,7,False,True,0.42715275287628174
008,RF-DETRs,False,65.0,8,False,True,0.4246131479740143
008,RF-DETRs,False,66.0,0,False,True,0.9339048862457275
008,RF-DETRs,False,66.0,1,False,True,0.8777921199798584
008,RF-DETRs,False,66.0,2,False,True,0.6199699640274048
008,RF-DETRs,False,66.0,3,False,True,0.6141684651374817
008,RF-DETRs,False,66.0,4,False,True,0.6054075956344604
008,RF-DETRs,False,66.0,5,False,True,0.5563446283340454
008,RF-DETRs,False,66.0,6,False,True,0.5204986929893494
008,RF-DETRs,False,66.0,7,False,True,0.502917468547821
008,RF-DETRs,False,66.0,8,False,True,0.47813114523887634
008,RF-DETRs,False,67.0,0,False,True,0.9353190660476685
008,RF-DETRs,False,67.0,1,False,True,0.8711799383163452
008,RF-DETRs,False,67.0,2,False,True,0.6091983914375305
008,RF-DETRs,False,67.0,3,False,True,0.4854280650615692
008,RF-DETRs,False,67.0,4,False,True,0.4844266474246979
008,RF-DETRs,False,67.0,5,False,True,0.4809299111366272
008,RF-DETRs,False,67.0,6,False,True,0.4592651128768921
008,RF-DETRs,False,67.0,7,False,True,0.418868750333786
008,RF-DETRs,False,68.0,0,False,True,0.9384809136390686
008,RF-DETRs,False,68.0,1,False,True,0.8749538064002991
008,RF-DETRs,False,68.0,2,False,True,0.7901120185852051
008,RF-DETRs,False,68.0,3,False,True,0.6557303071022034
008,RF-DETRs,False,68.0,4,False,True,0.5465831160545349
008,RF-DETRs,False,68.0,5,False,True,0.49662941694259644
008,RF-DETRs,False,68.0,6,False,True,0.488099068403244
008,RF-DETRs,False,68.0,7,False,True,0.480154812335968
008,RF-DETRs,False,68.0,8,False,True,0.4228682518005371
008,RF-DETRs,False,69.0,0,False,True,0.9387328624725342
008,RF-DETRs,False,69.0,1,False,True,0.8840687870979309
008,RF-DETRs,False,69.0,2,False,True,0.6743625998497009
008,RF-DETRs,False,69.0,3,False,True,0.554440438747406
008,RF-DETRs,False,69.0,4,False,True,0.5347470641136169
008,RF-DETRs,False,69.0,5,False,True,0.49908626079559326
008,RF-DETRs,False,69.0,6,False,True,0.4018174111843109
008,RF-DETRs,False,70.0,0,False,True,0.9330578446388245
008,RF-DETRs,False,70.0,1,False,True,0.865709662437439
008,RF-DETRs,False,70.0,2,False,True,0.7147610783576965
008,RF-DETRs,False,70.0,3,False,True,0.612095832824707
008,RF-DETRs,False,70.0,4,False,True,0.5737411379814148
008,RF-DETRs,False,70.0,5,False,True,0.566909909248352
008,RF-DETRs,False,70.0,6,False,True,0.5099867582321167
008,RF-DETRs,False,70.0,7,False,True,0.4456765651702881
008,RF-DETRs,False,70.0,8,False,True,0.43500977754592896
008,RF-DETRs,False,70.0,9,False,True,0.43496647477149963
008,RF-DETRs,False,70.0,10,False,True,0.42693865299224854
008,RF-DETRs,False,71.0,0,False,True,0.9377051591873169
008,RF-DETRs,False,71.0,1,False,True,0.8630498647689819
008,RF-DETRs,False,71.0,2,False,True,0.678900420665741
008,RF-DETRs,False,71.0,3,False,True,0.5831031203269958
008,RF-DETRs,False,71.0,4,False,True,0.5735399723052979
008,RF-DETRs,False,71.0,5,False,True,0.5705550909042358
008,RF-DETRs,False,71.0,6,False,True,0.5525186061859131
008,RF-DETRs,False,71.0,7,False,True,0.5147281885147095
008,RF-DETRs,False,71.0,8,False,True,0.46328774094581604
008,RF-DETRs,False,71.0,9,False,True,0.4190622866153717
008,RF-DETRs,False,72.0,0,False,True,0.9351397752761841
008,RF-DETRs,False,72.0,1,False,True,0.8760130405426025
008,RF-DETRs,False,72.0,2,False,True,0.8180114030838013
008,RF-DETRs,False,72.0,3,False,True,0.7008189558982849
008,RF-DETRs,False,72.0,4,False,True,0.6604101657867432
008,RF-DETRs,False,72.0,5,False,True,0.5952625870704651
008,RF-DETRs,False,72.0,6,False,True,0.538795530796051
008,RF-DETRs,False,72.0,7,False,True,0.5334406495094299
008,RF-DETRs,False,72.0,8,False,True,0.5020312070846558
008,RF-DETRs,False,73.0,0,False,True,0.9190403819084167
008,RF-DETRs,False,73.0,1,False,True,0.8831332325935364
008,RF-DETRs,False,73.0,2,False,True,0.7249932289123535
008,RF-DETRs,False,73.0,3,False,True,0.7243598699569702
008,RF-DETRs,False,73.0,4,False,True,0.6899945735931396
008,RF-DETRs,False,73.0,5,False,True,0.545183539390564
008,RF-DETRs,False,73.0,6,False,True,0.5239415168762207
008,RF-DETRs,False,73.0,7,False,True,0.4897957742214203
008,RF-DETRs,False,74.0,0,False,True,0.9271301627159119
008,RF-DETRs,False,74.0,1,False,True,0.8759813904762268
008,RF-DETRs,False,74.0,2,False,True,0.6681442856788635
008,RF-DETRs,False,74.0,3,False,True,0.5511806011199951
008,RF-DETRs,False,74.0,4,False,True,0.531562864780426
008,RF-DETRs,False,74.0,5,False,True,0.47900673747062683
008,RF-DETRs,False,74.0,6,False,True,0.46435627341270447
008,RF-DETRs,False,75.0,0,False,True,0.9302408695220947
008,RF-DETRs,False,75.0,1,False,True,0.877519965171814
008,RF-DETRs,False,75.0,2,False,True,0.713864803314209
008,RF-DETRs,False,75.0,3,False,True,0.6600906252861023
008,RF-DETRs,False,75.0,4,False,True,0.5269793272018433
008,RF-DETRs,False,75.0,5,False,True,0.5220948457717896
008,RF-DETRs,False,75.0,6,False,True,0.47973376512527466
008,RF-DETRs,False,76.0,0,False,True,0.9352648258209229
008,RF-DETRs,False,76.0,1,False,True,0.8805338144302368
008,RF-DETRs,False,76.0,2,False,True,0.731120765209198
008,RF-DETRs,False,76.0,3,False,True,0.6631065607070923
008,RF-DETRs,False,76.0,4,False,True,0.5329329967498779
008,RF-DETRs,False,76.0,5,False,True,0.5260875225067139
008,RF-DETRs,False,76.0,6,False,True,0.5036141276359558
008,RF-DETRs,False,77.0,0,False,True,0.9327807426452637
008,RF-DETRs,False,77.0,1,False,True,0.880368709564209
008,RF-DETRs,False,77.0,2,False,True,0.7002660632133484
008,RF-DETRs,False,77.0,3,False,True,0.5978286862373352
008,RF-DETRs,False,77.0,4,False,True,0.5622052550315857
008,RF-DETRs,False,77.0,5,False,True,0.5510185956954956
008,RF-DETRs,False,77.0,6,False,True,0.5471728444099426
008,RF-DETRs,False,78.0,0,False,True,0.9328806400299072
008,RF-DETRs,False,78.0,1,False,True,0.8798068165779114
008,RF-DETRs,False,78.0,2,False,True,0.8631047010421753
008,RF-DETRs,False,78.0,3,False,True,0.6725655794143677
008,RF-DETRs,False,78.0,4,False,True,0.5396984219551086
008,RF-DETRs,False,78.0,5,False,True,0.5357672572135925
008,RF-DETRs,False,78.0,6,False,True,0.501934289932251
008,RF-DETRs,False,79.0,0,False,True,0.9389081001281738
008,RF-DETRs,False,79.0,1,False,True,0.8768053650856018
008,RF-DETRs,False,79.0,2,False,True,0.668768584728241
008,RF-DETRs,False,79.0,3,False,True,0.530597984790802
008,RF-DETRs,False,79.0,4,False,True,0.5208215713500977
008,RF-DETRs,False,79.0,5,False,True,0.5056056976318359
008,RF-DETRs,False,79.0,6,False,True,0.4096513092517853
008,RF-DETRs,False,80.0,0,False,True,0.9390033483505249
008,RF-DETRs,False,80.0,1,False,True,0.8852592706680298
008,RF-DETRs,False,80.0,2,False,True,0.6579184532165527
008,RF-DETRs,False,80.0,3,False,True,0.6000005006790161
008,RF-DETRs,False,80.0,4,False,True,0.5810106992721558
008,RF-DETRs,False,80.0,5,False,True,0.515699028968811
008,RF-DETRs,False,81.0,0,False,True,0.9424737095832825
008,RF-DETRs,False,81.0,1,False,True,0.8900947570800781
008,RF-DETRs,False,81.0,2,False,True,0.6429771184921265
008,RF-DETRs,False,81.0,3,False,True,0.5361199378967285
008,RF-DETRs,False,81.0,4,False,True,0.4938414990901947
008,RF-DETRs,False,81.0,5,False,True,0.48673176765441895
008,RF-DETRs,False,82.0,0,False,True,0.9449218511581421
008,RF-DETRs,False,82.0,1,False,True,0.8907075524330139
008,RF-DETRs,False,82.0,2,False,True,0.6598832011222839
008,RF-DETRs,False,82.0,3,False,True,0.5217921733856201
008,RF-DETRs,False,82.0,4,False,True,0.5142983794212341
008,RF-DETRs,False,82.0,5,False,True,0.5005031824111938
008,RF-DETRs,False,83.0,0,False,True,0.9340546131134033
008,RF-DETRs,False,83.0,1,False,True,0.8933870792388916
008,RF-DETRs,False,83.0,2,False,True,0.6991132497787476
008,RF-DETRs,False,83.0,3,False,True,0.6194033622741699
008,RF-DETRs,False,83.0,4,False,True,0.6015130877494812
008,RF-DETRs,False,83.0,5,False,True,0.552336573600769
008,RF-DETRs,False,84.0,0,False,True,0.8988028764724731
008,RF-DETRs,False,84.0,1,False,True,0.8895474076271057
008,RF-DETRs,False,84.0,2,False,True,0.6910794973373413
008,RF-DETRs,False,84.0,3,False,True,0.6184601783752441
008,RF-DETRs,False,84.0,4,False,True,0.5909411311149597
008,RF-DETRs,False,84.0,5,False,True,0.517850399017334
008,RF-DETRs,False,85.0,0,False,True,0.8857451677322388
008,RF-DETRs,False,85.0,1,False,True,0.8389398455619812
008,RF-DETRs,False,85.0,2,False,True,0.6337173581123352
008,RF-DETRs,False,85.0,3,False,True,0.5232834219932556
008,RF-DETRs,False,85.0,4,False,True,0.5122184157371521
008,RF-DETRs,False,85.0,5,False,True,0.48302003741264343
008,RF-DETRs,False,85.0,6,False,True,0.45577120780944824
008,RF-DETRs,False,86.0,0,False,True,0.8914111852645874
008,RF-DETRs,False,86.0,1,False,True,0.8764073848724365
008,RF-DETRs,False,86.0,2,False,True,0.6502153873443604
008,RF-DETRs,False,86.0,3,False,True,0.49097490310668945
008,RF-DETRs,False,86.0,4,False,True,0.4526546597480774
008,RF-DETRs,False,86.0,5,False,True,0.4005778431892395
008,RF-DETRs,False,87.0,0,False,True,0.8915894627571106
008,RF-DETRs,False,87.0,1,False,True,0.8369532227516174
008,RF-DETRs,False,87.0,2,False,True,0.776887059211731
008,RF-DETRs,False,87.0,3,False,True,0.5267019867897034
008,RF-DETRs,False,87.0,4,False,True,0.41915038228034973
008,RF-DETRs,False,87.0,5,False,True,0.40089160203933716
008,RF-DETRs,False,88.0,0,False,True,0.8918177485466003
008,RF-DETRs,False,88.0,1,False,True,0.7105591893196106
008,RF-DETRs,False,88.0,2,False,True,0.6993169784545898
008,RF-DETRs,False,88.0,3,False,True,0.5967272520065308
008,RF-DETRs,False,88.0,4,False,True,0.47522643208503723
008,RF-DETRs,False,89.0,0,False,True,0.8939109444618225
008,RF-DETRs,False,89.0,1,False,True,0.820946455001831
008,RF-DETRs,False,89.0,2,False,True,0.8188609480857849
008,RF-DETRs,False,89.0,3,False,True,0.5743374228477478
008,RF-DETRs,False,89.0,4,False,True,0.4281737208366394
008,RF-DETRs,False,89.0,5,False,True,0.4021749496459961
008,RF-DETRs,False,90.0,0,False,True,0.8952958583831787
008,RF-DETRs,False,90.0,1,False,True,0.8771607279777527
008,RF-DETRs,False,90.0,2,False,True,0.8748730421066284
008,RF-DETRs,False,90.0,3,False,True,0.6064465641975403
008,RF-DETRs,False,90.0,4,False,True,0.46094411611557007
008,RF-DETRs,False,91.0,0,False,True,0.8965614438056946
008,RF-DETRs,False,91.0,1,False,True,0.8907228708267212
008,RF-DETRs,False,91.0,2,False,True,0.8689410090446472
008,RF-DETRs,False,91.0,3,False,True,0.6797230839729309
008,RF-DETRs,False,91.0,4,False,True,0.6275652050971985
008,RF-DETRs,False,91.0,5,False,True,0.48520129919052124
008,RF-DETRs,False,92.0,0,False,True,0.9074742197990417
008,RF-DETRs,False,92.0,1,False,True,0.8969743251800537
008,RF-DETRs,False,92.0,2,False,True,0.8857711553573608
008,RF-DETRs,False,92.0,3,False,True,0.5982678532600403
008,RF-DETRs,False,92.0,4,False,True,0.4381236433982849
008,RF-DETRs,False,92.0,5,False,True,0.4002675712108612
008,RF-DETRs,False,93.0,0,False,True,0.8941521048545837
008,RF-DETRs,False,93.0,1,False,True,0.8876469135284424
008,RF-DETRs,False,93.0,2,False,True,0.8857384324073792
008,RF-DETRs,False,93.0,3,False,True,0.5543713569641113
008,RF-DETRs,False,93.0,4,False,True,0.49025970697402954
008,RF-DETRs,False,93.0,5,False,True,0.4068087935447693
008,RF-DETRs,False,94.0,0,False,True,0.9175257086753845
008,RF-DETRs,False,94.0,1,False,True,0.8937219977378845
008,RF-DETRs,False,94.0,2,False,True,0.882621705532074
008,RF-DETRs,False,94.0,3,False,True,0.5590455532073975
008,RF-DETRs,False,94.0,4,False,True,0.40012532472610474
008,RF-DETRs,False,95.0,0,False,True,0.9140515923500061
008,RF-DETRs,False,95.0,1,False,True,0.8962728977203369
008,RF-DETRs,False,95.0,2,False,True,0.8685499429702759
008,RF-DETRs,False,95.0,3,False,True,0.5805046558380127
008,RF-DETRs,False,95.0,4,False,True,0.5414873361587524
008,RF-DETRs,False,95.0,5,False,True,0.40590909123420715
008,RF-DETRs,False,96.0,0,False,True,0.9090692400932312
008,RF-DETRs,False,96.0,1,False,True,0.892888605594635
008,RF-DETRs,False,96.0,2,False,True,0.8620761036872864
008,RF-DETRs,False,96.0,3,False,True,0.6299686431884766
008,RF-DETRs,False,96.0,4,False,True,0.6105920076370239
008,RF-DETRs,False,96.0,5,False,True,0.5894184708595276
008,RF-DETRs,False,96.0,6,False,True,0.43769025802612305
008,RF-DETRs,False,97.0,0,False,True,0.9251135587692261
008,RF-DETRs,False,97.0,1,False,True,0.8952580094337463
008,RF-DETRs,False,97.0,2,False,True,0.8912805914878845
008,RF-DETRs,False,97.0,3,False,True,0.8021913766860962
008,RF-DETRs,False,97.0,4,False,True,0.719304084777832
008,RF-DETRs,False,97.0,5,False,True,0.5455934405326843
008,RF-DETRs,False,97.0,6,False,True,0.4377502501010895
008,RF-DETRs,False,98.0,0,False,True,0.9189234972000122
008,RF-DETRs,False,98.0,1,False,True,0.8936740159988403
008,RF-DETRs,False,98.0,2,False,True,0.8791425824165344
008,RF-DETRs,False,98.0,3,False,True,0.6902356743812561
008,RF-DETRs,False,98.0,4,False,True,0.5559124946594238
008,RF-DETRs,False,98.0,5,False,True,0.4606354236602783
008,RF-DETRs,False,98.0,6,False,True,0.40251240134239197
008,RF-DETRs,False,99.0,0,False,True,0.9261769652366638
008,RF-DETRs,False,99.0,1,False,True,0.8995242714881897
008,RF-DETRs,False,99.0,2,False,True,0.8927560448646545
008,RF-DETRs,False,99.0,3,False,True,0.8426466584205627
008,RF-DETRs,False,99.0,4,False,True,0.6429004669189453
008,RF-DETRs,False,99.0,5,False,True,0.5566173195838928
008,RF-DETRs,False,99.0,6,False,True,0.40862563252449036
008,RF-DETRs,False,100.0,0,False,True,0.9360995292663574
008,RF-DETRs,False,100.0,1,False,True,0.912277102470398
008,RF-DETRs,False,100.0,2,False,True,0.8949494957923889
008,RF-DETRs,False,100.0,3,False,True,0.765979528427124
008,RF-DETRs,False,100.0,4,False,True,0.5528814196586609
008,RF-DETRs,False,100.0,5,False,True,0.4924038350582123
008,RF-DETRs,False,100.0,6,False,True,0.4179263710975647
008,RF-DETRs,False,100.0,7,False,True,0.4021475613117218
008,RF-DETRs,False,101.0,0,False,True,0.9289625287055969
008,RF-DETRs,False,101.0,1,False,True,0.8958388566970825
008,RF-DETRs,False,101.0,2,False,True,0.8958315849304199
008,RF-DETRs,False,101.0,3,False,True,0.7188404202461243
008,RF-DETRs,False,101.0,4,False,True,0.5238381028175354
008,RF-DETRs,False,101.0,5,False,True,0.49836084246635437
008,RF-DETRs,False,102.0,0,False,True,0.9381459951400757
008,RF-DETRs,False,102.0,1,False,True,0.8963507413864136
008,RF-DETRs,False,102.0,2,False,True,0.8875946998596191
008,RF-DETRs,False,102.0,3,False,True,0.8301261067390442
008,RF-DETRs,False,102.0,4,False,True,0.6372499465942383
008,RF-DETRs,False,102.0,5,False,True,0.5758310556411743
008,RF-DETRs,False,102.0,6,False,True,0.5386250019073486
008,RF-DETRs,False,102.0,7,False,True,0.5028354525566101
008,RF-DETRs,False,102.0,8,False,True,0.4262376129627228
008,RF-DETRs,False,102.0,9,False,True,0.40297362208366394
008,RF-DETRs,False,103.0,0,False,True,0.9380242228507996
008,RF-DETRs,False,103.0,1,False,True,0.896660327911377
008,RF-DETRs,False,103.0,2,False,True,0.8769723773002625
008,RF-DETRs,False,103.0,3,False,True,0.8538393378257751
008,RF-DETRs,False,103.0,4,False,True,0.5871423482894897
008,RF-DETRs,False,103.0,5,False,True,0.5763987898826599
008,RF-DETRs,False,103.0,6,False,True,0.5396948456764221
008,RF-DETRs,False,103.0,7,False,True,0.5143141746520996
008,RF-DETRs,False,103.0,8,False,True,0.4587327539920807
008,RF-DETRs,False,103.0,9,False,True,0.40867725014686584
008,RF-DETRs,False,104.0,0,False,True,0.9403250813484192
008,RF-DETRs,False,104.0,1,False,True,0.8995031714439392
008,RF-DETRs,False,104.0,2,False,True,0.8799616694450378
008,RF-DETRs,False,104.0,3,False,True,0.7345614433288574
008,RF-DETRs,False,104.0,4,False,True,0.7280329465866089
008,RF-DETRs,False,104.0,5,False,True,0.5641651153564453
008,RF-DETRs,False,104.0,6,False,True,0.486644446849823
008,RF-DETRs,False,104.0,7,False,True,0.46162739396095276
008,RF-DETRs,False,104.0,8,False,True,0.44897499680519104
008,RF-DETRs,False,104.0,9,False,True,0.4385030269622803
008,RF-DETRs,False,105.0,0,False,True,0.9389675259590149
008,RF-DETRs,False,105.0,1,False,True,0.8956114053726196
008,RF-DETRs,False,105.0,2,False,True,0.8712756633758545
008,RF-DETRs,False,105.0,3,False,True,0.7670333385467529
008,RF-DETRs,False,105.0,4,False,True,0.6256898045539856
008,RF-DETRs,False,105.0,5,False,True,0.6247079968452454
008,RF-DETRs,False,105.0,6,False,True,0.5221565961837769
008,RF-DETRs,False,105.0,7,False,True,0.5100805163383484
008,RF-DETRs,False,105.0,8,False,True,0.505656361579895
008,RF-DETRs,False,105.0,9,False,True,0.46547573804855347
008,RF-DETRs,False,106.0,0,False,True,0.937211275100708
008,RF-DETRs,False,106.0,1,False,True,0.8965263366699219
008,RF-DETRs,False,106.0,2,False,True,0.8963161706924438
008,RF-DETRs,False,106.0,3,False,True,0.7638675570487976
008,RF-DETRs,False,106.0,4,False,True,0.7076852917671204
008,RF-DETRs,False,106.0,5,False,True,0.6320468783378601
008,RF-DETRs,False,106.0,6,False,True,0.5397351384162903
008,RF-DETRs,False,106.0,7,False,True,0.5307495594024658
008,RF-DETRs,False,106.0,8,False,True,0.46499863266944885
008,RF-DETRs,False,106.0,9,False,True,0.4039008617401123
008,RF-DETRs,False,107.0,0,False,True,0.9378465414047241
008,RF-DETRs,False,107.0,1,False,True,0.8958258032798767
008,RF-DETRs,False,107.0,2,False,True,0.8940207958221436
008,RF-DETRs,False,107.0,3,False,True,0.7939108610153198
008,RF-DETRs,False,107.0,4,False,True,0.7201341390609741
008,RF-DETRs,False,107.0,5,False,True,0.5689424872398376
008,RF-DETRs,False,107.0,6,False,True,0.5361104607582092
008,RF-DETRs,False,107.0,7,False,True,0.47962093353271484
008,RF-DETRs,False,107.0,8,False,True,0.4701014459133148
008,RF-DETRs,False,107.0,9,False,True,0.4283510744571686
008,RF-DETRs,False,107.0,10,False,True,0.41012659668922424
008,RF-DETRs,False,108.0,0,False,True,0.9285792708396912
008,RF-DETRs,False,108.0,1,False,True,0.8926776647567749
008,RF-DETRs,False,108.0,2,False,True,0.8917011618614197
008,RF-DETRs,False,108.0,3,False,True,0.786963164806366
008,RF-DETRs,False,108.0,4,False,True,0.7377063632011414
008,RF-DETRs,False,108.0,5,False,True,0.6244933605194092
008,RF-DETRs,False,108.0,6,False,True,0.6164700984954834
008,RF-DETRs,False,108.0,7,False,True,0.6064904928207397
008,RF-DETRs,False,108.0,8,False,True,0.5969904661178589
008,RF-DETRs,False,108.0,9,False,True,0.5859558582305908
008,RF-DETRs,False,108.0,10,False,True,0.5837548971176147
008,RF-DETRs,False,108.0,11,False,True,0.5117065906524658
008,RF-DETRs,False,108.0,12,False,True,0.4168992042541504
008,RF-DETRs,False,109.0,0,False,True,0.9320146441459656
008,RF-DETRs,False,109.0,1,False,True,0.8954536318778992
008,RF-DETRs,False,109.0,2,False,True,0.8798404932022095
008,RF-DETRs,False,109.0,3,False,True,0.7429294586181641
008,RF-DETRs,False,109.0,4,False,True,0.6448175311088562
008,RF-DETRs,False,109.0,5,False,True,0.6303726434707642
008,RF-DETRs,False,109.0,6,False,True,0.6279873847961426
008,RF-DETRs,False,109.0,7,False,True,0.5955958366394043
008,RF-DETRs,False,109.0,8,False,True,0.5527788996696472
008,RF-DETRs,False,109.0,9,False,True,0.5451341271400452
008,RF-DETRs,False,109.0,10,False,True,0.48754388093948364
008,RF-DETRs,False,109.0,11,False,True,0.462422639131546
008,RF-DETRs,False,110.0,0,False,True,0.9314276576042175
008,RF-DETRs,False,110.0,1,False,True,0.9038378596305847
008,RF-DETRs,False,110.0,2,False,True,0.8989574313163757
008,RF-DETRs,False,110.0,3,False,True,0.762808620929718
008,RF-DETRs,False,110.0,4,False,True,0.7521138191223145
008,RF-DETRs,False,110.0,5,False,True,0.578729510307312
008,RF-DETRs,False,110.0,6,False,True,0.5458712577819824
008,RF-DETRs,False,110.0,7,False,True,0.5379078388214111
008,RF-DETRs,False,110.0,8,False,True,0.523208737373352
008,RF-DETRs,False,110.0,9,False,True,0.4680580496788025
008,RF-DETRs,False,110.0,10,False,True,0.40029826760292053
008,RF-DETRs,False,111.0,0,False,True,0.9313064813613892
008,RF-DETRs,False,111.0,1,False,True,0.8980528116226196
008,RF-DETRs,False,111.0,2,False,True,0.8937386870384216
008,RF-DETRs,False,111.0,3,False,True,0.7549479603767395
008,RF-DETRs,False,111.0,4,False,True,0.6371397972106934
008,RF-DETRs,False,111.0,5,False,True,0.5347822904586792
008,RF-DETRs,False,111.0,6,False,True,0.510161817073822
008,RF-DETRs,False,111.0,7,False,True,0.47449883818626404
008,RF-DETRs,False,111.0,8,False,True,0.46469777822494507
008,RF-DETRs,False,111.0,9,False,True,0.46147119998931885
008,RF-DETRs,False,111.0,10,False,True,0.4473995566368103
008,RF-DETRs,False,112.0,0,False,True,0.9277893304824829
008,RF-DETRs,False,112.0,1,False,True,0.911361813545227
008,RF-DETRs,False,112.0,2,False,True,0.9013919830322266
008,RF-DETRs,False,112.0,3,False,True,0.8325636982917786
008,RF-DETRs,False,112.0,4,False,True,0.6563108563423157
008,RF-DETRs,False,112.0,5,False,True,0.62493497133255
008,RF-DETRs,False,112.0,6,False,True,0.5369099378585815
008,RF-DETRs,False,112.0,7,False,True,0.4915102422237396
008,RF-DETRs,False,112.0,8,False,True,0.47521692514419556
008,RF-DETRs,False,112.0,9,False,True,0.44999656081199646
008,RF-DETRs,False,112.0,10,False,True,0.4176098108291626
008,RF-DETRs,False,113.0,0,False,True,0.9301369190216064
008,RF-DETRs,False,113.0,1,False,True,0.902255117893219
008,RF-DETRs,False,113.0,2,False,True,0.9005181193351746
008,RF-DETRs,False,113.0,3,False,True,0.866464376449585
008,RF-DETRs,False,113.0,4,False,True,0.7133867740631104
008,RF-DETRs,False,113.0,5,False,True,0.6603528261184692
008,RF-DETRs,False,113.0,6,False,True,0.5781543254852295
008,RF-DETRs,False,113.0,7,False,True,0.5712798237800598
008,RF-DETRs,False,113.0,8,False,True,0.5210702419281006
008,RF-DETRs,False,113.0,9,False,True,0.41505974531173706
008,RF-DETRs,False,114.0,0,False,True,0.9301221370697021
008,RF-DETRs,False,114.0,1,False,True,0.9008162617683411
008,RF-DETRs,False,114.0,2,False,True,0.896128237247467
008,RF-DETRs,False,114.0,3,False,True,0.8563418984413147
008,RF-DETRs,False,114.0,4,False,True,0.7464486360549927
008,RF-DETRs,False,114.0,5,False,True,0.6660332083702087
008,RF-DETRs,False,114.0,6,False,True,0.5633959770202637
008,RF-DETRs,False,114.0,7,False,True,0.4775112271308899
008,RF-DETRs,False,114.0,8,False,True,0.44310641288757324
008,RF-DETRs,False,115.0,0,False,True,0.928505003452301
008,RF-DETRs,False,115.0,1,False,True,0.9009276032447815
008,RF-DETRs,False,115.0,2,False,True,0.8976607322692871
008,RF-DETRs,False,115.0,3,False,True,0.8614831566810608
008,RF-DETRs,False,115.0,4,False,True,0.6717668175697327
008,RF-DETRs,False,115.0,5,False,True,0.661919116973877
008,RF-DETRs,False,115.0,6,False,True,0.6472089886665344
008,RF-DETRs,False,115.0,7,False,True,0.5919963121414185
008,RF-DETRs,False,115.0,8,False,True,0.45443180203437805
008,RF-DETRs,False,116.0,0,False,True,0.927574098110199
008,RF-DETRs,False,116.0,1,False,True,0.9194179773330688
008,RF-DETRs,False,116.0,2,False,True,0.9080765843391418
008,RF-DETRs,False,116.0,3,False,True,0.8906518220901489
008,RF-DETRs,False,116.0,4,False,True,0.7554261088371277
008,RF-DETRs,False,116.0,5,False,True,0.7063487768173218
008,RF-DETRs,False,116.0,6,False,True,0.6684566140174866
008,RF-DETRs,False,116.0,7,False,True,0.5533770322799683
008,RF-DETRs,False,116.0,8,False,True,0.5174500346183777
008,RF-DETRs,False,116.0,9,False,True,0.42787545919418335
008,RF-DETRs,False,117.0,0,False,True,0.9309576749801636
008,RF-DETRs,False,117.0,1,False,True,0.9041679501533508
008,RF-DETRs,False,117.0,2,False,True,0.8982651233673096
008,RF-DETRs,False,117.0,3,False,True,0.8966497778892517
008,RF-DETRs,False,117.0,4,False,True,0.8329047560691833
008,RF-DETRs,False,117.0,5,False,True,0.7844003438949585
008,RF-DETRs,False,117.0,6,False,True,0.7221462726593018
008,RF-DETRs,False,117.0,7,False,True,0.6425115466117859
008,RF-DETRs,False,117.0,8,False,True,0.5559820532798767
008,RF-DETRs,False,117.0,9,False,True,0.5115967392921448
008,RF-DETRs,False,118.0,0,False,True,0.9234610795974731
008,RF-DETRs,False,118.0,1,False,True,0.8978436589241028
008,RF-DETRs,False,118.0,2,False,True,0.8733168840408325
008,RF-DETRs,False,118.0,3,False,True,0.8725700974464417
008,RF-DETRs,False,118.0,4,False,True,0.8310899138450623
008,RF-DETRs,False,118.0,5,False,True,0.667187511920929
008,RF-DETRs,False,118.0,6,False,True,0.6429132223129272
008,RF-DETRs,False,118.0,7,False,True,0.4953630268573761
008,RF-DETRs,False,118.0,8,False,True,0.42813220620155334
008,RF-DETRs,False,119.0,0,False,True,0.930351972579956
008,RF-DETRs,False,119.0,1,False,True,0.8958686590194702
008,RF-DETRs,False,119.0,2,False,True,0.8865670561790466
008,RF-DETRs,False,119.0,3,False,True,0.8356966972351074
008,RF-DETRs,False,119.0,4,False,True,0.8190370798110962
008,RF-DETRs,False,119.0,5,False,True,0.7875319719314575
008,RF-DETRs,False,119.0,6,False,True,0.6937505006790161
008,RF-DETRs,False,119.0,7,False,True,0.5117618441581726
008,RF-DETRs,False,119.0,8,False,True,0.43040743470191956
008,RF-DETRs,False,120.0,0,False,True,0.9280475378036499
008,RF-DETRs,False,120.0,1,False,True,0.8980156779289246
008,RF-DETRs,False,120.0,2,False,True,0.8941646218299866
008,RF-DETRs,False,120.0,3,False,True,0.8509970307350159
008,RF-DETRs,False,120.0,4,False,True,0.8115940093994141
008,RF-DETRs,False,120.0,5,False,True,0.7036033868789673
008,RF-DETRs,False,120.0,6,False,True,0.5043951272964478
008,RF-DETRs,False,120.0,7,False,True,0.48579859733581543
008,RF-DETRs,False,120.0,8,False,True,0.4511229693889618
008,RF-DETRs,False,121.0,0,False,True,0.9260160326957703
008,RF-DETRs,False,121.0,1,False,True,0.8987020254135132
008,RF-DETRs,False,121.0,2,False,True,0.888055682182312
008,RF-DETRs,False,121.0,3,False,True,0.8651298880577087
008,RF-DETRs,False,121.0,4,False,True,0.7828394174575806
008,RF-DETRs,False,121.0,5,False,True,0.7478273510932922
008,RF-DETRs,False,121.0,6,False,True,0.6617244482040405
008,RF-DETRs,False,121.0,7,False,True,0.6017693281173706
008,RF-DETRs,False,121.0,8,False,True,0.4526761472225189
008,RF-DETRs,False,122.0,0,False,True,0.9302433729171753
008,RF-DETRs,False,122.0,1,False,True,0.9000450372695923
008,RF-DETRs,False,122.0,2,False,True,0.8956865668296814
008,RF-DETRs,False,122.0,3,False,True,0.880626916885376
008,RF-DETRs,False,122.0,4,False,True,0.7633301019668579
008,RF-DETRs,False,122.0,5,False,True,0.68356853723526
008,RF-DETRs,False,122.0,6,False,True,0.6228286623954773
008,RF-DETRs,False,122.0,7,False,True,0.4932132661342621
008,RF-DETRs,False,122.0,8,False,True,0.4728649854660034
008,RF-DETRs,False,123.0,0,False,True,0.9340452551841736
008,RF-DETRs,False,123.0,1,False,True,0.9107416272163391
008,RF-DETRs,False,123.0,2,False,True,0.9015405774116516
008,RF-DETRs,False,123.0,3,False,True,0.8983561396598816
008,RF-DETRs,False,123.0,4,False,True,0.7896980047225952
008,RF-DETRs,False,123.0,5,False,True,0.7151037454605103
008,RF-DETRs,False,123.0,6,False,True,0.5964173078536987
008,RF-DETRs,False,123.0,7,False,True,0.5404694676399231
008,RF-DETRs,False,123.0,8,False,True,0.4643770754337311
008,RF-DETRs,False,124.0,0,False,True,0.9316849708557129
008,RF-DETRs,False,124.0,1,False,True,0.900294840335846
008,RF-DETRs,False,124.0,2,False,True,0.9001015424728394
008,RF-DETRs,False,124.0,3,False,True,0.8956088423728943
008,RF-DETRs,False,124.0,4,False,True,0.8315384387969971
008,RF-DETRs,False,124.0,5,False,True,0.7846305966377258
008,RF-DETRs,False,124.0,6,False,True,0.5360240340232849
008,RF-DETRs,False,124.0,7,False,True,0.48472461104393005
008,RF-DETRs,False,125.0,0,False,True,0.9352070689201355
008,RF-DETRs,False,125.0,1,False,True,0.9147664904594421
008,RF-DETRs,False,125.0,2,False,True,0.9013741612434387
008,RF-DETRs,False,125.0,3,False,True,0.8937799334526062
008,RF-DETRs,False,125.0,4,False,True,0.8298861384391785
008,RF-DETRs,False,125.0,5,False,True,0.7862986922264099
008,RF-DETRs,False,125.0,6,False,True,0.7132520079612732
008,RF-DETRs,False,125.0,7,False,True,0.5750904083251953
008,RF-DETRs,False,125.0,8,False,True,0.4606768488883972
008,RF-DETRs,False,126.0,0,False,True,0.928246796131134
008,RF-DETRs,False,126.0,1,False,True,0.90662682056427
008,RF-DETRs,False,126.0,2,False,True,0.901606559753418
008,RF-DETRs,False,126.0,3,False,True,0.867168128490448
008,RF-DETRs,False,126.0,4,False,True,0.6920491456985474
008,RF-DETRs,False,126.0,5,False,True,0.6265250444412231
008,RF-DETRs,False,126.0,6,False,True,0.6132140159606934
008,RF-DETRs,False,126.0,7,False,True,0.5504270792007446
008,RF-DETRs,False,126.0,8,False,True,0.47360241413116455
008,RF-DETRs,False,126.0,9,False,True,0.42904603481292725
008,RF-DETRs,False,127.0,0,False,True,0.9275334477424622
008,RF-DETRs,False,127.0,1,False,True,0.9225958585739136
008,RF-DETRs,False,127.0,2,False,True,0.9010573625564575
008,RF-DETRs,False,127.0,3,False,True,0.868017852306366
008,RF-DETRs,False,127.0,4,False,True,0.8093428015708923
008,RF-DETRs,False,127.0,5,False,True,0.7074659466743469
008,RF-DETRs,False,127.0,6,False,True,0.5134820342063904
008,RF-DETRs,False,127.0,7,False,True,0.4098176062107086
008,RF-DETRs,False,128.0,0,False,True,0.9296993017196655
008,RF-DETRs,False,128.0,1,False,True,0.8977006077766418
008,RF-DETRs,False,128.0,2,False,True,0.873265266418457
008,RF-DETRs,False,128.0,3,False,True,0.858460545539856
008,RF-DETRs,False,128.0,4,False,True,0.8439265489578247
008,RF-DETRs,False,128.0,5,False,True,0.754687488079071
008,RF-DETRs,False,128.0,6,False,True,0.5952251553535461
008,RF-DETRs,False,128.0,7,False,True,0.44972169399261475
008,RF-DETRs,False,129.0,0,False,True,0.9281252026557922
008,RF-DETRs,False,129.0,1,False,True,0.8993403315544128
008,RF-DETRs,False,129.0,2,False,True,0.8914752006530762
008,RF-DETRs,False,129.0,3,False,True,0.8579826354980469
008,RF-DETRs,False,129.0,4,False,True,0.8515049815177917
008,RF-DETRs,False,129.0,5,False,True,0.7450448274612427
008,RF-DETRs,False,129.0,6,False,True,0.6451155543327332
008,RF-DETRs,False,129.0,7,False,True,0.5261940360069275
008,RF-DETRs,False,129.0,8,False,True,0.43526729941368103
008,RF-DETRs,False,130.0,0,False,True,0.9334797859191895
008,RF-DETRs,False,130.0,1,False,True,0.9003089666366577
008,RF-DETRs,False,130.0,2,False,True,0.8990244269371033
008,RF-DETRs,False,130.0,3,False,True,0.8539083003997803
008,RF-DETRs,False,130.0,4,False,True,0.8510101437568665
008,RF-DETRs,False,130.0,5,False,True,0.7203279137611389
008,RF-DETRs,False,130.0,6,False,True,0.44542044401168823
008,RF-DETRs,False,131.0,0,False,True,0.9307313561439514
008,RF-DETRs,False,131.0,1,False,True,0.9081687927246094
008,RF-DETRs,False,131.0,2,False,True,0.8990548849105835
008,RF-DETRs,False,131.0,3,False,True,0.8954960703849792
008,RF-DETRs,False,131.0,4,False,True,0.8495193719863892
008,RF-DETRs,False,131.0,5,False,True,0.729596734046936
008,RF-DETRs,False,131.0,6,False,True,0.4784702658653259
008,RF-DETRs,False,131.0,7,False,True,0.42612719535827637
008,RF-DETRs,False,131.0,8,False,True,0.40855902433395386
008,RF-DETRs,False,132.0,0,False,True,0.9244420528411865
008,RF-DETRs,False,132.0,1,False,True,0.90793377161026
008,RF-DETRs,False,132.0,2,False,True,0.900800883769989
008,RF-DETRs,False,132.0,3,False,True,0.846429169178009
008,RF-DETRs,False,132.0,4,False,True,0.8316057324409485
008,RF-DETRs,False,132.0,5,False,True,0.7165339589118958
008,RF-DETRs,False,132.0,6,False,True,0.513439953327179
008,RF-DETRs,False,133.0,0,False,True,0.9274573922157288
008,RF-DETRs,False,133.0,1,False,True,0.9060762524604797
008,RF-DETRs,False,133.0,2,False,True,0.9005191922187805
008,RF-DETRs,False,133.0,3,False,True,0.8645144701004028
008,RF-DETRs,False,133.0,4,False,True,0.844430685043335
008,RF-DETRs,False,133.0,5,False,True,0.7418749928474426
008,RF-DETRs,False,133.0,6,False,True,0.4458792805671692
008,RF-DETRs,False,133.0,7,False,True,0.441474050283432
008,RF-DETRs,False,134.0,0,False,True,0.9279966354370117
008,RF-DETRs,False,134.0,1,False,True,0.8999674916267395
008,RF-DETRs,False,134.0,2,False,True,0.8994795083999634
008,RF-DETRs,False,134.0,3,False,True,0.8594614267349243
008,RF-DETRs,False,134.0,4,False,True,0.808696985244751
008,RF-DETRs,False,134.0,5,False,True,0.6927886605262756
008,RF-DETRs,False,134.0,6,False,True,0.5745123028755188
008,RF-DETRs,False,134.0,7,False,True,0.4251595139503479
008,RF-DETRs,False,135.0,0,False,True,0.9236919283866882
008,RF-DETRs,False,135.0,1,False,True,0.9172937273979187
008,RF-DETRs,False,135.0,2,False,True,0.8992179036140442
008,RF-DETRs,False,135.0,3,False,True,0.8698508143424988
008,RF-DETRs,False,135.0,4,False,True,0.8157632946968079
008,RF-DETRs,False,135.0,5,False,True,0.6502333283424377
008,RF-DETRs,False,135.0,6,False,True,0.4363822937011719
008,RF-DETRs,False,136.0,0,False,True,0.9254313707351685
008,RF-DETRs,False,136.0,1,False,True,0.9084404110908508
008,RF-DETRs,False,136.0,2,False,True,0.9022732973098755
008,RF-DETRs,False,136.0,3,False,True,0.8248918056488037
008,RF-DETRs,False,136.0,4,False,True,0.6549033522605896
008,RF-DETRs,False,136.0,5,False,True,0.561821460723877
008,RF-DETRs,False,136.0,6,False,True,0.5333638787269592
008,RF-DETRs,False,137.0,0,False,True,0.9252280592918396
008,RF-DETRs,False,137.0,1,False,True,0.9082664251327515
008,RF-DETRs,False,137.0,2,False,True,0.8995166420936584
008,RF-DETRs,False,137.0,3,False,True,0.866320013999939
008,RF-DETRs,False,137.0,4,False,True,0.634123682975769
008,RF-DETRs,False,137.0,5,False,True,0.5810599327087402
008,RF-DETRs,False,137.0,6,False,True,0.5561285018920898
008,RF-DETRs,False,138.0,0,False,True,0.9266541600227356
008,RF-DETRs,False,138.0,1,False,True,0.904984176158905
008,RF-DETRs,False,138.0,2,False,True,0.9007840156555176
008,RF-DETRs,False,138.0,3,False,True,0.8804942965507507
008,RF-DETRs,False,138.0,4,False,True,0.7968417406082153
008,RF-DETRs,False,138.0,5,False,True,0.6611639857292175
008,RF-DETRs,False,139.0,0,False,True,0.9291262626647949
008,RF-DETRs,False,139.0,1,False,True,0.9135765433311462
008,RF-DETRs,False,139.0,2,False,True,0.9022796750068665
008,RF-DETRs,False,139.0,3,False,True,0.902061939239502
008,RF-DETRs,False,139.0,4,False,True,0.6935791373252869
008,RF-DETRs,False,139.0,5,False,True,0.6461041569709778
008,RF-DETRs,False,139.0,6,False,True,0.637299656867981
008,RF-DETRs,False,139.0,7,False,True,0.6123421788215637
008,RF-DETRs,False,140.0,0,False,True,0.9297274351119995
008,RF-DETRs,False,140.0,1,False,True,0.9038986563682556
008,RF-DETRs,False,140.0,2,False,True,0.9013298749923706
008,RF-DETRs,False,140.0,3,False,True,0.895256519317627
008,RF-DETRs,False,140.0,4,False,True,0.6744612455368042
008,RF-DETRs,False,140.0,5,False,True,0.6544309854507446
008,RF-DETRs,False,140.0,6,False,True,0.5675728917121887
008,RF-DETRs,False,140.0,7,False,True,0.5643371939659119
008,RF-DETRs,False,140.0,8,False,True,0.5398582816123962
008,RF-DETRs,False,141.0,0,False,True,0.9281958341598511
008,RF-DETRs,False,141.0,1,False,True,0.8983255624771118
008,RF-DETRs,False,141.0,2,False,True,0.8868427276611328
008,RF-DETRs,False,141.0,3,False,True,0.8825955390930176
008,RF-DETRs,False,141.0,4,False,True,0.6419812440872192
008,RF-DETRs,False,141.0,5,False,True,0.6328532695770264
008,RF-DETRs,False,141.0,6,False,True,0.5946072340011597
008,RF-DETRs,False,141.0,7,False,True,0.5922728776931763
008,RF-DETRs,False,141.0,8,False,True,0.5609734654426575
008,RF-DETRs,False,142.0,0,False,True,0.935150146484375
008,RF-DETRs,False,142.0,1,False,True,0.8965665102005005
008,RF-DETRs,False,142.0,2,False,True,0.890142560005188
008,RF-DETRs,False,142.0,3,False,True,0.8819693326950073
008,RF-DETRs,False,142.0,4,False,True,0.8132032752037048
008,RF-DETRs,False,142.0,5,False,True,0.767142117023468
008,RF-DETRs,False,142.0,6,False,True,0.5004554986953735
008,RF-DETRs,False,143.0,0,False,True,0.9309979677200317
008,RF-DETRs,False,143.0,1,False,True,0.9030400514602661
008,RF-DETRs,False,143.0,2,False,True,0.8905586004257202
008,RF-DETRs,False,143.0,3,False,True,0.874007523059845
008,RF-DETRs,False,143.0,4,False,True,0.7655725479125977
008,RF-DETRs,False,143.0,5,False,True,0.7035093903541565
008,RF-DETRs,False,143.0,6,False,True,0.6924431920051575
008,RF-DETRs,False,144.0,0,False,True,0.9306461215019226
008,RF-DETRs,False,144.0,1,False,True,0.9015602469444275
008,RF-DETRs,False,144.0,2,False,True,0.8851119875907898
008,RF-DETRs,False,144.0,3,False,True,0.8768789172172546
008,RF-DETRs,False,144.0,4,False,True,0.7084155082702637
008,RF-DETRs,False,144.0,5,False,True,0.6980626583099365
008,RF-DETRs,False,144.0,6,False,True,0.6933662295341492
008,RF-DETRs,False,144.0,7,False,True,0.404492050409317
008,RF-DETRs,False,145.0,0,False,True,0.9307593107223511
008,RF-DETRs,False,145.0,1,False,True,0.9084867835044861
008,RF-DETRs,False,145.0,2,False,True,0.9080973863601685
008,RF-DETRs,False,145.0,3,False,True,0.906948983669281
008,RF-DETRs,False,145.0,4,False,True,0.6566288471221924
008,RF-DETRs,False,145.0,5,False,True,0.5871621966362
008,RF-DETRs,False,145.0,6,False,True,0.5754257440567017
008,RF-DETRs,False,145.0,7,False,True,0.4518905282020569
008,RF-DETRs,False,145.0,8,False,True,0.42166540026664734
008,RF-DETRs,False,146.0,0,False,True,0.9268891215324402
008,RF-DETRs,False,146.0,1,False,True,0.8984590172767639
008,RF-DETRs,False,146.0,2,False,True,0.897638738155365
008,RF-DETRs,False,146.0,3,False,True,0.8969705104827881
008,RF-DETRs,False,146.0,4,False,True,0.6644227504730225
008,RF-DETRs,False,146.0,5,False,True,0.6049879789352417
008,RF-DETRs,False,146.0,6,False,True,0.5853834748268127
008,RF-DETRs,False,146.0,7,False,True,0.41984689235687256
008,RF-DETRs,False,147.0,0,False,True,0.9247128963470459
008,RF-DETRs,False,147.0,1,False,True,0.9048073887825012
008,RF-DETRs,False,147.0,2,False,True,0.8981577157974243
008,RF-DETRs,False,147.0,3,False,True,0.8827142119407654
008,RF-DETRs,False,147.0,4,False,True,0.772138237953186
008,RF-DETRs,False,147.0,5,False,True,0.6359599828720093
008,RF-DETRs,False,147.0,6,False,True,0.602124035358429
008,RF-DETRs,False,147.0,7,False,True,0.45787888765335083
008,RF-DETRs,False,148.0,0,False,True,0.9271955490112305
008,RF-DETRs,False,148.0,1,False,True,0.9180478453636169
008,RF-DETRs,False,148.0,2,False,True,0.8999186754226685
008,RF-DETRs,False,148.0,3,False,True,0.8856963515281677
008,RF-DETRs,False,148.0,4,False,True,0.7839800119400024
008,RF-DETRs,False,148.0,5,False,True,0.5976322889328003
008,RF-DETRs,False,148.0,6,False,True,0.5311432480812073
008,RF-DETRs,False,149.0,0,False,True,0.9235942959785461
008,RF-DETRs,False,149.0,1,False,True,0.9182000756263733
008,RF-DETRs,False,149.0,2,False,True,0.9012882709503174
008,RF-DETRs,False,149.0,3,False,True,0.8836764693260193
008,RF-DETRs,False,149.0,4,False,True,0.7679711580276489
008,RF-DETRs,False,149.0,5,False,True,0.7057838439941406
008,RF-DETRs,False,149.0,6,False,True,0.5282274484634399
008,RF-DETRs,False,149.0,7,False,True,0.4578998386859894
008,RF-DETRs,False,150.0,0,False,True,0.9320292472839355
008,RF-DETRs,False,150.0,1,False,True,0.9156915545463562
008,RF-DETRs,False,150.0,2,False,True,0.899342954158783
008,RF-DETRs,False,150.0,3,False,True,0.8853025436401367
008,RF-DETRs,False,150.0,4,False,True,0.8333982825279236
008,RF-DETRs,False,150.0,5,False,True,0.7961677312850952
008,RF-DETRs,False,150.0,6,False,True,0.7925432920455933
008,RF-DETRs,False,151.0,0,False,True,0.9260455965995789
008,RF-DETRs,False,151.0,1,False,True,0.9217379689216614
008,RF-DETRs,False,151.0,2,False,True,0.9002583026885986
008,RF-DETRs,False,151.0,3,False,True,0.8835639953613281
008,RF-DETRs,False,151.0,4,False,True,0.6874707937240601
008,RF-DETRs,False,151.0,5,False,True,0.6708675026893616
008,RF-DETRs,False,151.0,6,False,True,0.4481828510761261
008,RF-DETRs,False,152.0,0,False,True,0.9271783232688904
008,RF-DETRs,False,152.0,1,False,True,0.9253262281417847
008,RF-DETRs,False,152.0,2,False,True,0.9026581645011902
008,RF-DETRs,False,152.0,3,False,True,0.8672879934310913
008,RF-DETRs,False,152.0,4,False,True,0.763705313205719
008,RF-DETRs,False,152.0,5,False,True,0.666968047618866
008,RF-DETRs,False,152.0,6,False,True,0.651912271976471
008,RF-DETRs,False,152.0,7,False,True,0.4051915109157562
008,RF-DETRs,False,153.0,0,False,True,0.92303067445755
008,RF-DETRs,False,153.0,1,False,True,0.913119912147522
008,RF-DETRs,False,153.0,2,False,True,0.9023385047912598
008,RF-DETRs,False,153.0,3,False,True,0.8953109383583069
008,RF-DETRs,False,153.0,4,False,True,0.6718893051147461
008,RF-DETRs,False,153.0,5,False,True,0.6103347539901733
008,RF-DETRs,False,153.0,6,False,True,0.5937990546226501
008,RF-DETRs,False,153.0,7,False,True,0.4788954555988312
008,RF-DETRs,False,153.0,8,False,True,0.4125259816646576
008,RF-DETRs,False,154.0,0,False,True,0.9265798330307007
008,RF-DETRs,False,154.0,1,False,True,0.919730007648468
008,RF-DETRs,False,154.0,2,False,True,0.9021904468536377
008,RF-DETRs,False,154.0,3,False,True,0.8899478912353516
008,RF-DETRs,False,154.0,4,False,True,0.8337225914001465
008,RF-DETRs,False,154.0,5,False,True,0.6659175753593445
008,RF-DETRs,False,154.0,6,False,True,0.5984218716621399
008,RF-DETRs,False,154.0,7,False,True,0.5242521166801453
008,RF-DETRs,False,155.0,0,False,True,0.9295660853385925
008,RF-DETRs,False,155.0,1,False,True,0.9216591715812683
008,RF-DETRs,False,155.0,2,False,True,0.9031274318695068
008,RF-DETRs,False,155.0,3,False,True,0.8865087628364563
008,RF-DETRs,False,155.0,4,False,True,0.7489830851554871
008,RF-DETRs,False,155.0,5,False,True,0.6570329666137695
008,RF-DETRs,False,155.0,6,False,True,0.6368483901023865
008,RF-DETRs,False,156.0,0,False,True,0.9313937425613403
008,RF-DETRs,False,156.0,1,False,True,0.9020916223526001
008,RF-DETRs,False,156.0,2,False,True,0.8987035155296326
008,RF-DETRs,False,156.0,3,False,True,0.8663539290428162
008,RF-DETRs,False,156.0,4,False,True,0.8569731712341309
008,RF-DETRs,False,156.0,5,False,True,0.7994893193244934
008,RF-DETRs,False,156.0,6,False,True,0.7112823724746704
008,RF-DETRs,False,156.0,7,False,True,0.42192745208740234
008,RF-DETRs,False,156.0,8,False,True,0.40277355909347534
008,RF-DETRs,False,157.0,0,False,True,0.9323621988296509
008,RF-DETRs,False,157.0,1,False,True,0.9113225340843201
008,RF-DETRs,False,157.0,2,False,True,0.8996827006340027
008,RF-DETRs,False,157.0,3,False,True,0.898327648639679
008,RF-DETRs,False,157.0,4,False,True,0.8564070463180542
008,RF-DETRs,False,157.0,5,False,True,0.8211880326271057
008,RF-DETRs,False,157.0,6,False,True,0.7327504754066467
008,RF-DETRs,False,157.0,7,False,True,0.4719112515449524
008,RF-DETRs,False,158.0,0,False,True,0.9304260611534119
008,RF-DETRs,False,158.0,1,False,True,0.915724515914917
008,RF-DETRs,False,158.0,2,False,True,0.9043369889259338
008,RF-DETRs,False,158.0,3,False,True,0.9000914096832275
008,RF-DETRs,False,158.0,4,False,True,0.830798864364624
008,RF-DETRs,False,158.0,5,False,True,0.8264479637145996
008,RF-DETRs,False,158.0,6,False,True,0.7330332398414612
008,RF-DETRs,False,158.0,7,False,True,0.5342946648597717
008,RF-DETRs,False,159.0,0,False,True,0.9362838268280029
008,RF-DETRs,False,159.0,1,False,True,0.911769449710846
008,RF-DETRs,False,159.0,2,False,True,0.9066978693008423
008,RF-DETRs,False,159.0,3,False,True,0.9010007381439209
008,RF-DETRs,False,159.0,4,False,True,0.828303873538971
008,RF-DETRs,False,159.0,5,False,True,0.8107035160064697
008,RF-DETRs,False,159.0,6,False,True,0.7341057062149048
008,RF-DETRs,False,159.0,7,False,True,0.46306994557380676
008,RF-DETRs,False,159.0,8,False,True,0.4299306869506836
008,RF-DETRs,False,160.0,0,False,True,0.9382115006446838
008,RF-DETRs,False,160.0,1,False,True,0.9076197147369385
008,RF-DETRs,False,160.0,2,False,True,0.9014332294464111
008,RF-DETRs,False,160.0,3,False,True,0.8785997629165649
008,RF-DETRs,False,160.0,4,False,True,0.8761488199234009
008,RF-DETRs,False,160.0,5,False,True,0.8396791219711304
008,RF-DETRs,False,160.0,6,False,True,0.7879847288131714
008,RF-DETRs,False,160.0,7,False,True,0.4927141070365906
008,RF-DETRs,False,160.0,8,False,True,0.4523094594478607
008,RF-DETRs,False,160.0,9,False,True,0.4084743559360504
008,RF-DETRs,False,161.0,0,False,True,0.9332504272460938
008,RF-DETRs,False,161.0,1,False,True,0.913040816783905
008,RF-DETRs,False,161.0,2,False,True,0.9021734595298767
008,RF-DETRs,False,161.0,3,False,True,0.9013260006904602
008,RF-DETRs,False,161.0,4,False,True,0.8522138595581055
008,RF-DETRs,False,161.0,5,False,True,0.8331619501113892
008,RF-DETRs,False,161.0,6,False,True,0.7334992289543152
008,RF-DETRs,False,161.0,7,False,True,0.5298014283180237
008,RF-DETRs,False,161.0,8,False,True,0.42293667793273926
008,RF-DETRs,False,162.0,0,False,True,0.9323530793190002
008,RF-DETRs,False,162.0,1,False,True,0.9126085042953491
008,RF-DETRs,False,162.0,2,False,True,0.9037566781044006
008,RF-DETRs,False,162.0,3,False,True,0.9017701745033264
008,RF-DETRs,False,162.0,4,False,True,0.7889258861541748
008,RF-DETRs,False,162.0,5,False,True,0.6220085620880127
008,RF-DETRs,False,162.0,6,False,True,0.5292157530784607
008,RF-DETRs,False,162.0,7,False,True,0.450344979763031
008,RF-DETRs,False,163.0,0,False,True,0.9296707510948181
008,RF-DETRs,False,163.0,1,False,True,0.9280473589897156
008,RF-DETRs,False,163.0,2,False,True,0.9137236475944519
008,RF-DETRs,False,163.0,3,False,True,0.9002998471260071
008,RF-DETRs,False,163.0,4,False,True,0.8364944458007812
008,RF-DETRs,False,163.0,5,False,True,0.6881364583969116
008,RF-DETRs,False,163.0,6,False,True,0.6782365441322327
008,RF-DETRs,False,163.0,7,False,True,0.5341442227363586
008,RF-DETRs,False,164.0,0,False,True,0.9335417151451111
008,RF-DETRs,False,164.0,1,False,True,0.909317135810852
008,RF-DETRs,False,164.0,2,False,True,0.9066839218139648
008,RF-DETRs,False,164.0,3,False,True,0.8987745642662048
008,RF-DETRs,False,164.0,4,False,True,0.8948549032211304
008,RF-DETRs,False,164.0,5,False,True,0.8702158331871033
008,RF-DETRs,False,164.0,6,False,True,0.7952103614807129
008,RF-DETRs,False,164.0,7,False,True,0.4303379952907562
008,RF-DETRs,False,165.0,0,False,True,0.9336705803871155
008,RF-DETRs,False,165.0,1,False,True,0.9171611666679382
008,RF-DETRs,False,165.0,2,False,True,0.9135393500328064
008,RF-DETRs,False,165.0,3,False,True,0.9024062752723694
008,RF-DETRs,False,165.0,4,False,True,0.88973069190979
008,RF-DETRs,False,165.0,5,False,True,0.8108235001564026
008,RF-DETRs,False,165.0,6,False,True,0.6973081231117249
008,RF-DETRs,False,165.0,7,False,True,0.47835487127304077
008,RF-DETRs,False,165.0,8,False,True,0.4262847304344177
008,RF-DETRs,False,166.0,0,False,True,0.9265828132629395
008,RF-DETRs,False,166.0,1,False,True,0.9183294773101807
008,RF-DETRs,False,166.0,2,False,True,0.9047353863716125
008,RF-DETRs,False,166.0,3,False,True,0.9009224772453308
008,RF-DETRs,False,166.0,4,False,True,0.9008579254150391
008,RF-DETRs,False,166.0,5,False,True,0.7991834878921509
008,RF-DETRs,False,166.0,6,False,True,0.6836666464805603
008,RF-DETRs,False,166.0,7,False,True,0.46992647647857666
008,RF-DETRs,False,166.0,8,False,True,0.4644131362438202
008,RF-DETRs,False,167.0,0,False,True,0.9323529601097107
008,RF-DETRs,False,167.0,1,False,True,0.9312967658042908
008,RF-DETRs,False,167.0,2,False,True,0.9128758907318115
008,RF-DETRs,False,167.0,3,False,True,0.9027775526046753
008,RF-DETRs,False,167.0,4,False,True,0.8949212431907654
008,RF-DETRs,False,167.0,5,False,True,0.8356267809867859
008,RF-DETRs,False,167.0,6,False,True,0.791045069694519
008,RF-DETRs,False,167.0,7,False,True,0.49748554825782776
008,RF-DETRs,False,167.0,8,False,True,0.48971620202064514
008,RF-DETRs,False,167.0,9,False,True,0.4016919434070587
008,RF-DETRs,False,168.0,0,False,True,0.9322649836540222
008,RF-DETRs,False,168.0,1,False,True,0.9300214052200317
008,RF-DETRs,False,168.0,2,False,True,0.9097162485122681
008,RF-DETRs,False,168.0,3,False,True,0.8999297618865967
008,RF-DETRs,False,168.0,4,False,True,0.8960875272750854
008,RF-DETRs,False,168.0,5,False,True,0.8754925727844238
008,RF-DETRs,False,168.0,6,False,True,0.8385945558547974
008,RF-DETRs,False,168.0,7,False,True,0.4697028398513794
008,RF-DETRs,False,168.0,8,False,True,0.4646010994911194
008,RF-DETRs,False,169.0,0,False,True,0.9310066103935242
008,RF-DETRs,False,169.0,1,False,True,0.9121618270874023
008,RF-DETRs,False,169.0,2,False,True,0.9059274196624756
008,RF-DETRs,False,169.0,3,False,True,0.9002920389175415
008,RF-DETRs,False,169.0,4,False,True,0.8570345640182495
008,RF-DETRs,False,169.0,5,False,True,0.8539716601371765
008,RF-DETRs,False,169.0,6,False,True,0.7580360174179077
008,RF-DETRs,False,169.0,7,False,True,0.43491652607917786
008,RF-DETRs,False,169.0,8,False,True,0.42247274518013
008,RF-DETRs,False,170.0,0,False,True,0.9315805435180664
008,RF-DETRs,False,170.0,1,False,True,0.9166134595870972
008,RF-DETRs,False,170.0,2,False,True,0.9018086791038513
008,RF-DETRs,False,170.0,3,False,True,0.8983551859855652
008,RF-DETRs,False,170.0,4,False,True,0.8665091395378113
008,RF-DETRs,False,170.0,5,False,True,0.8548995852470398
008,RF-DETRs,False,170.0,6,False,True,0.7714604139328003
008,RF-DETRs,False,170.0,7,False,True,0.46297329664230347
008,RF-DETRs,False,171.0,0,False,True,0.93229079246521
008,RF-DETRs,False,171.0,1,False,True,0.9080673456192017
008,RF-DETRs,False,171.0,2,False,True,0.9039021730422974
008,RF-DETRs,False,171.0,3,False,True,0.8990350961685181
008,RF-DETRs,False,171.0,4,False,True,0.8876355886459351
008,RF-DETRs,False,171.0,5,False,True,0.7906919121742249
008,RF-DETRs,False,171.0,6,False,True,0.6965975165367126
008,RF-DETRs,False,171.0,7,False,True,0.44475293159484863
008,RF-DETRs,False,172.0,0,False,True,0.9333412647247314
008,RF-DETRs,False,172.0,1,False,True,0.913196325302124
008,RF-DETRs,False,172.0,2,False,True,0.9086846709251404
008,RF-DETRs,False,172.0,3,False,True,0.9014002084732056
008,RF-DETRs,False,172.0,4,False,True,0.8985934257507324
008,RF-DETRs,False,172.0,5,False,True,0.7459850907325745
008,RF-DETRs,False,172.0,6,False,True,0.6953480243682861
008,RF-DETRs,False,172.0,7,False,True,0.43026551604270935
008,RF-DETRs,False,173.0,0,False,True,0.9330152869224548
008,RF-DETRs,False,173.0,1,False,True,0.915226399898529
008,RF-DETRs,False,173.0,2,False,True,0.914079487323761
008,RF-DETRs,False,173.0,3,False,True,0.9033224582672119
008,RF-DETRs,False,173.0,4,False,True,0.9013118743896484
008,RF-DETRs,False,173.0,5,False,True,0.8556157946586609
008,RF-DETRs,False,173.0,6,False,True,0.821983814239502
008,RF-DETRs,False,173.0,7,False,True,0.4508053660392761
008,RF-DETRs,False,173.0,8,False,True,0.4424501359462738
008,RF-DETRs,False,174.0,0,False,True,0.9303999543190002
008,RF-DETRs,False,174.0,1,False,True,0.9232169985771179
008,RF-DETRs,False,174.0,2,False,True,0.9043110609054565
008,RF-DETRs,False,174.0,3,False,True,0.8989796042442322
008,RF-DETRs,False,174.0,4,False,True,0.8954948782920837
008,RF-DETRs,False,174.0,5,False,True,0.8480096459388733
008,RF-DETRs,False,174.0,6,False,True,0.8333279490470886
008,RF-DETRs,False,174.0,7,False,True,0.48068472743034363
008,RF-DETRs,False,174.0,8,False,True,0.4730782210826874
008,RF-DETRs,False,174.0,9,False,True,0.40141773223876953
008,RF-DETRs,False,175.0,0,False,True,0.9320647716522217
008,RF-DETRs,False,175.0,1,False,True,0.9109898805618286
008,RF-DETRs,False,175.0,2,False,True,0.8996581435203552
008,RF-DETRs,False,175.0,3,False,True,0.8875798583030701
008,RF-DETRs,False,175.0,4,False,True,0.8867504000663757
008,RF-DETRs,False,175.0,5,False,True,0.7389315366744995
008,RF-DETRs,False,175.0,6,False,True,0.728102445602417
008,RF-DETRs,False,175.0,7,False,True,0.5025548934936523
008,RF-DETRs,False,175.0,8,False,True,0.49696749448776245
008,RF-DETRs,False,175.0,9,False,True,0.4563559293746948
008,RF-DETRs,False,176.0,0,False,True,0.9324197769165039
008,RF-DETRs,False,176.0,1,False,True,0.9260267615318298
008,RF-DETRs,False,176.0,2,False,True,0.9154576063156128
008,RF-DETRs,False,176.0,3,False,True,0.9005391597747803
008,RF-DETRs,False,176.0,4,False,True,0.8961285352706909
008,RF-DETRs,False,176.0,5,False,True,0.8218769431114197
008,RF-DETRs,False,176.0,6,False,True,0.8064941763877869
008,RF-DETRs,False,176.0,7,False,True,0.5977572798728943
008,RF-DETRs,False,176.0,8,False,True,0.539649486541748
008,RF-DETRs,False,176.0,9,False,True,0.4941195547580719
008,RF-DETRs,False,177.0,0,False,True,0.9332137703895569
008,RF-DETRs,False,177.0,1,False,True,0.9192919731140137
008,RF-DETRs,False,177.0,2,False,True,0.9005271196365356
008,RF-DETRs,False,177.0,3,False,True,0.9004338979721069
008,RF-DETRs,False,177.0,4,False,True,0.8927591443061829
008,RF-DETRs,False,177.0,5,False,True,0.8396784663200378
008,RF-DETRs,False,177.0,6,False,True,0.824652373790741
008,RF-DETRs,False,177.0,7,False,True,0.508859395980835
008,RF-DETRs,False,177.0,8,False,True,0.48507145047187805
008,RF-DETRs,False,177.0,9,False,True,0.4524366855621338
008,RF-DETRs,False,178.0,0,False,True,0.9309812784194946
008,RF-DETRs,False,178.0,1,False,True,0.9185063242912292
008,RF-DETRs,False,178.0,2,False,True,0.911953330039978
008,RF-DETRs,False,178.0,3,False,True,0.9025992155075073
008,RF-DETRs,False,178.0,4,False,True,0.9013167023658752
008,RF-DETRs,False,178.0,5,False,True,0.8519128561019897
008,RF-DETRs,False,178.0,6,False,True,0.8075820207595825
008,RF-DETRs,False,178.0,7,False,True,0.5539170503616333
008,RF-DETRs,False,178.0,8,False,True,0.5126462578773499
008,RF-DETRs,False,178.0,9,False,True,0.42673632502555847
008,RF-DETRs,False,179.0,0,False,True,0.9344009757041931
008,RF-DETRs,False,179.0,1,False,True,0.9158892035484314
008,RF-DETRs,False,179.0,2,False,True,0.906304121017456
008,RF-DETRs,False,179.0,3,False,True,0.9017285108566284
008,RF-DETRs,False,179.0,4,False,True,0.8935533165931702
008,RF-DETRs,False,179.0,5,False,True,0.8404361009597778
008,RF-DETRs,False,179.0,6,False,True,0.80240797996521
008,RF-DETRs,False,179.0,7,False,True,0.6202300190925598
008,RF-DETRs,False,179.0,8,False,True,0.5390377044677734
008,RF-DETRs,False,179.0,9,False,True,0.4542694389820099
008,RF-DETRs,False,180.0,0,False,True,0.9360863566398621
008,RF-DETRs,False,180.0,1,False,True,0.9201381802558899
008,RF-DETRs,False,180.0,2,False,True,0.9119118452072144
008,RF-DETRs,False,180.0,3,False,True,0.9018498659133911
008,RF-DETRs,False,180.0,4,False,True,0.8814921379089355
008,RF-DETRs,False,180.0,5,False,True,0.8469426035881042
008,RF-DETRs,False,180.0,6,False,True,0.7981099486351013
008,RF-DETRs,False,180.0,7,False,True,0.5690033435821533
008,RF-DETRs,False,180.0,8,False,True,0.5330905318260193
008,RF-DETRs,False,180.0,9,False,True,0.4423125386238098
008,RF-DETRs,False,181.0,0,False,True,0.9349167943000793
008,RF-DETRs,False,181.0,1,False,True,0.9075720906257629
008,RF-DETRs,False,181.0,2,False,True,0.9007701873779297
008,RF-DETRs,False,181.0,3,False,True,0.9004582762718201
008,RF-DETRs,False,181.0,4,False,True,0.8968018293380737
008,RF-DETRs,False,181.0,5,False,True,0.8177333474159241
008,RF-DETRs,False,181.0,6,False,True,0.8154273629188538
008,RF-DETRs,False,181.0,7,False,True,0.5740882754325867
008,RF-DETRs,False,181.0,8,False,True,0.5531455874443054
008,RF-DETRs,False,181.0,9,False,True,0.4873170554637909
008,RF-DETRs,False,182.0,0,False,True,0.9360113739967346
008,RF-DETRs,False,182.0,1,False,True,0.9127594232559204
008,RF-DETRs,False,182.0,2,False,True,0.907450258731842
008,RF-DETRs,False,182.0,3,False,True,0.905772864818573
008,RF-DETRs,False,182.0,4,False,True,0.900571346282959
008,RF-DETRs,False,182.0,5,False,True,0.7898208498954773
008,RF-DETRs,False,182.0,6,False,True,0.7793156504631042
008,RF-DETRs,False,182.0,7,False,True,0.5645473003387451
008,RF-DETRs,False,182.0,8,False,True,0.5583998560905457
008,RF-DETRs,False,182.0,9,False,True,0.48914673924446106
008,RF-DETRs,False,183.0,0,False,True,0.9342978000640869
008,RF-DETRs,False,183.0,1,False,True,0.9046892523765564
008,RF-DETRs,False,183.0,2,False,True,0.9046326875686646
008,RF-DETRs,False,183.0,3,False,True,0.8991180658340454
008,RF-DETRs,False,183.0,4,False,True,0.8925822973251343
008,RF-DETRs,False,183.0,5,False,True,0.8033901453018188
008,RF-DETRs,False,183.0,6,False,True,0.750782310962677
008,RF-DETRs,False,183.0,7,False,True,0.5465905070304871
008,RF-DETRs,False,183.0,8,False,True,0.46454381942749023
008,RF-DETRs,False,183.0,9,False,True,0.43217089772224426
008,RF-DETRs,False,184.0,0,False,True,0.9312716126441956
008,RF-DETRs,False,184.0,1,False,True,0.9063003063201904
008,RF-DETRs,False,184.0,2,False,True,0.906080961227417
008,RF-DETRs,False,184.0,3,False,True,0.8999057412147522
008,RF-DETRs,False,184.0,4,False,True,0.8660041689872742
008,RF-DETRs,False,184.0,5,False,True,0.8520874977111816
008,RF-DETRs,False,184.0,6,False,True,0.8247500658035278
008,RF-DETRs,False,184.0,7,False,True,0.5305644273757935
008,RF-DETRs,False,184.0,8,False,True,0.524298369884491
008,RF-DETRs,False,184.0,9,False,True,0.4482221007347107
008,RF-DETRs,False,185.0,0,False,True,0.9296143054962158
008,RF-DETRs,False,185.0,1,False,True,0.9061136245727539
008,RF-DETRs,False,185.0,2,False,True,0.9017391800880432
008,RF-DETRs,False,185.0,3,False,True,0.9000777006149292
008,RF-DETRs,False,185.0,4,False,True,0.8959617614746094
008,RF-DETRs,False,185.0,5,False,True,0.8322247266769409
008,RF-DETRs,False,185.0,6,False,True,0.7790716290473938
008,RF-DETRs,False,185.0,7,False,True,0.5249809622764587
008,RF-DETRs,False,185.0,8,False,True,0.49217668175697327
008,RF-DETRs,False,185.0,9,False,True,0.44196829199790955
008,RF-DETRs,False,186.0,0,False,True,0.9314300417900085
008,RF-DETRs,False,186.0,1,False,True,0.9149641394615173
008,RF-DETRs,False,186.0,2,False,True,0.9032082557678223
008,RF-DETRs,False,186.0,3,False,True,0.8993955254554749
008,RF-DETRs,False,186.0,4,False,True,0.8738040328025818
008,RF-DETRs,False,186.0,5,False,True,0.7862150073051453
008,RF-DETRs,False,186.0,6,False,True,0.7856203317642212
008,RF-DETRs,False,186.0,7,False,True,0.5274460911750793
008,RF-DETRs,False,186.0,8,False,True,0.48293811082839966
008,RF-DETRs,False,186.0,9,False,True,0.4146040081977844
008,RF-DETRs,False,187.0,0,False,True,0.9353082776069641
008,RF-DETRs,False,187.0,1,False,True,0.9163752198219299
008,RF-DETRs,False,187.0,2,False,True,0.9018096327781677
008,RF-DETRs,False,187.0,3,False,True,0.8819622993469238
008,RF-DETRs,False,187.0,4,False,True,0.8540886640548706
008,RF-DETRs,False,187.0,5,False,True,0.8432934880256653
008,RF-DETRs,False,187.0,6,False,True,0.8172943592071533
008,RF-DETRs,False,187.0,7,False,True,0.5137760043144226
008,RF-DETRs,False,187.0,8,False,True,0.4843997359275818
008,RF-DETRs,False,188.0,0,False,True,0.928530752658844
008,RF-DETRs,False,188.0,1,False,True,0.9144210815429688
008,RF-DETRs,False,188.0,2,False,True,0.910496175289154
008,RF-DETRs,False,188.0,3,False,True,0.8997405767440796
008,RF-DETRs,False,188.0,4,False,True,0.8996123671531677
008,RF-DETRs,False,188.0,5,False,True,0.8426880240440369
008,RF-DETRs,False,188.0,6,False,True,0.8015721440315247
008,RF-DETRs,False,188.0,7,False,True,0.5787476301193237
008,RF-DETRs,False,188.0,8,False,True,0.4749488830566406
008,RF-DETRs,False,189.0,0,False,True,0.9315698742866516
008,RF-DETRs,False,189.0,1,False,True,0.9243923425674438
008,RF-DETRs,False,189.0,2,False,True,0.9122335910797119
008,RF-DETRs,False,189.0,3,False,True,0.9113646745681763
008,RF-DETRs,False,189.0,4,False,True,0.9010562896728516
008,RF-DETRs,False,189.0,5,False,True,0.8585761785507202
008,RF-DETRs,False,189.0,6,False,True,0.8071357607841492
008,RF-DETRs,False,189.0,7,False,True,0.5392458438873291
008,RF-DETRs,False,189.0,8,False,True,0.5071607828140259
008,RF-DETRs,False,190.0,0,False,True,0.928435206413269
008,RF-DETRs,False,190.0,1,False,True,0.9248223900794983
008,RF-DETRs,False,190.0,2,False,True,0.9156496524810791
008,RF-DETRs,False,190.0,3,False,True,0.9058232307434082
008,RF-DETRs,False,190.0,4,False,True,0.8998608589172363
008,RF-DETRs,False,190.0,5,False,True,0.8585916757583618
008,RF-DETRs,False,190.0,6,False,True,0.7955217957496643
008,RF-DETRs,False,190.0,7,False,True,0.4886752665042877
008,RF-DETRs,False,191.0,0,False,True,0.9317209720611572
008,RF-DETRs,False,191.0,1,False,True,0.9288217425346375
008,RF-DETRs,False,191.0,2,False,True,0.9143600463867188
008,RF-DETRs,False,191.0,3,False,True,0.8993803858757019
008,RF-DETRs,False,191.0,4,False,True,0.8808779716491699
008,RF-DETRs,False,191.0,5,False,True,0.8517090678215027
008,RF-DETRs,False,191.0,6,False,True,0.8083779811859131
008,RF-DETRs,False,192.0,0,False,True,0.9298074841499329
008,RF-DETRs,False,192.0,1,False,True,0.9219995141029358
008,RF-DETRs,False,192.0,2,False,True,0.9159029126167297
008,RF-DETRs,False,192.0,3,False,True,0.8997843861579895
008,RF-DETRs,False,192.0,4,False,True,0.8557376861572266
008,RF-DETRs,False,192.0,5,False,True,0.8085387349128723
008,RF-DETRs,False,192.0,6,False,True,0.7668907642364502
008,RF-DETRs,False,193.0,0,False,True,0.9334880113601685
008,RF-DETRs,False,193.0,1,False,True,0.9306519031524658
008,RF-DETRs,False,193.0,2,False,True,0.9229612350463867
008,RF-DETRs,False,193.0,3,False,True,0.8988868594169617
008,RF-DETRs,False,193.0,4,False,True,0.8729795217514038
008,RF-DETRs,False,193.0,5,False,True,0.858195424079895
008,RF-DETRs,False,193.0,6,False,True,0.8033882975578308
008,RF-DETRs,False,193.0,7,False,True,0.4450012743473053
008,RF-DETRs,False,193.0,8,False,True,0.41483956575393677
008,RF-DETRs,False,194.0,0,False,True,0.9366145133972168
008,RF-DETRs,False,194.0,1,False,True,0.9208776354789734
008,RF-DETRs,False,194.0,2,False,True,0.9206154346466064
008,RF-DETRs,False,194.0,3,False,True,0.8966849446296692
008,RF-DETRs,False,194.0,4,False,True,0.8815377950668335
008,RF-DETRs,False,194.0,5,False,True,0.8746486306190491
008,RF-DETRs,False,194.0,6,False,True,0.8060747385025024
008,RF-DETRs,False,194.0,7,False,True,0.49188026785850525
008,RF-DETRs,False,194.0,8,False,True,0.42398497462272644
008,RF-DETRs,False,195.0,0,False,True,0.9348897933959961
008,RF-DETRs,False,195.0,1,False,True,0.9193974137306213
008,RF-DETRs,False,195.0,2,False,True,0.9008420705795288
008,RF-DETRs,False,195.0,3,False,True,0.8988586068153381
008,RF-DETRs,False,195.0,4,False,True,0.8790428042411804
008,RF-DETRs,False,195.0,5,False,True,0.8595374822616577
008,RF-DETRs,False,195.0,6,False,True,0.8068377375602722
008,RF-DETRs,False,195.0,7,False,True,0.4879837930202484
008,RF-DETRs,False,195.0,8,False,True,0.4640001654624939
008,RF-DETRs,False,196.0,0,False,True,0.9316827654838562
008,RF-DETRs,False,196.0,1,False,True,0.9192771315574646
008,RF-DETRs,False,196.0,2,False,True,0.90506911277771
008,RF-DETRs,False,196.0,3,False,True,0.9000147581100464
008,RF-DETRs,False,196.0,4,False,True,0.864353597164154
008,RF-DETRs,False,196.0,5,False,True,0.8380371928215027
008,RF-DETRs,False,196.0,6,False,True,0.8025778532028198
008,RF-DETRs,False,196.0,7,False,True,0.5737109780311584
008,RF-DETRs,False,196.0,8,False,True,0.40155521035194397
008,RF-DETRs,False,197.0,0,False,True,0.9318679571151733
008,RF-DETRs,False,197.0,1,False,True,0.9151131510734558
008,RF-DETRs,False,197.0,2,False,True,0.9021020531654358
008,RF-DETRs,False,197.0,3,False,True,0.8999229073524475
008,RF-DETRs,False,197.0,4,False,True,0.7965638041496277
008,RF-DETRs,False,197.0,5,False,True,0.7527008056640625
008,RF-DETRs,False,197.0,6,False,True,0.6926376223564148
008,RF-DETRs,False,197.0,7,False,True,0.6090031266212463
008,RF-DETRs,False,198.0,0,False,True,0.9307650923728943
008,RF-DETRs,False,198.0,1,False,True,0.9081072211265564
008,RF-DETRs,False,198.0,2,False,True,0.9059873819351196
008,RF-DETRs,False,198.0,3,False,True,0.8985121250152588
008,RF-DETRs,False,198.0,4,False,True,0.8607252836227417
008,RF-DETRs,False,198.0,5,False,True,0.7914932370185852
008,RF-DETRs,False,198.0,6,False,True,0.7383833527565002
008,RF-DETRs,False,198.0,7,False,True,0.5366195440292358
008,RF-DETRs,False,199.0,0,False,True,0.9323598742485046
008,RF-DETRs,False,199.0,1,False,True,0.92999666929245
008,RF-DETRs,False,199.0,2,False,True,0.9031674265861511
008,RF-DETRs,False,199.0,3,False,True,0.8967350721359253
008,RF-DETRs,False,199.0,4,False,True,0.8451531529426575
008,RF-DETRs,False,199.0,5,False,True,0.778362512588501
008,RF-DETRs,False,199.0,6,False,True,0.7701044678688049
008,RF-DETRs,False,199.0,7,False,True,0.6362444162368774
008,RF-DETRs,False,199.0,8,False,True,0.49106088280677795
008,RF-DETRs,False,199.0,9,False,True,0.4317643344402313
008,RF-DETRs,False,200.0,0,False,True,0.9387466311454773
008,RF-DETRs,False,200.0,1,False,True,0.9357341527938843
008,RF-DETRs,False,200.0,2,False,True,0.907663881778717
008,RF-DETRs,False,200.0,3,False,True,0.9002788066864014
008,RF-DETRs,False,200.0,4,False,True,0.8488922715187073
008,RF-DETRs,False,200.0,5,False,True,0.8426927924156189
008,RF-DETRs,False,200.0,6,False,True,0.7709693908691406
008,RF-DETRs,False,200.0,7,False,True,0.5404741168022156
008,RF-DETRs,False,200.0,8,False,True,0.46509742736816406
008,RF-DETRs,False,200.0,9,False,True,0.40689682960510254
008,RF-DETRs,False,201.0,0,False,True,0.9379064440727234
008,RF-DETRs,False,201.0,1,False,True,0.9152604341506958
008,RF-DETRs,False,201.0,2,False,True,0.9129675626754761
008,RF-DETRs,False,201.0,3,False,True,0.8959027528762817
008,RF-DETRs,False,201.0,4,False,True,0.8552563190460205
008,RF-DETRs,False,201.0,5,False,True,0.8277832269668579
008,RF-DETRs,False,201.0,6,False,True,0.7913740277290344
008,RF-DETRs,False,201.0,7,False,True,0.5078189969062805
008,RF-DETRs,False,201.0,8,False,True,0.4155369997024536
008,RF-DETRs,False,202.0,0,False,True,0.9367513060569763
008,RF-DETRs,False,202.0,1,False,True,0.9126856327056885
008,RF-DETRs,False,202.0,2,False,True,0.911161482334137
008,RF-DETRs,False,202.0,3,False,True,0.8976349830627441
008,RF-DETRs,False,202.0,4,False,True,0.8442171216011047
008,RF-DETRs,False,202.0,5,False,True,0.8163881897926331
008,RF-DETRs,False,202.0,6,False,True,0.7885306477546692
008,RF-DETRs,False,202.0,7,False,True,0.4572351574897766
008,RF-DETRs,False,202.0,8,False,True,0.43896734714508057
008,RF-DETRs,False,203.0,0,False,True,0.9338029623031616
008,RF-DETRs,False,203.0,1,False,True,0.9249998331069946
008,RF-DETRs,False,203.0,2,False,True,0.9029556512832642
008,RF-DETRs,False,203.0,3,False,True,0.8998299241065979
008,RF-DETRs,False,203.0,4,False,True,0.8649399280548096
008,RF-DETRs,False,203.0,5,False,True,0.8301549553871155
008,RF-DETRs,False,203.0,6,False,True,0.8069044947624207
008,RF-DETRs,False,203.0,7,False,True,0.47038576006889343
008,RF-DETRs,False,203.0,8,False,True,0.4559910297393799
008,RF-DETRs,False,204.0,0,False,True,0.9363928437232971
008,RF-DETRs,False,204.0,1,False,True,0.9168817400932312
008,RF-DETRs,False,204.0,2,False,True,0.8991897106170654
008,RF-DETRs,False,204.0,3,False,True,0.8779305815696716
008,RF-DETRs,False,204.0,4,False,True,0.8288835287094116
008,RF-DETRs,False,204.0,5,False,True,0.8033119440078735
008,RF-DETRs,False,204.0,6,False,True,0.7559474110603333
008,RF-DETRs,False,204.0,7,False,True,0.5949281454086304
008,RF-DETRs,False,204.0,8,False,True,0.40529435873031616
008,RF-DETRs,False,205.0,0,False,True,0.937273383140564
008,RF-DETRs,False,205.0,1,False,True,0.9134569764137268
008,RF-DETRs,False,205.0,2,False,True,0.9003578424453735
008,RF-DETRs,False,205.0,3,False,True,0.853584885597229
008,RF-DETRs,False,205.0,4,False,True,0.8123608827590942
008,RF-DETRs,False,205.0,5,False,True,0.7299123406410217
008,RF-DETRs,False,205.0,6,False,True,0.7003853917121887
008,RF-DETRs,False,205.0,7,False,True,0.5634616613388062
008,RF-DETRs,False,205.0,8,False,True,0.41505199670791626
008,RF-DETRs,False,206.0,0,False,True,0.9361472725868225
008,RF-DETRs,False,206.0,1,False,True,0.9209818840026855
008,RF-DETRs,False,206.0,2,False,True,0.8999963998794556
008,RF-DETRs,False,206.0,3,False,True,0.8493654131889343
008,RF-DETRs,False,206.0,4,False,True,0.8397097587585449
008,RF-DETRs,False,206.0,5,False,True,0.7188960313796997
008,RF-DETRs,False,206.0,6,False,True,0.6978297233581543
008,RF-DETRs,False,206.0,7,False,True,0.5329809784889221
008,RF-DETRs,False,207.0,0,False,True,0.9338982105255127
008,RF-DETRs,False,207.0,1,False,True,0.9047849774360657
008,RF-DETRs,False,207.0,2,False,True,0.9035295844078064
008,RF-DETRs,False,207.0,3,False,True,0.8662402033805847
008,RF-DETRs,False,207.0,4,False,True,0.8425229787826538
008,RF-DETRs,False,207.0,5,False,True,0.7390158176422119
008,RF-DETRs,False,207.0,6,False,True,0.7241340279579163
008,RF-DETRs,False,207.0,7,False,True,0.43689313530921936
008,RF-DETRs,False,208.0,0,False,True,0.9356696009635925
008,RF-DETRs,False,208.0,1,False,True,0.9148951768875122
008,RF-DETRs,False,208.0,2,False,True,0.9021285176277161
008,RF-DETRs,False,208.0,3,False,True,0.8839986324310303
008,RF-DETRs,False,208.0,4,False,True,0.8360803127288818
008,RF-DETRs,False,208.0,5,False,True,0.7271518111228943
008,RF-DETRs,False,208.0,6,False,True,0.6985082030296326
008,RF-DETRs,False,208.0,7,False,True,0.5449708700180054
008,RF-DETRs,False,208.0,8,False,True,0.40230244398117065
008,RF-DETRs,False,209.0,0,False,True,0.9375777244567871
008,RF-DETRs,False,209.0,1,False,True,0.9164339303970337
008,RF-DETRs,False,209.0,2,False,True,0.9020328521728516
008,RF-DETRs,False,209.0,3,False,True,0.8758400678634644
008,RF-DETRs,False,209.0,4,False,True,0.8584093451499939
008,RF-DETRs,False,209.0,5,False,True,0.744678258895874
008,RF-DETRs,False,209.0,6,False,True,0.7417618036270142
008,RF-DETRs,False,209.0,7,False,True,0.456603080034256
008,RF-DETRs,False,209.0,8,False,True,0.4482342600822449
008,RF-DETRs,False,210.0,0,False,True,0.9361929297447205
008,RF-DETRs,False,210.0,1,False,True,0.9042544960975647
008,RF-DETRs,False,210.0,2,False,True,0.9037498831748962
008,RF-DETRs,False,210.0,3,False,True,0.9009736776351929
008,RF-DETRs,False,210.0,4,False,True,0.8739602565765381
008,RF-DETRs,False,210.0,5,False,True,0.7966219782829285
008,RF-DETRs,False,210.0,6,False,True,0.7495318055152893
008,RF-DETRs,False,210.0,7,False,True,0.5635539293289185
008,RF-DETRs,False,210.0,8,False,True,0.4748052954673767
008,RF-DETRs,False,210.0,9,False,True,0.4013356864452362
008,RF-DETRs,False,211.0,0,False,True,0.9375258088111877
008,RF-DETRs,False,211.0,1,False,True,0.9244257211685181
008,RF-DETRs,False,211.0,2,False,True,0.9027544856071472
008,RF-DETRs,False,211.0,3,False,True,0.881256639957428
008,RF-DETRs,False,211.0,4,False,True,0.8369471430778503
008,RF-DETRs,False,211.0,5,False,True,0.8068528175354004
008,RF-DETRs,False,211.0,6,False,True,0.7917807102203369
008,RF-DETRs,False,211.0,7,False,True,0.5576077103614807
008,RF-DETRs,False,211.0,8,False,True,0.42280957102775574
008,RF-DETRs,False,212.0,0,False,True,0.9382830262184143
008,RF-DETRs,False,212.0,1,False,True,0.9153716564178467
008,RF-DETRs,False,212.0,2,False,True,0.9041042327880859
008,RF-DETRs,False,212.0,3,False,True,0.9008183479309082
008,RF-DETRs,False,212.0,4,False,True,0.8287526965141296
008,RF-DETRs,False,212.0,5,False,True,0.8203789591789246
008,RF-DETRs,False,212.0,6,False,True,0.8079660534858704
008,RF-DETRs,False,212.0,7,False,True,0.5475841164588928
008,RF-DETRs,False,212.0,8,False,True,0.4206389784812927
008,RF-DETRs,False,213.0,0,False,True,0.9368889927864075
008,RF-DETRs,False,213.0,1,False,True,0.921008825302124
008,RF-DETRs,False,213.0,2,False,True,0.9148987531661987
008,RF-DETRs,False,213.0,3,False,True,0.9020469188690186
008,RF-DETRs,False,213.0,4,False,True,0.9013229012489319
008,RF-DETRs,False,213.0,5,False,True,0.8256768584251404
008,RF-DETRs,False,213.0,6,False,True,0.8214771151542664
008,RF-DETRs,False,213.0,7,False,True,0.5185011029243469
008,RF-DETRs,False,213.0,8,False,True,0.4583554267883301
008,RF-DETRs,False,214.0,0,False,True,0.9392433762550354
008,RF-DETRs,False,214.0,1,False,True,0.9165118932723999
008,RF-DETRs,False,214.0,2,False,True,0.9050840139389038
008,RF-DETRs,False,214.0,3,False,True,0.9035722017288208
008,RF-DETRs,False,214.0,4,False,True,0.8957366943359375
008,RF-DETRs,False,214.0,5,False,True,0.8146682381629944
008,RF-DETRs,False,214.0,6,False,True,0.8007489442825317
008,RF-DETRs,False,214.0,7,False,True,0.5476557612419128
008,RF-DETRs,False,214.0,8,False,True,0.44763535261154175
008,RF-DETRs,False,215.0,0,False,True,0.9361183643341064
008,RF-DETRs,False,215.0,1,False,True,0.9266083836555481
008,RF-DETRs,False,215.0,2,False,True,0.9174783229827881
008,RF-DETRs,False,215.0,3,False,True,0.9022360444068909
008,RF-DETRs,False,215.0,4,False,True,0.8979907035827637
008,RF-DETRs,False,215.0,5,False,True,0.8477144837379456
008,RF-DETRs,False,215.0,6,False,True,0.8144388198852539
008,RF-DETRs,False,215.0,7,False,True,0.5577827095985413
008,RF-DETRs,False,215.0,8,False,True,0.4824904501438141
008,RF-DETRs,False,216.0,0,False,True,0.9349509477615356
008,RF-DETRs,False,216.0,1,False,True,0.9259517192840576
008,RF-DETRs,False,216.0,2,False,True,0.9084905982017517
008,RF-DETRs,False,216.0,3,False,True,0.9009057283401489
008,RF-DETRs,False,216.0,4,False,True,0.8734856843948364
008,RF-DETRs,False,216.0,5,False,True,0.8095975518226624
008,RF-DETRs,False,216.0,6,False,True,0.7878847122192383
008,RF-DETRs,False,216.0,7,False,True,0.5266817212104797
008,RF-DETRs,False,216.0,8,False,True,0.479245662689209
008,RF-DETRs,False,217.0,0,False,True,0.9346498847007751
008,RF-DETRs,False,217.0,1,False,True,0.9090597629547119
008,RF-DETRs,False,217.0,2,False,True,0.9055958986282349
008,RF-DETRs,False,217.0,3,False,True,0.8993865251541138
008,RF-DETRs,False,217.0,4,False,True,0.8987886309623718
008,RF-DETRs,False,217.0,5,False,True,0.7974469065666199
008,RF-DETRs,False,217.0,6,False,True,0.7864938378334045
008,RF-DETRs,False,218.0,0,False,True,0.9344927668571472
008,RF-DETRs,False,218.0,1,False,True,0.914697527885437
008,RF-DETRs,False,218.0,2,False,True,0.9054499268531799
008,RF-DETRs,False,218.0,3,False,True,0.9008260369300842
008,RF-DETRs,False,218.0,4,False,True,0.8338173031806946
008,RF-DETRs,False,218.0,5,False,True,0.7563567757606506
008,RF-DETRs,False,218.0,6,False,True,0.6764347553253174
008,RF-DETRs,False,218.0,7,False,True,0.5627680420875549
008,RF-DETRs,False,218.0,8,False,True,0.40694141387939453
008,RF-DETRs,False,219.0,0,False,True,0.9329804182052612
008,RF-DETRs,False,219.0,1,False,True,0.9280788898468018
008,RF-DETRs,False,219.0,2,False,True,0.9089124798774719
008,RF-DETRs,False,219.0,3,False,True,0.8998660445213318
008,RF-DETRs,False,219.0,4,False,True,0.840570330619812
008,RF-DETRs,False,219.0,5,False,True,0.7045455574989319
008,RF-DETRs,False,219.0,6,False,True,0.6938025951385498
008,RF-DETRs,False,219.0,7,False,True,0.48654094338417053
008,RF-DETRs,False,219.0,8,False,True,0.4019218385219574
008,RF-DETRs,False,220.0,0,False,True,0.931161642074585
008,RF-DETRs,False,220.0,1,False,True,0.9310731887817383
008,RF-DETRs,False,220.0,2,False,True,0.914752185344696
008,RF-DETRs,False,220.0,3,False,True,0.900534451007843
008,RF-DETRs,False,220.0,4,False,True,0.8294038772583008
008,RF-DETRs,False,220.0,5,False,True,0.762822151184082
008,RF-DETRs,False,220.0,6,False,True,0.6748045682907104
008,RF-DETRs,False,220.0,7,False,True,0.5710628032684326
008,RF-DETRs,False,221.0,0,False,True,0.9329301118850708
008,RF-DETRs,False,221.0,1,False,True,0.9231225252151489
008,RF-DETRs,False,221.0,2,False,True,0.9129836559295654
008,RF-DETRs,False,221.0,3,False,True,0.8995011448860168
008,RF-DETRs,False,221.0,4,False,True,0.8700760006904602
008,RF-DETRs,False,221.0,5,False,True,0.7835217714309692
008,RF-DETRs,False,221.0,6,False,True,0.739439070224762
008,RF-DETRs,False,221.0,7,False,True,0.4460732042789459
008,RF-DETRs,False,221.0,8,False,True,0.4374208450317383
008,RF-DETRs,False,222.0,0,False,True,0.9346606135368347
008,RF-DETRs,False,222.0,1,False,True,0.9291530847549438
008,RF-DETRs,False,222.0,2,False,True,0.9097067713737488
008,RF-DETRs,False,222.0,3,False,True,0.8998674154281616
008,RF-DETRs,False,222.0,4,False,True,0.8965439200401306
008,RF-DETRs,False,222.0,5,False,True,0.8131967782974243
008,RF-DETRs,False,222.0,6,False,True,0.8042448163032532
008,RF-DETRs,False,222.0,7,False,True,0.43879514932632446
008,RF-DETRs,False,222.0,8,False,True,0.40803325176239014
008,RF-DETRs,False,223.0,0,False,True,0.9364707469940186
008,RF-DETRs,False,223.0,1,False,True,0.9164760708808899
008,RF-DETRs,False,223.0,2,False,True,0.9077531695365906
008,RF-DETRs,False,223.0,3,False,True,0.8995460867881775
008,RF-DETRs,False,223.0,4,False,True,0.8916923999786377
008,RF-DETRs,False,223.0,5,False,True,0.8253327012062073
008,RF-DETRs,False,223.0,6,False,True,0.8131311535835266
008,RF-DETRs,False,223.0,7,False,True,0.4370924234390259
008,RF-DETRs,False,223.0,8,False,True,0.4103435277938843
008,RF-DETRs,False,224.0,0,False,True,0.9332910776138306
008,RF-DETRs,False,224.0,1,False,True,0.9210742115974426
008,RF-DETRs,False,224.0,2,False,True,0.9047699570655823
008,RF-DETRs,False,224.0,3,False,True,0.8986338973045349
008,RF-DETRs,False,224.0,4,False,True,0.8854358792304993
008,RF-DETRs,False,224.0,5,False,True,0.7795998454093933
008,RF-DETRs,False,224.0,6,False,True,0.7587365508079529
008,RF-DETRs,False,224.0,7,False,True,0.44149768352508545
008,RF-DETRs,False,224.0,8,False,True,0.44051557779312134
008,RF-DETRs,False,225.0,0,False,True,0.9351714849472046
008,RF-DETRs,False,225.0,1,False,True,0.9187055826187134
008,RF-DETRs,False,225.0,2,False,True,0.9096186757087708
008,RF-DETRs,False,225.0,3,False,True,0.9004310965538025
008,RF-DETRs,False,225.0,4,False,True,0.8812974691390991
008,RF-DETRs,False,225.0,5,False,True,0.7568550705909729
008,RF-DETRs,False,225.0,6,False,True,0.7266287207603455
008,RF-DETRs,False,225.0,7,False,True,0.478518009185791
008,RF-DETRs,False,225.0,8,False,True,0.4473099708557129
008,RF-DETRs,False,226.0,0,False,True,0.9377843141555786
008,RF-DETRs,False,226.0,1,False,True,0.9195515513420105
008,RF-DETRs,False,226.0,2,False,True,0.9193406105041504
008,RF-DETRs,False,226.0,3,False,True,0.9006885886192322
008,RF-DETRs,False,226.0,4,False,True,0.8560839295387268
008,RF-DETRs,False,226.0,5,False,True,0.7846016883850098
008,RF-DETRs,False,226.0,6,False,True,0.7532051205635071
008,RF-DETRs,False,226.0,7,False,True,0.5487627983093262
008,RF-DETRs,False,227.0,0,False,True,0.9331866502761841
008,RF-DETRs,False,227.0,1,False,True,0.9256230592727661
008,RF-DETRs,False,227.0,2,False,True,0.9166980981826782
008,RF-DETRs,False,227.0,3,False,True,0.9021120071411133
008,RF-DETRs,False,227.0,4,False,True,0.8650631904602051
008,RF-DETRs,False,227.0,5,False,True,0.777172863483429
008,RF-DETRs,False,227.0,6,False,True,0.7520262598991394
008,RF-DETRs,False,227.0,7,False,True,0.5376092195510864
008,RF-DETRs,False,227.0,8,False,True,0.4711918532848358
008,RF-DETRs,False,228.0,0,False,True,0.9333502650260925
008,RF-DETRs,False,228.0,1,False,True,0.9186780452728271
008,RF-DETRs,False,228.0,2,False,True,0.9121402502059937
008,RF-DETRs,False,228.0,3,False,True,0.901145339012146
008,RF-DETRs,False,228.0,4,False,True,0.8692959547042847
008,RF-DETRs,False,228.0,5,False,True,0.7350203990936279
008,RF-DETRs,False,228.0,6,False,True,0.7253502011299133
008,RF-DETRs,False,228.0,7,False,True,0.5314019918441772
008,RF-DETRs,False,228.0,8,False,True,0.49742773175239563
008,RF-DETRs,False,228.0,9,False,True,0.41108664870262146
008,RF-DETRs,False,229.0,0,False,True,0.9347057342529297
008,RF-DETRs,False,229.0,1,False,True,0.9160245060920715
008,RF-DETRs,False,229.0,2,False,True,0.9055771231651306
008,RF-DETRs,False,229.0,3,False,True,0.9000495076179504
008,RF-DETRs,False,229.0,4,False,True,0.8844830393791199
008,RF-DETRs,False,229.0,5,False,True,0.8152645826339722
008,RF-DETRs,False,229.0,6,False,True,0.805789589881897
008,RF-DETRs,False,229.0,7,False,True,0.47212061285972595
008,RF-DETRs,False,229.0,8,False,True,0.40209561586380005
008,RF-DETRs,False,230.0,0,False,True,0.9374353289604187
008,RF-DETRs,False,230.0,1,False,True,0.9197587370872498
008,RF-DETRs,False,230.0,2,False,True,0.8954545855522156
008,RF-DETRs,False,230.0,3,False,True,0.8896037340164185
008,RF-DETRs,False,230.0,4,False,True,0.8505041003227234
008,RF-DETRs,False,230.0,5,False,True,0.8504162430763245
008,RF-DETRs,False,230.0,6,False,True,0.7978219389915466
008,RF-DETRs,False,230.0,7,False,True,0.4608502984046936
008,RF-DETRs,False,230.0,8,False,True,0.4514687955379486
008,RF-DETRs,False,231.0,0,False,True,0.9371917247772217
008,RF-DETRs,False,231.0,1,False,True,0.9188979864120483
008,RF-DETRs,False,231.0,2,False,True,0.8979641795158386
008,RF-DETRs,False,231.0,3,False,True,0.8739638924598694
008,RF-DETRs,False,231.0,4,False,True,0.8726013898849487
008,RF-DETRs,False,231.0,5,False,True,0.7993980646133423
008,RF-DETRs,False,231.0,6,False,True,0.7613106369972229
008,RF-DETRs,False,231.0,7,False,True,0.49581167101860046
008,RF-DETRs,False,231.0,8,False,True,0.4130694568157196
008,RF-DETRs,False,232.0,0,False,True,0.935997486114502
008,RF-DETRs,False,232.0,1,False,True,0.9197876453399658
008,RF-DETRs,False,232.0,2,False,True,0.9059890508651733
008,RF-DETRs,False,232.0,3,False,True,0.8995293974876404
008,RF-DETRs,False,232.0,4,False,True,0.8771443963050842
008,RF-DETRs,False,232.0,5,False,True,0.8235146999359131
008,RF-DETRs,False,232.0,6,False,True,0.771870493888855
008,RF-DETRs,False,232.0,7,False,True,0.522769570350647
008,RF-DETRs,False,232.0,8,False,True,0.46211424469947815
008,RF-DETRs,False,233.0,0,False,True,0.9344635009765625
008,RF-DETRs,False,233.0,1,False,True,0.9304154515266418
008,RF-DETRs,False,233.0,2,False,True,0.9152329564094543
008,RF-DETRs,False,233.0,3,False,True,0.8965117931365967
008,RF-DETRs,False,233.0,4,False,True,0.8952912092208862
008,RF-DETRs,False,233.0,5,False,True,0.7884872555732727
008,RF-DETRs,False,233.0,6,False,True,0.7612349987030029
008,RF-DETRs,False,233.0,7,False,True,0.42871788144111633
008,RF-DETRs,False,233.0,8,False,True,0.4126497805118561
008,RF-DETRs,False,234.0,0,False,True,0.9358680248260498
008,RF-DETRs,False,234.0,1,False,True,0.9141935706138611
008,RF-DETRs,False,234.0,2,False,True,0.9053366780281067
008,RF-DETRs,False,234.0,3,False,True,0.8969995379447937
008,RF-DETRs,False,234.0,4,False,True,0.8853779435157776
008,RF-DETRs,False,234.0,5,False,True,0.81382155418396
008,RF-DETRs,False,234.0,6,False,True,0.7257216572761536
008,RF-DETRs,False,234.0,7,False,True,0.5384886264801025
008,RF-DETRs,False,234.0,8,False,True,0.4140855371952057
008,RF-DETRs,False,235.0,0,False,True,0.9336148500442505
008,RF-DETRs,False,235.0,1,False,True,0.9291372895240784
008,RF-DETRs,False,235.0,2,False,True,0.9075888991355896
008,RF-DETRs,False,235.0,3,False,True,0.8970828056335449
008,RF-DETRs,False,235.0,4,False,True,0.8736051321029663
008,RF-DETRs,False,235.0,5,False,True,0.7846112251281738
008,RF-DETRs,False,235.0,6,False,True,0.6840243339538574
008,RF-DETRs,False,235.0,7,False,True,0.46657559275627136
008,RF-DETRs,False,235.0,8,False,True,0.4493896961212158
008,RF-DETRs,False,236.0,0,False,True,0.935261070728302
008,RF-DETRs,False,236.0,1,False,True,0.9333677291870117
008,RF-DETRs,False,236.0,2,False,True,0.9096876978874207
008,RF-DETRs,False,236.0,3,False,True,0.8980761766433716
008,RF-DETRs,False,236.0,4,False,True,0.8768631815910339
008,RF-DETRs,False,236.0,5,False,True,0.7771131992340088
008,RF-DETRs,False,236.0,6,False,True,0.7172213792800903
008,RF-DETRs,False,236.0,7,False,True,0.487169086933136
008,RF-DETRs,False,236.0,8,False,True,0.44946932792663574
008,RF-DETRs,False,236.0,9,False,True,0.4194124639034271
008,RF-DETRs,False,237.0,0,False,True,0.932869017124176
008,RF-DETRs,False,237.0,1,False,True,0.9287301898002625
008,RF-DETRs,False,237.0,2,False,True,0.9077075123786926
008,RF-DETRs,False,237.0,3,False,True,0.8980188965797424
008,RF-DETRs,False,237.0,4,False,True,0.8942265510559082
008,RF-DETRs,False,237.0,5,False,True,0.8219203352928162
008,RF-DETRs,False,237.0,6,False,True,0.7519370317459106
008,RF-DETRs,False,237.0,7,False,True,0.5142240524291992
008,RF-DETRs,False,237.0,8,False,True,0.4899887144565582
008,RF-DETRs,False,237.0,9,False,True,0.4134623408317566
008,RF-DETRs,False,238.0,0,False,True,0.9338869452476501
008,RF-DETRs,False,238.0,1,False,True,0.9293509721755981
008,RF-DETRs,False,238.0,2,False,True,0.9170040488243103
008,RF-DETRs,False,238.0,3,False,True,0.8964061141014099
008,RF-DETRs,False,238.0,4,False,True,0.8945684432983398
008,RF-DETRs,False,238.0,5,False,True,0.8237881064414978
008,RF-DETRs,False,238.0,6,False,True,0.7530609369277954
008,RF-DETRs,False,238.0,7,False,True,0.5039604306221008
008,RF-DETRs,False,238.0,8,False,True,0.4961371123790741
008,RF-DETRs,False,239.0,0,False,True,0.9323416352272034
008,RF-DETRs,False,239.0,1,False,True,0.9279499053955078
008,RF-DETRs,False,239.0,2,False,True,0.9163698554039001
008,RF-DETRs,False,239.0,3,False,True,0.8980996608734131
008,RF-DETRs,False,239.0,4,False,True,0.857967734336853
008,RF-DETRs,False,239.0,5,False,True,0.6788747906684875
008,RF-DETRs,False,239.0,6,False,True,0.6140961647033691
008,RF-DETRs,False,239.0,7,False,True,0.6035724878311157
008,RF-DETRs,False,239.0,8,False,True,0.5474389791488647
008,RF-DETRs,False,239.0,9,False,True,0.46976327896118164
008,RF-DETRs,False,239.0,10,False,True,0.41657400131225586
008,RF-DETRs,False,240.0,0,False,True,0.9309262633323669
008,RF-DETRs,False,240.0,1,False,True,0.9230641722679138
008,RF-DETRs,False,240.0,2,False,True,0.9158312082290649
008,RF-DETRs,False,240.0,3,False,True,0.8963622450828552
008,RF-DETRs,False,240.0,4,False,True,0.8640891909599304
008,RF-DETRs,False,240.0,5,False,True,0.6458551287651062
008,RF-DETRs,False,240.0,6,False,True,0.6148882508277893
008,RF-DETRs,False,240.0,7,False,True,0.5847544074058533
008,RF-DETRs,False,240.0,8,False,True,0.46175098419189453
008,RF-DETRs,False,240.0,9,False,True,0.41771015524864197
008,RF-DETRs,False,241.0,0,False,True,0.9341800212860107
008,RF-DETRs,False,241.0,1,False,True,0.9233083128929138
008,RF-DETRs,False,241.0,2,False,True,0.917829692363739
008,RF-DETRs,False,241.0,3,False,True,0.899384617805481
008,RF-DETRs,False,241.0,4,False,True,0.848946213722229
008,RF-DETRs,False,241.0,5,False,True,0.7772679328918457
008,RF-DETRs,False,241.0,6,False,True,0.685119092464447
008,RF-DETRs,False,241.0,7,False,True,0.43365365266799927
008,RF-DETRs,False,242.0,0,False,True,0.931904137134552
008,RF-DETRs,False,242.0,1,False,True,0.918692409992218
008,RF-DETRs,False,242.0,2,False,True,0.9173969626426697
008,RF-DETRs,False,242.0,3,False,True,0.9002809524536133
008,RF-DETRs,False,242.0,4,False,True,0.862203061580658
008,RF-DETRs,False,242.0,5,False,True,0.7853612303733826
008,RF-DETRs,False,242.0,6,False,True,0.7154494524002075
008,RF-DETRs,False,242.0,7,False,True,0.45584288239479065
008,RF-DETRs,False,242.0,8,False,True,0.43271195888519287
008,RF-DETRs,False,243.0,0,False,True,0.9336714148521423
008,RF-DETRs,False,243.0,1,False,True,0.9135286211967468
008,RF-DETRs,False,243.0,2,False,True,0.9116970896720886
008,RF-DETRs,False,243.0,3,False,True,0.8993454575538635
008,RF-DETRs,False,243.0,4,False,True,0.8921808004379272
008,RF-DETRs,False,243.0,5,False,True,0.8214514255523682
008,RF-DETRs,False,243.0,6,False,True,0.7501068711280823
008,RF-DETRs,False,243.0,7,False,True,0.5208502411842346
008,RF-DETRs,False,243.0,8,False,True,0.47643524408340454
008,RF-DETRs,False,244.0,0,False,True,0.9347977638244629
008,RF-DETRs,False,244.0,1,False,True,0.9133685827255249
008,RF-DETRs,False,244.0,2,False,True,0.9105854034423828
008,RF-DETRs,False,244.0,3,False,True,0.8989121913909912
008,RF-DETRs,False,244.0,4,False,True,0.8884250521659851
008,RF-DETRs,False,244.0,5,False,True,0.7847016453742981
008,RF-DETRs,False,244.0,6,False,True,0.7570210099220276
008,RF-DETRs,False,244.0,7,False,True,0.4891665279865265
008,RF-DETRs,False,244.0,8,False,True,0.4789472222328186
008,RF-DETRs,False,245.0,0,False,True,0.9375302195549011
008,RF-DETRs,False,245.0,1,False,True,0.9172210097312927
008,RF-DETRs,False,245.0,2,False,True,0.9006339311599731
008,RF-DETRs,False,245.0,3,False,True,0.8906354904174805
008,RF-DETRs,False,245.0,4,False,True,0.8821284770965576
008,RF-DETRs,False,245.0,5,False,True,0.7693310976028442
008,RF-DETRs,False,245.0,6,False,True,0.7568932175636292
008,RF-DETRs,False,245.0,7,False,True,0.5382514595985413
008,RF-DETRs,False,245.0,8,False,True,0.5305613279342651
008,RF-DETRs,False,245.0,9,False,True,0.427552193403244
008,RF-DETRs,False,246.0,0,False,True,0.9312598705291748
008,RF-DETRs,False,246.0,1,False,True,0.9234738349914551
008,RF-DETRs,False,246.0,2,False,True,0.91756272315979
008,RF-DETRs,False,246.0,3,False,True,0.8988673090934753
008,RF-DETRs,False,246.0,4,False,True,0.8720263838768005
008,RF-DETRs,False,246.0,5,False,True,0.7737340331077576
008,RF-DETRs,False,246.0,6,False,True,0.7500704526901245
008,RF-DETRs,False,246.0,7,False,True,0.5033002495765686
008,RF-DETRs,False,246.0,8,False,True,0.46702778339385986
008,RF-DETRs,False,247.0,0,False,True,0.9334021210670471
008,RF-DETRs,False,247.0,1,False,True,0.9243500828742981
008,RF-DETRs,False,247.0,2,False,True,0.924256443977356
008,RF-DETRs,False,247.0,3,False,True,0.8965737223625183
008,RF-DETRs,False,247.0,4,False,True,0.8585981726646423
008,RF-DETRs,False,247.0,5,False,True,0.8298916816711426
008,RF-DETRs,False,247.0,6,False,True,0.7412964105606079
008,RF-DETRs,False,247.0,7,False,True,0.517556369304657
008,RF-DETRs,False,247.0,8,False,True,0.4710880219936371
008,RF-DETRs,False,247.0,9,False,True,0.4358443021774292
008,RF-DETRs,False,248.0,0,False,True,0.9348083138465881
008,RF-DETRs,False,248.0,1,False,True,0.9210067987442017
008,RF-DETRs,False,248.0,2,False,True,0.9191775321960449
008,RF-DETRs,False,248.0,3,False,True,0.8990409970283508
008,RF-DETRs,False,248.0,4,False,True,0.8722143769264221
008,RF-DETRs,False,248.0,5,False,True,0.7972866296768188
008,RF-DETRs,False,248.0,6,False,True,0.7700449824333191
008,RF-DETRs,False,248.0,7,False,True,0.5097206234931946
008,RF-DETRs,False,248.0,8,False,True,0.4596525728702545
008,RF-DETRs,False,249.0,0,False,True,0.9383631348609924
008,RF-DETRs,False,249.0,1,False,True,0.9222675561904907
008,RF-DETRs,False,249.0,2,False,True,0.8997951149940491
008,RF-DETRs,False,249.0,3,False,True,0.8894678950309753
008,RF-DETRs,False,249.0,4,False,True,0.8724529147148132
008,RF-DETRs,False,249.0,5,False,True,0.8153699636459351
008,RF-DETRs,False,249.0,6,False,True,0.7586604952812195
008,RF-DETRs,False,249.0,7,False,True,0.4451155364513397
008,RF-DETRs,False,249.0,8,False,True,0.43687212467193604
008,RF-DETRs,False,250.0,0,False,True,0.9380242228507996
008,RF-DETRs,False,250.0,1,False,True,0.9210531711578369
008,RF-DETRs,False,250.0,2,False,True,0.895952045917511
008,RF-DETRs,False,250.0,3,False,True,0.8865560293197632
008,RF-DETRs,False,250.0,4,False,True,0.8287122845649719
008,RF-DETRs,False,250.0,5,False,True,0.8048688769340515
008,RF-DETRs,False,250.0,6,False,True,0.7183655500411987
008,RF-DETRs,False,250.0,7,False,True,0.5300004482269287
008,RF-DETRs,False,250.0,8,False,True,0.48923829197883606
008,RF-DETRs,False,251.0,0,False,True,0.9368665814399719
008,RF-DETRs,False,251.0,1,False,True,0.9239036440849304
008,RF-DETRs,False,251.0,2,False,True,0.8989130258560181
008,RF-DETRs,False,251.0,3,False,True,0.8804753422737122
008,RF-DETRs,False,251.0,4,False,True,0.8669915795326233
008,RF-DETRs,False,251.0,5,False,True,0.7995229959487915
008,RF-DETRs,False,251.0,6,False,True,0.751865029335022
008,RF-DETRs,False,251.0,7,False,True,0.49565932154655457
008,RF-DETRs,False,251.0,8,False,True,0.4713591933250427
008,RF-DETRs,False,251.0,9,False,True,0.41923442482948303
008,RF-DETRs,False,252.0,0,False,True,0.9367167949676514
008,RF-DETRs,False,252.0,1,False,True,0.9191503524780273
008,RF-DETRs,False,252.0,2,False,True,0.897330105304718
008,RF-DETRs,False,252.0,3,False,True,0.8810560703277588
008,RF-DETRs,False,252.0,4,False,True,0.8605097532272339
008,RF-DETRs,False,252.0,5,False,True,0.8162550926208496
008,RF-DETRs,False,252.0,6,False,True,0.7570826411247253
008,RF-DETRs,False,252.0,7,False,True,0.5745134949684143
008,RF-DETRs,False,252.0,8,False,True,0.47269999980926514
008,RF-DETRs,False,252.0,9,False,True,0.40400615334510803
008,RF-DETRs,False,253.0,0,False,True,0.9370107054710388
008,RF-DETRs,False,253.0,1,False,True,0.9264936447143555
008,RF-DETRs,False,253.0,2,False,True,0.8972030282020569
008,RF-DETRs,False,253.0,3,False,True,0.8866205811500549
008,RF-DETRs,False,253.0,4,False,True,0.8384411334991455
008,RF-DETRs,False,253.0,5,False,True,0.8043389916419983
008,RF-DETRs,False,253.0,6,False,True,0.7796829342842102
008,RF-DETRs,False,253.0,7,False,True,0.5063235759735107
008,RF-DETRs,False,253.0,8,False,True,0.4993792474269867
008,RF-DETRs,False,253.0,9,False,True,0.41755834221839905
008,RF-DETRs,False,254.0,0,False,True,0.9370132088661194
008,RF-DETRs,False,254.0,1,False,True,0.9239060878753662
008,RF-DETRs,False,254.0,2,False,True,0.8998895287513733
008,RF-DETRs,False,254.0,3,False,True,0.8744202256202698
008,RF-DETRs,False,254.0,4,False,True,0.8616682887077332
008,RF-DETRs,False,254.0,5,False,True,0.8077620267868042
008,RF-DETRs,False,254.0,6,False,True,0.7485092878341675
008,RF-DETRs,False,254.0,7,False,True,0.616838812828064
008,RF-DETRs,False,254.0,8,False,True,0.49365219473838806
008,RF-DETRs,False,254.0,9,False,True,0.41284728050231934
008,RF-DETRs,False,255.0,0,False,True,0.934420108795166
008,RF-DETRs,False,255.0,1,False,True,0.9209504723548889
008,RF-DETRs,False,255.0,2,False,True,0.8992274403572083
008,RF-DETRs,False,255.0,3,False,True,0.8611254692077637
008,RF-DETRs,False,255.0,4,False,True,0.8497514128684998
008,RF-DETRs,False,255.0,5,False,True,0.8234078884124756
008,RF-DETRs,False,255.0,6,False,True,0.7516488432884216
008,RF-DETRs,False,255.0,7,False,True,0.47197574377059937
008,RF-DETRs,False,255.0,8,False,True,0.4054749310016632
008,RF-DETRs,False,256.0,0,False,True,0.9340194463729858
008,RF-DETRs,False,256.0,1,False,True,0.9172113537788391
008,RF-DETRs,False,256.0,2,False,True,0.8980447053909302
008,RF-DETRs,False,256.0,3,False,True,0.865361750125885
008,RF-DETRs,False,256.0,4,False,True,0.8484176397323608
008,RF-DETRs,False,256.0,5,False,True,0.8015944957733154
008,RF-DETRs,False,256.0,6,False,True,0.7165327668190002
008,RF-DETRs,False,256.0,7,False,True,0.5635452270507812
008,RF-DETRs,False,256.0,8,False,True,0.47474128007888794
008,RF-DETRs,False,257.0,0,False,True,0.9384214878082275
008,RF-DETRs,False,257.0,1,False,True,0.9178275465965271
008,RF-DETRs,False,257.0,2,False,True,0.898581326007843
008,RF-DETRs,False,257.0,3,False,True,0.874983012676239
008,RF-DETRs,False,257.0,4,False,True,0.8527023792266846
008,RF-DETRs,False,257.0,5,False,True,0.792799174785614
008,RF-DETRs,False,257.0,6,False,True,0.7194293141365051
008,RF-DETRs,False,257.0,7,False,True,0.5183046460151672
008,RF-DETRs,False,257.0,8,False,True,0.5025413036346436
008,RF-DETRs,False,257.0,9,False,True,0.4469446837902069
008,RF-DETRs,False,258.0,0,False,True,0.9350962042808533
008,RF-DETRs,False,258.0,1,False,True,0.9234861135482788
008,RF-DETRs,False,258.0,2,False,True,0.9010950922966003
008,RF-DETRs,False,258.0,3,False,True,0.8841292858123779
008,RF-DETRs,False,258.0,4,False,True,0.8716553449630737
008,RF-DETRs,False,258.0,5,False,True,0.7547522187232971
008,RF-DETRs,False,258.0,6,False,True,0.7037061452865601
008,RF-DETRs,False,258.0,7,False,True,0.48710358142852783
008,RF-DETRs,False,258.0,8,False,True,0.4778454303741455
008,RF-DETRs,False,258.0,9,False,True,0.41537904739379883
008,RF-DETRs,False,259.0,0,False,True,0.9353868365287781
008,RF-DETRs,False,259.0,1,False,True,0.9170167446136475
008,RF-DETRs,False,259.0,2,False,True,0.9031400084495544
008,RF-DETRs,False,259.0,3,False,True,0.8935229778289795
008,RF-DETRs,False,259.0,4,False,True,0.8567429184913635
008,RF-DETRs,False,259.0,5,False,True,0.7339499592781067
008,RF-DETRs,False,259.0,6,False,True,0.7130481600761414
008,RF-DETRs,False,259.0,7,False,True,0.5136145353317261
008,RF-DETRs,False,259.0,8,False,True,0.4404540956020355
008,RF-DETRs,False,259.0,9,False,True,0.4236910045146942
008,RF-DETRs,False,260.0,0,False,True,0.9354134202003479
008,RF-DETRs,False,260.0,1,False,True,0.9210547804832458
008,RF-DETRs,False,260.0,2,False,True,0.8986189365386963
008,RF-DETRs,False,260.0,3,False,True,0.8854036331176758
008,RF-DETRs,False,260.0,4,False,True,0.8469310402870178
008,RF-DETRs,False,260.0,5,False,True,0.8400185704231262
008,RF-DETRs,False,260.0,6,False,True,0.6994017362594604
008,RF-DETRs,False,260.0,7,False,True,0.4964699149131775
008,RF-DETRs,False,260.0,8,False,True,0.46808627247810364
008,RF-DETRs,False,260.0,9,False,True,0.40778955817222595
008,RF-DETRs,False,261.0,0,False,True,0.9389777183532715
008,RF-DETRs,False,261.0,1,False,True,0.9102423787117004
008,RF-DETRs,False,261.0,2,False,True,0.9067193269729614
008,RF-DETRs,False,261.0,3,False,True,0.8567726612091064
008,RF-DETRs,False,261.0,4,False,True,0.8293041586875916
008,RF-DETRs,False,261.0,5,False,True,0.8025956749916077
008,RF-DETRs,False,261.0,6,False,True,0.7520765066146851
008,RF-DETRs,False,261.0,7,False,True,0.4626503884792328
008,RF-DETRs,False,261.0,8,False,True,0.41306784749031067
008,RF-DETRs,False,262.0,0,False,True,0.9362359046936035
008,RF-DETRs,False,262.0,1,False,True,0.9136190414428711
008,RF-DETRs,False,262.0,2,False,True,0.8995652794837952
008,RF-DETRs,False,262.0,3,False,True,0.8649657368659973
008,RF-DETRs,False,262.0,4,False,True,0.8623266816139221
008,RF-DETRs,False,262.0,5,False,True,0.8080468773841858
008,RF-DETRs,False,262.0,6,False,True,0.7250956296920776
008,RF-DETRs,False,262.0,7,False,True,0.44451040029525757
008,RF-DETRs,False,262.0,8,False,True,0.419452965259552
008,RF-DETRs,False,263.0,0,False,True,0.9356130957603455
008,RF-DETRs,False,263.0,1,False,True,0.9155802130699158
008,RF-DETRs,False,263.0,2,False,True,0.8998954892158508
008,RF-DETRs,False,263.0,3,False,True,0.8847712278366089
008,RF-DETRs,False,263.0,4,False,True,0.8550912737846375
008,RF-DETRs,False,263.0,5,False,True,0.8098036050796509
008,RF-DETRs,False,263.0,6,False,True,0.7389456033706665
008,RF-DETRs,False,263.0,7,False,True,0.4272061288356781
008,RF-DETRs,False,263.0,8,False,True,0.41228699684143066
008,RF-DETRs,False,264.0,0,False,True,0.9375448822975159
008,RF-DETRs,False,264.0,1,False,True,0.9177461266517639
008,RF-DETRs,False,264.0,2,False,True,0.903159499168396
008,RF-DETRs,False,264.0,3,False,True,0.8793749213218689
008,RF-DETRs,False,264.0,4,False,True,0.8548401594161987
008,RF-DETRs,False,264.0,5,False,True,0.7606635093688965
008,RF-DETRs,False,264.0,6,False,True,0.7254806756973267
008,RF-DETRs,False,264.0,7,False,True,0.4412012994289398
008,RF-DETRs,False,265.0,0,False,True,0.9350982308387756
008,RF-DETRs,False,265.0,1,False,True,0.9020968675613403
008,RF-DETRs,False,265.0,2,False,True,0.8974246978759766
008,RF-DETRs,False,265.0,3,False,True,0.877186119556427
008,RF-DETRs,False,265.0,4,False,True,0.8609246015548706
008,RF-DETRs,False,265.0,5,False,True,0.8552623391151428
008,RF-DETRs,False,265.0,6,False,True,0.7692076563835144
008,RF-DETRs,False,265.0,7,False,True,0.4691707491874695
008,RF-DETRs,False,265.0,8,False,True,0.4651709496974945
008,RF-DETRs,False,266.0,0,False,True,0.9377333521842957
008,RF-DETRs,False,266.0,1,False,True,0.9122781157493591
008,RF-DETRs,False,266.0,2,False,True,0.9049221277236938
008,RF-DETRs,False,266.0,3,False,True,0.8871274590492249
008,RF-DETRs,False,266.0,4,False,True,0.866118848323822
008,RF-DETRs,False,266.0,5,False,True,0.7336073517799377
008,RF-DETRs,False,266.0,6,False,True,0.6840322613716125
008,RF-DETRs,False,266.0,7,False,True,0.48729562759399414
008,RF-DETRs,False,266.0,8,False,True,0.4752368927001953
008,RF-DETRs,False,267.0,0,False,True,0.936161994934082
008,RF-DETRs,False,267.0,1,False,True,0.912701427936554
008,RF-DETRs,False,267.0,2,False,True,0.9022506475448608
008,RF-DETRs,False,267.0,3,False,True,0.8992228507995605
008,RF-DETRs,False,267.0,4,False,True,0.8749839663505554
008,RF-DETRs,False,267.0,5,False,True,0.7967337965965271
008,RF-DETRs,False,267.0,6,False,True,0.7184392213821411
008,RF-DETRs,False,267.0,7,False,True,0.467068612575531
008,RF-DETRs,False,267.0,8,False,True,0.43153318762779236
008,RF-DETRs,False,268.0,0,False,True,0.935786783695221
008,RF-DETRs,False,268.0,1,False,True,0.9160171151161194
008,RF-DETRs,False,268.0,2,False,True,0.9012032747268677
008,RF-DETRs,False,268.0,3,False,True,0.90033358335495
008,RF-DETRs,False,268.0,4,False,True,0.8944653272628784
008,RF-DETRs,False,268.0,5,False,True,0.7475143671035767
008,RF-DETRs,False,268.0,6,False,True,0.7436347007751465
008,RF-DETRs,False,268.0,7,False,True,0.46780669689178467
008,RF-DETRs,False,268.0,8,False,True,0.4428953230381012
008,RF-DETRs,False,269.0,0,False,True,0.9386177659034729
008,RF-DETRs,False,269.0,1,False,True,0.9222692847251892
008,RF-DETRs,False,269.0,2,False,True,0.9030534625053406
008,RF-DETRs,False,269.0,3,False,True,0.9013991355895996
008,RF-DETRs,False,269.0,4,False,True,0.8771114349365234
008,RF-DETRs,False,269.0,5,False,True,0.8148546814918518
008,RF-DETRs,False,269.0,6,False,True,0.7728079557418823
008,RF-DETRs,False,269.0,7,False,True,0.493640273809433
008,RF-DETRs,False,269.0,8,False,True,0.4547957479953766
008,RF-DETRs,False,269.0,9,False,True,0.4526959955692291
008,RF-DETRs,False,271.0,0,False,True,0.9347637295722961
008,RF-DETRs,False,271.0,1,False,True,0.9153608083724976
008,RF-DETRs,False,271.0,2,False,True,0.9015611410140991
008,RF-DETRs,False,271.0,3,False,True,0.9007476568222046
008,RF-DETRs,False,271.0,4,False,True,0.8922664523124695
008,RF-DETRs,False,271.0,5,False,True,0.7928717136383057
008,RF-DETRs,False,271.0,6,False,True,0.768792986869812
008,RF-DETRs,False,271.0,7,False,True,0.48485371470451355
008,RF-DETRs,False,271.0,8,False,True,0.480993390083313
008,RF-DETRs,False,271.0,9,False,True,0.41743484139442444
008,RF-DETRs,False,272.0,0,False,True,0.932233989238739
008,RF-DETRs,False,272.0,1,False,True,0.9159525632858276
008,RF-DETRs,False,272.0,2,False,True,0.9079148173332214
008,RF-DETRs,False,272.0,3,False,True,0.9005855917930603
008,RF-DETRs,False,272.0,4,False,True,0.8939568996429443
008,RF-DETRs,False,272.0,5,False,True,0.8045719265937805
008,RF-DETRs,False,272.0,6,False,True,0.7741795182228088
008,RF-DETRs,False,272.0,7,False,True,0.45840704441070557
008,RF-DETRs,False,273.0,0,False,True,0.9349393844604492
008,RF-DETRs,False,273.0,1,False,True,0.9166433811187744
008,RF-DETRs,False,273.0,2,False,True,0.9034389853477478
008,RF-DETRs,False,273.0,3,False,True,0.9010486602783203
008,RF-DETRs,False,273.0,4,False,True,0.8865950107574463
008,RF-DETRs,False,273.0,5,False,True,0.7684646844863892
008,RF-DETRs,False,273.0,6,False,True,0.7455613017082214
008,RF-DETRs,False,273.0,7,False,True,0.4623481035232544
008,RF-DETRs,False,273.0,8,False,True,0.409726619720459
008,RF-DETRs,False,274.0,0,False,True,0.9351109266281128
008,RF-DETRs,False,274.0,1,False,True,0.9151892066001892
008,RF-DETRs,False,274.0,2,False,True,0.9023982882499695
008,RF-DETRs,False,274.0,3,False,True,0.8967969417572021
008,RF-DETRs,False,274.0,4,False,True,0.8407080769538879
008,RF-DETRs,False,274.0,5,False,True,0.7301082611083984
008,RF-DETRs,False,274.0,6,False,True,0.7124063968658447
008,RF-DETRs,False,274.0,7,False,True,0.5164423584938049
008,RF-DETRs,False,274.0,8,False,True,0.43869784474372864
008,RF-DETRs,False,275.0,0,False,True,0.9373539090156555
008,RF-DETRs,False,275.0,1,False,True,0.9132340550422668
008,RF-DETRs,False,275.0,2,False,True,0.9003121256828308
008,RF-DETRs,False,275.0,3,False,True,0.8945849537849426
008,RF-DETRs,False,275.0,4,False,True,0.868367612361908
008,RF-DETRs,False,275.0,5,False,True,0.8067770600318909
008,RF-DETRs,False,275.0,6,False,True,0.761445939540863
008,RF-DETRs,False,275.0,7,False,True,0.4649308919906616
008,RF-DETRs,False,275.0,8,False,True,0.4159747362136841
008,RF-DETRs,False,276.0,0,False,True,0.937533974647522
008,RF-DETRs,False,276.0,1,False,True,0.917466402053833
008,RF-DETRs,False,276.0,2,False,True,0.8997670412063599
008,RF-DETRs,False,276.0,3,False,True,0.8881922364234924
008,RF-DETRs,False,276.0,4,False,True,0.8739931583404541
008,RF-DETRs,False,276.0,5,False,True,0.840944230556488
008,RF-DETRs,False,276.0,6,False,True,0.8017986416816711
008,RF-DETRs,False,276.0,7,False,True,0.5445049405097961
008,RF-DETRs,False,276.0,8,False,True,0.44865259528160095
008,RF-DETRs,False,277.0,0,False,True,0.9351721405982971
008,RF-DETRs,False,277.0,1,False,True,0.9137762784957886
008,RF-DETRs,False,277.0,2,False,True,0.9016655683517456
008,RF-DETRs,False,277.0,3,False,True,0.8962489366531372
008,RF-DETRs,False,277.0,4,False,True,0.8871718049049377
008,RF-DETRs,False,277.0,5,False,True,0.8168113231658936
008,RF-DETRs,False,277.0,6,False,True,0.7630690932273865
008,RF-DETRs,False,277.0,7,False,True,0.5477674603462219
008,RF-DETRs,False,277.0,8,False,True,0.45127442479133606
008,RF-DETRs,False,278.0,0,False,True,0.9365956783294678
008,RF-DETRs,False,278.0,1,False,True,0.9222020506858826
008,RF-DETRs,False,278.0,2,False,True,0.9068611264228821
008,RF-DETRs,False,278.0,3,False,True,0.9004878401756287
008,RF-DETRs,False,278.0,4,False,True,0.8837570548057556
008,RF-DETRs,False,278.0,5,False,True,0.8407583236694336
008,RF-DETRs,False,278.0,6,False,True,0.7782009840011597
008,RF-DETRs,False,278.0,7,False,True,0.44549915194511414
008,RF-DETRs,False,278.0,8,False,True,0.44019535183906555
008,RF-DETRs,False,279.0,0,False,True,0.9354021549224854
008,RF-DETRs,False,279.0,1,False,True,0.9212428331375122
008,RF-DETRs,False,279.0,2,False,True,0.9012808799743652
008,RF-DETRs,False,279.0,3,False,True,0.8985686898231506
008,RF-DETRs,False,279.0,4,False,True,0.8962220549583435
008,RF-DETRs,False,279.0,5,False,True,0.8439757227897644
008,RF-DETRs,False,279.0,6,False,True,0.7674236297607422
008,RF-DETRs,False,279.0,7,False,True,0.482507586479187
008,RF-DETRs,False,279.0,8,False,True,0.4235907196998596
008,RF-DETRs,False,280.0,0,False,True,0.9338683485984802
008,RF-DETRs,False,280.0,1,False,True,0.9181714653968811
008,RF-DETRs,False,280.0,2,False,True,0.904760479927063
008,RF-DETRs,False,280.0,3,False,True,0.9005820751190186
008,RF-DETRs,False,280.0,4,False,True,0.896779477596283
008,RF-DETRs,False,280.0,5,False,True,0.831236720085144
008,RF-DETRs,False,280.0,6,False,True,0.7571618556976318
008,RF-DETRs,False,280.0,7,False,True,0.4803391695022583
008,RF-DETRs,False,280.0,8,False,True,0.4552731215953827
008,RF-DETRs,False,280.0,9,False,True,0.4296359419822693
008,RF-DETRs,False,281.0,0,False,True,0.9350365996360779
008,RF-DETRs,False,281.0,1,False,True,0.9183516502380371
008,RF-DETRs,False,281.0,2,False,True,0.9074695110321045
008,RF-DETRs,False,281.0,3,False,True,0.9014083743095398
008,RF-DETRs,False,281.0,4,False,True,0.8987423181533813
008,RF-DETRs,False,281.0,5,False,True,0.795349657535553
008,RF-DETRs,False,281.0,6,False,True,0.7009339332580566
008,RF-DETRs,False,281.0,7,False,True,0.49645668268203735
008,RF-DETRs,False,281.0,8,False,True,0.4607943594455719
008,RF-DETRs,False,281.0,9,False,True,0.40409955382347107
008,RF-DETRs,False,282.0,0,False,True,0.9356885552406311
008,RF-DETRs,False,282.0,1,False,True,0.9261953830718994
008,RF-DETRs,False,282.0,2,False,True,0.9090002775192261
008,RF-DETRs,False,282.0,3,False,True,0.9016860723495483
008,RF-DETRs,False,282.0,4,False,True,0.897890567779541
008,RF-DETRs,False,282.0,5,False,True,0.8079768419265747
008,RF-DETRs,False,282.0,6,False,True,0.726422131061554
008,RF-DETRs,False,282.0,7,False,True,0.48183608055114746
008,RF-DETRs,False,282.0,8,False,True,0.4427957832813263
008,RF-DETRs,False,282.0,9,False,True,0.4045720100402832
008,RF-DETRs,False,283.0,0,False,True,0.9352948665618896
008,RF-DETRs,False,283.0,1,False,True,0.9123604893684387
008,RF-DETRs,False,283.0,2,False,True,0.8997929692268372
008,RF-DETRs,False,283.0,3,False,True,0.8983255624771118
008,RF-DETRs,False,283.0,4,False,True,0.8921592831611633
008,RF-DETRs,False,283.0,5,False,True,0.8201928734779358
008,RF-DETRs,False,283.0,6,False,True,0.7310733795166016
008,RF-DETRs,False,283.0,7,False,True,0.5282690525054932
008,RF-DETRs,False,283.0,8,False,True,0.4872993230819702
008,RF-DETRs,False,283.0,9,False,True,0.4345700144767761
008,RF-DETRs,False,284.0,0,False,True,0.9338804483413696
008,RF-DETRs,False,284.0,1,False,True,0.9062600135803223
008,RF-DETRs,False,284.0,2,False,True,0.9014323949813843
008,RF-DETRs,False,284.0,3,False,True,0.9005982279777527
008,RF-DETRs,False,284.0,4,False,True,0.8957979083061218
008,RF-DETRs,False,284.0,5,False,True,0.7918950915336609
008,RF-DETRs,False,284.0,6,False,True,0.7245537042617798
008,RF-DETRs,False,284.0,7,False,True,0.47216540575027466
008,RF-DETRs,False,284.0,8,False,True,0.4540962278842926
008,RF-DETRs,False,285.0,0,False,True,0.9336472749710083
008,RF-DETRs,False,285.0,1,False,True,0.9013468623161316
008,RF-DETRs,False,285.0,2,False,True,0.9012952446937561
008,RF-DETRs,False,285.0,3,False,True,0.8920946717262268
008,RF-DETRs,False,285.0,4,False,True,0.8914811611175537
008,RF-DETRs,False,285.0,5,False,True,0.711315393447876
008,RF-DETRs,False,285.0,6,False,True,0.7083787322044373
008,RF-DETRs,False,285.0,7,False,True,0.47774210572242737
008,RF-DETRs,False,285.0,8,False,True,0.4416104555130005
008,RF-DETRs,False,286.0,0,False,True,0.9370648264884949
008,RF-DETRs,False,286.0,1,False,True,0.913073718547821
008,RF-DETRs,False,286.0,2,False,True,0.9012596011161804
008,RF-DETRs,False,286.0,3,False,True,0.8927317261695862
008,RF-DETRs,False,286.0,4,False,True,0.8923738598823547
008,RF-DETRs,False,286.0,5,False,True,0.7204194068908691
008,RF-DETRs,False,286.0,6,False,True,0.7183434963226318
008,RF-DETRs,False,286.0,7,False,True,0.49165254831314087
008,RF-DETRs,False,286.0,8,False,True,0.44216975569725037
008,RF-DETRs,False,286.0,9,False,True,0.41761690378189087
008,RF-DETRs,False,287.0,0,False,True,0.935961127281189
008,RF-DETRs,False,287.0,1,False,True,0.9221876263618469
008,RF-DETRs,False,287.0,2,False,True,0.9038951396942139
008,RF-DETRs,False,287.0,3,False,True,0.9026180505752563
008,RF-DETRs,False,287.0,4,True,True,0.9013002514839172
008,RF-DETRs,False,287.0,5,False,True,0.7984585762023926
008,RF-DETRs,False,287.0,6,False,True,0.7383875846862793
008,RF-DETRs,False,287.0,7,False,True,0.46442142128944397
008,RF-DETRs,False,287.0,8,False,True,0.42411908507347107
008,RF-DETRs,False,287.0,9,False,True,0.4130849838256836
008,RF-DETRs,False,288.0,0,False,True,0.9379214644432068
008,RF-DETRs,False,288.0,1,False,True,0.9222824573516846
008,RF-DETRs,False,288.0,2,True,True,0.9056058526039124
008,RF-DETRs,False,288.0,3,False,True,0.9039943218231201
008,RF-DETRs,False,288.0,4,True,True,0.9018348455429077
008,RF-DETRs,False,288.0,5,False,True,0.8114556074142456
008,RF-DETRs,False,288.0,6,False,True,0.7694025039672852
008,RF-DETRs,False,288.0,7,False,True,0.4811851382255554
008,RF-DETRs,False,288.0,8,False,True,0.4569172263145447
008,RF-DETRs,False,289.0,0,False,True,0.9387288689613342
008,RF-DETRs,False,289.0,1,False,True,0.9254977703094482
008,RF-DETRs,False,289.0,2,True,True,0.9018617868423462
008,RF-DETRs,False,289.0,3,False,True,0.9012680053710938
008,RF-DETRs,False,289.0,4,False,True,0.8996166586875916
008,RF-DETRs,False,289.0,5,False,True,0.8173476457595825
008,RF-DETRs,False,289.0,6,False,True,0.767636775970459
008,RF-DETRs,False,289.0,7,False,True,0.5447040796279907
008,RF-DETRs,False,289.0,8,False,True,0.4223788380622864
008,RF-DETRs,False,290.0,0,False,True,0.9350757002830505
008,RF-DETRs,False,290.0,1,False,True,0.9090193510055542
008,RF-DETRs,False,290.0,2,True,True,0.907630980014801
008,RF-DETRs,False,290.0,3,False,True,0.9037763476371765
008,RF-DETRs,False,290.0,4,False,True,0.8960562348365784
008,RF-DETRs,False,290.0,5,False,True,0.7864844799041748
008,RF-DETRs,False,290.0,6,False,True,0.7813752293586731
008,RF-DETRs,False,290.0,7,False,True,0.5833020210266113
008,RF-DETRs,False,290.0,8,False,True,0.4413958787918091
