epoch,time,train/box_loss,train/cls_loss,train/dfl_loss,metrics/precision(B),metrics/recall(B),metrics/mAP50(B),metrics/mAP50-95(B),val/box_loss,val/cls_loss,val/dfl_loss,lr/pg0,lr/pg1,lr/pg2
1,2471.86,3.09617,3.49424,3.62219,0.1614,0.13942,0.07534,0.01955,2.61408,5.02935,3.15363,0.000664564,0.000664564,0.000664564
2,4821.52,2.36135,2.7929,2.70699,0.23124,0.2476,0.1276,0.04596,2.28044,3.48483,2.80303,0.00131805,0.00131805,0.00131805
3,7291.27,2.10072,2.51164,2.38328,0.47983,0.29327,0.29233,0.13634,1.9728,2.94623,2.36835,0.00195834,0.00195834,0.00195834
4,9823.86,1.95557,2.3302,2.21445,0.48521,0.37981,0.37595,0.19433,1.7969,2.91643,2.12623,0.0019406,0.0019406,0.0019406
5,12861.3,1.84942,2.15806,2.09052,0.58001,0.44153,0.48356,0.2673,1.6499,2.46695,1.99517,0.0019208,0.0019208,0.0019208
6,17788.2,1.78963,2.0844,2.03089,0.52104,0.51923,0.48535,0.28712,1.5496,2.34386,1.94728,0.001901,0.001901,0.001901
